2026-10-06 01:05:50  launcher armed; window opens 2026-10-06 07:30 local
2026-10-06 07:30:20  window open
2026-10-06 07:30:20  START run_hardware_b5.py
BLOCK B5: sign-augmented primal QSVM on Dirac-3 (ULB)
  cells total      : 12
  already complete : 0
  CALL COUNT now   : 12
  EXPECTED SECONDS : ~15 s total for 12 fits (~1.2 s/fit); frozen grid section 10
  provenance       : MEASURED at ~1 s/fit on hardware per the F18 notes; the frozen grid states ~15 s for 12 fits
  conservative cap : 62.0 s (block cap 62.0 s)
  variables/fit    : 27 (13 features sign-augmented, plus bias)
  num_samples      : 1, relaxation schedule 2
  submission       : eqc_models QSVMClassifier
  spent on B5 so far: 0.0 s
  approved         : team lead 2026-10-05; window from 2026-10-06 07:30 local

  [1/12] stratified seed=42 ...
2026-10-06 07:30:29,562 root WARNING eqc-direct package not available
2026-10-06 07:30:29,814 root WARNING emucore-direct package not available
D:\Data\Harold\github\hsbc-quantum-fraud-2026\.venv\Lib\site-packages\eqc_models\base\results.py:172: UserWarning: Cannot evaluate objective value in results for <class 'eqc_models.ml.classifierqsvm.QSVMClassifier'>. Method not implemented.
  warnings.warn(f"Cannot evaluate objective value in results for {model.__class__}. Method not implemented.")
2026-10-06 07:30:54 - Dirac allocation balance = 1675 s
2026-10-06 07:30:54 - Job submitted: job_id='6ac4dbed358b23d0cb3719d5'
2026-10-06 07:30:54 - QUEUED
2026-10-06 07:30:57 - RUNNING
2026-10-06 07:31:20 - COMPLETED
2026-10-06 07:31:23 - Dirac allocation balance = 1674 s
SolutionResults(solutions=array([[0.000000e+00, 0.000000e+00, 0.000000e+00, 0.000000e+00,
        0.000000e+00, 0.000000e+00, 0.000000e+00, 0.000000e+00,
        0.000000e+00, 0.000000e+00, 0.000000e+00, 0.000000e+00,
        0.000000e+00, 0.000000e+00, 0.000000e+00, 0.000000e+00,
        0.000000e+00, 0.000000e+00, 0.000000e+00, 9.999454e-01,
        0.000000e+00, 0.000000e+00, 0.000000e+00, 0.000000e+00,
        5.460000e-05, 0.000000e+00, 0.000000e+00]]), energies=array([-136808.359375]), counts=array([1]), objectives=None, run_time=[704410613], preprocessing_time=95107518, postprocessing_time=[0], penalties=None, device='dirac-3_normalized_qudit', raw_solutions=None, time_units='ns', response={'job_info': {'job_id': '6ac4dbed358b23d0cb3719d5', 'job_submission': {'problem_config': {'normalized_qudit_hamiltonian_optimization': {'polynomial_file_id': '6ac4dbecd190799f598b1810'}}, 'device_config': {'dirac-3_normalized_qudit': {'num_samples': 1, 'relaxation_schedule': 2, 'sum_constraint': 1}}}, 'job_status': {'submitted_at_rfc3339nano': '2026-10-06T11:30:53.574Z', 'queued_at_rfc3339nano': '2026-10-06T11:30:53.575Z', 'running_at_rfc3339nano': '2026-10-06T11:30:54.133Z', 'completed_at_rfc3339nano': '2026-10-06T11:31:19.601Z'}, 'job_result': {'file_id': '6ac4dc07d190799f598b1812', 'device_usage_s': 1}}, 'status': 'COMPLETED', 'results': {'counts': [1], 'energies': [-136808.359375], 'solutions': [[0, 0, 0, 0, 0, 0, 0, 0, 0, 0, 0, 0, 0, 0, 0, 0, 0, 0, 0, 0.9999454, 0, 0, 0, 0, 5.46e-05, 0, 0]]}})
      ok  1.0 s  auprc=0.25762721633227553
  [2/12] stratified seed=43 ...
D:\Data\Harold\github\hsbc-quantum-fraud-2026\.venv\Lib\site-packages\eqc_models\base\results.py:172: UserWarning: Cannot evaluate objective value in results for <class 'eqc_models.ml.classifierqsvm.QSVMClassifier'>. Method not implemented.
  warnings.warn(f"Cannot evaluate objective value in results for {model.__class__}. Method not implemented.")
2026-10-06 07:32:45 - Dirac allocation balance = 1674 s
2026-10-06 07:32:45 - Job submitted: job_id='6ac4dc5c358b23d0cb3719d6'
2026-10-06 07:32:45 - QUEUED
2026-10-06 07:32:48 - COMPLETED
2026-10-06 07:32:50 - Dirac allocation balance = 1673 s
SolutionResults(solutions=array([[0.000000e+00, 0.000000e+00, 0.000000e+00, 0.000000e+00,
        0.000000e+00, 0.000000e+00, 1.000000e-07, 0.000000e+00,
        1.000000e-07, 0.000000e+00, 0.000000e+00, 0.000000e+00,
        0.000000e+00, 0.000000e+00, 0.000000e+00, 0.000000e+00,
        0.000000e+00, 0.000000e+00, 0.000000e+00, 0.000000e+00,
        9.999998e-01, 0.000000e+00, 0.000000e+00, 0.000000e+00,
        0.000000e+00, 0.000000e+00, 0.000000e+00]]), energies=array([-151260.109375]), counts=array([1]), objectives=None, run_time=[345285088], preprocessing_time=96729331, postprocessing_time=[0], penalties=None, device='dirac-3_normalized_qudit', raw_solutions=None, time_units='ns', response={'job_info': {'job_id': '6ac4dc5c358b23d0cb3719d6', 'job_submission': {'problem_config': {'normalized_qudit_hamiltonian_optimization': {'polynomial_file_id': '6ac4dc5bd190799f598b1814'}}, 'device_config': {'dirac-3_normalized_qudit': {'num_samples': 1, 'relaxation_schedule': 2, 'sum_constraint': 1}}}, 'job_status': {'submitted_at_rfc3339nano': '2026-10-06T11:32:44.835Z', 'queued_at_rfc3339nano': '2026-10-06T11:32:44.835Z', 'running_at_rfc3339nano': '2026-10-06T11:32:45.451Z', 'completed_at_rfc3339nano': '2026-10-06T11:32:47.299Z'}, 'job_result': {'file_id': '6ac4dc5fd190799f598b1816', 'device_usage_s': 1}}, 'status': 'COMPLETED', 'results': {'counts': [1], 'energies': [-151260.109375], 'solutions': [[0, 0, 0, 0, 0, 0, 1e-07, 0, 1e-07, 0, 0, 0, 0, 0, 0, 0, 0, 0, 0, 0, 0.9999998, 0, 0, 0, 0, 0, 0]]}})
      ok  1.0 s  auprc=0.23281119707512218
  [3/12] stratified seed=44 ...
D:\Data\Harold\github\hsbc-quantum-fraud-2026\.venv\Lib\site-packages\eqc_models\base\results.py:172: UserWarning: Cannot evaluate objective value in results for <class 'eqc_models.ml.classifierqsvm.QSVMClassifier'>. Method not implemented.
  warnings.warn(f"Cannot evaluate objective value in results for {model.__class__}. Method not implemented.")
2026-10-06 07:34:12 - Dirac allocation balance = 1673 s
2026-10-06 07:34:12 - Job submitted: job_id='6ac4dcb3358b23d0cb3719d7'
2026-10-06 07:34:12 - QUEUED
2026-10-06 07:34:14 - RUNNING
2026-10-06 07:34:17 - COMPLETED
2026-10-06 07:34:20 - Dirac allocation balance = 1671 s
SolutionResults(solutions=array([[0.000000e+00, 0.000000e+00, 0.000000e+00, 0.000000e+00,
        0.000000e+00, 0.000000e+00, 0.000000e+00, 0.000000e+00,
        0.000000e+00, 0.000000e+00, 0.000000e+00, 0.000000e+00,
        0.000000e+00, 0.000000e+00, 0.000000e+00, 0.000000e+00,
        0.000000e+00, 0.000000e+00, 0.000000e+00, 0.000000e+00,
        9.999996e-01, 0.000000e+00, 0.000000e+00, 0.000000e+00,
        4.000000e-07, 0.000000e+00, 0.000000e+00]]), energies=array([-151282.90625]), counts=array([1]), objectives=None, run_time=[1826434016], preprocessing_time=96712023, postprocessing_time=[0], penalties=None, device='dirac-3_normalized_qudit', raw_solutions=None, time_units='ns', response={'job_info': {'job_id': '6ac4dcb3358b23d0cb3719d7', 'job_submission': {'problem_config': {'normalized_qudit_hamiltonian_optimization': {'polynomial_file_id': '6ac4dcb2d190799f598b1818'}}, 'device_config': {'dirac-3_normalized_qudit': {'num_samples': 1, 'relaxation_schedule': 2, 'sum_constraint': 1}}}, 'job_status': {'submitted_at_rfc3339nano': '2026-10-06T11:34:11.357Z', 'queued_at_rfc3339nano': '2026-10-06T11:34:11.357Z', 'running_at_rfc3339nano': '2026-10-06T11:34:12.216Z', 'completed_at_rfc3339nano': '2026-10-06T11:34:15.143Z'}, 'job_result': {'file_id': '6ac4dcb7d190799f598b181a', 'device_usage_s': 2}}, 'status': 'COMPLETED', 'results': {'counts': [1], 'energies': [-151282.90625], 'solutions': [[0, 0, 0, 0, 0, 0, 0, 0, 0, 0, 0, 0, 0, 0, 0, 0, 0, 0, 0, 0, 0.9999996, 0, 0, 0, 4e-07, 0, 0]]}})
      ok  2.0 s  auprc=0.20788264400970333
  [4/12] stratified seed=45 ...
D:\Data\Harold\github\hsbc-quantum-fraud-2026\.venv\Lib\site-packages\eqc_models\base\results.py:172: UserWarning: Cannot evaluate objective value in results for <class 'eqc_models.ml.classifierqsvm.QSVMClassifier'>. Method not implemented.
  warnings.warn(f"Cannot evaluate objective value in results for {model.__class__}. Method not implemented.")
2026-10-06 07:35:39 - Dirac allocation balance = 1671 s
2026-10-06 07:35:39 - Job submitted: job_id='6ac4dd0a358b23d0cb3719d8'
2026-10-06 07:35:39 - QUEUED
2026-10-06 07:35:41 - COMPLETED
2026-10-06 07:35:44 - Dirac allocation balance = 1670 s
SolutionResults(solutions=array([[0.000000e+00, 0.000000e+00, 0.000000e+00, 0.000000e+00,
        0.000000e+00, 0.000000e+00, 0.000000e+00, 0.000000e+00,
        0.000000e+00, 0.000000e+00, 0.000000e+00, 0.000000e+00,
        0.000000e+00, 0.000000e+00, 0.000000e+00, 2.000000e-07,
        0.000000e+00, 0.000000e+00, 0.000000e+00, 0.000000e+00,
        9.999998e-01, 0.000000e+00, 0.000000e+00, 0.000000e+00,
        0.000000e+00, 0.000000e+00, 0.000000e+00]]), energies=array([-160201.703125]), counts=array([1]), objectives=None, run_time=[384127259], preprocessing_time=95297381, postprocessing_time=[0], penalties=None, device='dirac-3_normalized_qudit', raw_solutions=None, time_units='ns', response={'job_info': {'job_id': '6ac4dd0a358b23d0cb3719d8', 'job_submission': {'problem_config': {'normalized_qudit_hamiltonian_optimization': {'polynomial_file_id': '6ac4dd09d190799f598b181c'}}, 'device_config': {'dirac-3_normalized_qudit': {'num_samples': 1, 'relaxation_schedule': 2, 'sum_constraint': 1}}}, 'job_status': {'submitted_at_rfc3339nano': '2026-10-06T11:35:38.46Z', 'queued_at_rfc3339nano': '2026-10-06T11:35:38.461Z', 'running_at_rfc3339nano': '2026-10-06T11:35:39.022Z', 'completed_at_rfc3339nano': '2026-10-06T11:35:40.865Z'}, 'job_result': {'file_id': '6ac4dd0cd190799f598b181e', 'device_usage_s': 1}}, 'status': 'COMPLETED', 'results': {'counts': [1], 'energies': [-160201.703125], 'solutions': [[0, 0, 0, 0, 0, 0, 0, 0, 0, 0, 0, 0, 0, 0, 0, 2e-07, 0, 0, 0, 0, 0.9999998, 0, 0, 0, 0, 0, 0]]}})
      ok  1.0 s  auprc=0.19555541380155667
  [5/12] stratified seed=46 ...
D:\Data\Harold\github\hsbc-quantum-fraud-2026\.venv\Lib\site-packages\eqc_models\base\results.py:172: UserWarning: Cannot evaluate objective value in results for <class 'eqc_models.ml.classifierqsvm.QSVMClassifier'>. Method not implemented.
  warnings.warn(f"Cannot evaluate objective value in results for {model.__class__}. Method not implemented.")
2026-10-06 07:37:04 - Dirac allocation balance = 1670 s
2026-10-06 07:37:04 - Job submitted: job_id='6ac4dd5f358b23d0cb3719d9'
2026-10-06 07:37:04 - RUNNING
2026-10-06 07:37:07 - COMPLETED
2026-10-06 07:37:09 - Dirac allocation balance = 1669 s
SolutionResults(solutions=array([[0.000000e+00, 0.000000e+00, 0.000000e+00, 0.000000e+00,
        0.000000e+00, 0.000000e+00, 0.000000e+00, 0.000000e+00,
        0.000000e+00, 0.000000e+00, 0.000000e+00, 0.000000e+00,
        0.000000e+00, 1.000000e-07, 0.000000e+00, 0.000000e+00,
        0.000000e+00, 0.000000e+00, 0.000000e+00, 0.000000e+00,
        9.999987e-01, 0.000000e+00, 0.000000e+00, 0.000000e+00,
        1.200000e-06, 0.000000e+00, 0.000000e+00]]), energies=array([-151279.96875]), counts=array([1]), objectives=None, run_time=[352942854], preprocessing_time=95267855, postprocessing_time=[0], penalties=None, device='dirac-3_normalized_qudit', raw_solutions=None, time_units='ns', response={'job_info': {'job_id': '6ac4dd5f358b23d0cb3719d9', 'job_submission': {'problem_config': {'normalized_qudit_hamiltonian_optimization': {'polynomial_file_id': '6ac4dd5ed190799f598b1820'}}, 'device_config': {'dirac-3_normalized_qudit': {'num_samples': 1, 'relaxation_schedule': 2, 'sum_constraint': 1}}}, 'job_status': {'submitted_at_rfc3339nano': '2026-10-06T11:37:03.579Z', 'queued_at_rfc3339nano': '2026-10-06T11:37:03.579Z', 'running_at_rfc3339nano': '2026-10-06T11:37:03.664Z', 'completed_at_rfc3339nano': '2026-10-06T11:37:05.591Z'}, 'job_result': {'file_id': '6ac4dd61d190799f598b1822', 'device_usage_s': 1}}, 'status': 'COMPLETED', 'results': {'counts': [1], 'energies': [-151279.96875], 'solutions': [[0, 0, 0, 0, 0, 0, 0, 0, 0, 0, 0, 0, 0, 1e-07, 0, 0, 0, 0, 0, 0, 0.9999987, 0, 0, 0, 1.2e-06, 0, 0]]}})
      ok  1.0 s  auprc=0.24537790330370152
  [6/12] stratified seed=47 ...
D:\Data\Harold\github\hsbc-quantum-fraud-2026\.venv\Lib\site-packages\eqc_models\base\results.py:172: UserWarning: Cannot evaluate objective value in results for <class 'eqc_models.ml.classifierqsvm.QSVMClassifier'>. Method not implemented.
  warnings.warn(f"Cannot evaluate objective value in results for {model.__class__}. Method not implemented.")
2026-10-06 07:38:30 - Dirac allocation balance = 1669 s
2026-10-06 07:38:30 - Job submitted: job_id='6ac4ddb5358b23d0cb3719da'
2026-10-06 07:38:30 - QUEUED
2026-10-06 07:38:33 - COMPLETED
2026-10-06 07:38:36 - Dirac allocation balance = 1668 s
SolutionResults(solutions=array([[0.000000e+00, 0.000000e+00, 0.000000e+00, 0.000000e+00,
        0.000000e+00, 0.000000e+00, 1.400000e-06, 0.000000e+00,
        0.000000e+00, 0.000000e+00, 0.000000e+00, 0.000000e+00,
        0.000000e+00, 0.000000e+00, 0.000000e+00, 0.000000e+00,
        0.000000e+00, 0.000000e+00, 0.000000e+00, 0.000000e+00,
        9.999983e-01, 0.000000e+00, 0.000000e+00, 0.000000e+00,
        3.000000e-07, 0.000000e+00, 0.000000e+00]]), energies=array([-136771.921875]), counts=array([1]), objectives=None, run_time=[431291133], preprocessing_time=95235161, postprocessing_time=[0], penalties=None, device='dirac-3_normalized_qudit', raw_solutions=None, time_units='ns', response={'job_info': {'job_id': '6ac4ddb5358b23d0cb3719da', 'job_submission': {'problem_config': {'normalized_qudit_hamiltonian_optimization': {'polynomial_file_id': '6ac4ddb4d190799f598b1824'}}, 'device_config': {'dirac-3_normalized_qudit': {'num_samples': 1, 'relaxation_schedule': 2, 'sum_constraint': 1}}}, 'job_status': {'submitted_at_rfc3339nano': '2026-10-06T11:38:29.945Z', 'queued_at_rfc3339nano': '2026-10-06T11:38:29.946Z', 'running_at_rfc3339nano': '2026-10-06T11:38:30.435Z', 'completed_at_rfc3339nano': '2026-10-06T11:38:32.277Z'}, 'job_result': {'file_id': '6ac4ddb8d190799f598b1826', 'device_usage_s': 1}}, 'status': 'COMPLETED', 'results': {'counts': [1], 'energies': [-136771.921875], 'solutions': [[0, 0, 0, 0, 0, 0, 1.4e-06, 0, 0, 0, 0, 0, 0, 0, 0, 0, 0, 0, 0, 0, 0.9999983, 0, 0, 0, 3e-07, 0, 0]]}})
      ok  1.0 s  auprc=0.23793971381028992
  [7/12] stratified seed=48 ...
D:\Data\Harold\github\hsbc-quantum-fraud-2026\.venv\Lib\site-packages\eqc_models\base\results.py:172: UserWarning: Cannot evaluate objective value in results for <class 'eqc_models.ml.classifierqsvm.QSVMClassifier'>. Method not implemented.
  warnings.warn(f"Cannot evaluate objective value in results for {model.__class__}. Method not implemented.")
2026-10-06 07:39:55 - Dirac allocation balance = 1668 s
2026-10-06 07:39:56 - Job submitted: job_id='6ac4de0b358b23d0cb3719db'
2026-10-06 07:39:56 - QUEUED
2026-10-06 07:39:58 - RUNNING
2026-10-06 07:40:01 - COMPLETED
2026-10-06 07:40:04 - Dirac allocation balance = 1667 s
SolutionResults(solutions=array([[0.000000e+00, 0.000000e+00, 0.000000e+00, 0.000000e+00,
        0.000000e+00, 0.000000e+00, 0.000000e+00, 0.000000e+00,
        0.000000e+00, 0.000000e+00, 4.000000e-07, 0.000000e+00,
        0.000000e+00, 0.000000e+00, 0.000000e+00, 0.000000e+00,
        0.000000e+00, 0.000000e+00, 0.000000e+00, 0.000000e+00,
        9.999989e-01, 0.000000e+00, 0.000000e+00, 0.000000e+00,
        0.000000e+00, 7.000000e-07, 0.000000e+00]]), energies=array([-164680.078125]), counts=array([1]), objectives=None, run_time=[492368758], preprocessing_time=95278777, postprocessing_time=[0], penalties=None, device='dirac-3_normalized_qudit', raw_solutions=None, time_units='ns', response={'job_info': {'job_id': '6ac4de0b358b23d0cb3719db', 'job_submission': {'problem_config': {'normalized_qudit_hamiltonian_optimization': {'polynomial_file_id': '6ac4de0ad190799f598b1828'}}, 'device_config': {'dirac-3_normalized_qudit': {'num_samples': 1, 'relaxation_schedule': 2, 'sum_constraint': 1}}}, 'job_status': {'submitted_at_rfc3339nano': '2026-10-06T11:39:55.247Z', 'queued_at_rfc3339nano': '2026-10-06T11:39:55.247Z', 'running_at_rfc3339nano': '2026-10-06T11:39:56.198Z', 'completed_at_rfc3339nano': '2026-10-06T11:39:58.145Z'}, 'job_result': {'file_id': '6ac4de0ed190799f598b182a', 'device_usage_s': 1}}, 'status': 'COMPLETED', 'results': {'counts': [1], 'energies': [-164680.078125], 'solutions': [[0, 0, 0, 0, 0, 0, 0, 0, 0, 0, 4e-07, 0, 0, 0, 0, 0, 0, 0, 0, 0, 0.9999989, 0, 0, 0, 0, 7e-07, 0]]}})
      ok  1.0 s  auprc=0.19001070175177637
  [8/12] stratified seed=49 ...
D:\Data\Harold\github\hsbc-quantum-fraud-2026\.venv\Lib\site-packages\eqc_models\base\results.py:172: UserWarning: Cannot evaluate objective value in results for <class 'eqc_models.ml.classifierqsvm.QSVMClassifier'>. Method not implemented.
  warnings.warn(f"Cannot evaluate objective value in results for {model.__class__}. Method not implemented.")
2026-10-06 07:41:23 - Dirac allocation balance = 1667 s
2026-10-06 07:41:24 - Job submitted: job_id='6ac4de63358b23d0cb3719dc'
2026-10-06 07:41:24 - QUEUED
2026-10-06 07:41:26 - COMPLETED
2026-10-06 07:41:29 - Dirac allocation balance = 1666 s
SolutionResults(solutions=array([[0.000000e+00, 0.000000e+00, 0.000000e+00, 0.000000e+00,
        0.000000e+00, 0.000000e+00, 0.000000e+00, 0.000000e+00,
        0.000000e+00, 0.000000e+00, 0.000000e+00, 0.000000e+00,
        0.000000e+00, 0.000000e+00, 0.000000e+00, 0.000000e+00,
        0.000000e+00, 0.000000e+00, 0.000000e+00, 9.999999e-01,
        0.000000e+00, 0.000000e+00, 0.000000e+00, 0.000000e+00,
        1.000000e-07, 0.000000e+00, 0.000000e+00]]), energies=array([-151241.984375]), counts=array([1]), objectives=None, run_time=[594758928], preprocessing_time=95166683, postprocessing_time=[0], penalties=None, device='dirac-3_normalized_qudit', raw_solutions=None, time_units='ns', response={'job_info': {'job_id': '6ac4de63358b23d0cb3719dc', 'job_submission': {'problem_config': {'normalized_qudit_hamiltonian_optimization': {'polynomial_file_id': '6ac4de61d190799f598b182c'}}, 'device_config': {'dirac-3_normalized_qudit': {'num_samples': 1, 'relaxation_schedule': 2, 'sum_constraint': 1}}}, 'job_status': {'submitted_at_rfc3339nano': '2026-10-06T11:41:23.22Z', 'queued_at_rfc3339nano': '2026-10-06T11:41:23.221Z', 'running_at_rfc3339nano': '2026-10-06T11:41:23.993Z', 'completed_at_rfc3339nano': '2026-10-06T11:41:25.839Z'}, 'job_result': {'file_id': '6ac4de65d190799f598b182e', 'device_usage_s': 1}}, 'status': 'COMPLETED', 'results': {'counts': [1], 'energies': [-151241.984375], 'solutions': [[0, 0, 0, 0, 0, 0, 0, 0, 0, 0, 0, 0, 0, 0, 0, 0, 0, 0, 0, 0.9999999, 0, 0, 0, 0, 1e-07, 0, 0]]}})
      ok  1.0 s  auprc=0.2601700339887054
  [9/12] stratified seed=50 ...
D:\Data\Harold\github\hsbc-quantum-fraud-2026\.venv\Lib\site-packages\eqc_models\base\results.py:172: UserWarning: Cannot evaluate objective value in results for <class 'eqc_models.ml.classifierqsvm.QSVMClassifier'>. Method not implemented.
  warnings.warn(f"Cannot evaluate objective value in results for {model.__class__}. Method not implemented.")
2026-10-06 07:42:49 - Dirac allocation balance = 1666 s
2026-10-06 07:42:49 - Job submitted: job_id='6ac4deb8358b23d0cb3719dd'
2026-10-06 07:42:49 - QUEUED
2026-10-06 07:42:52 - RUNNING
2026-10-06 07:42:54 - COMPLETED
2026-10-06 07:42:57 - Dirac allocation balance = 1665 s
SolutionResults(solutions=array([[0.000000e+00, 0.000000e+00, 0.000000e+00, 0.000000e+00,
        0.000000e+00, 0.000000e+00, 0.000000e+00, 1.000000e-07,
        0.000000e+00, 0.000000e+00, 0.000000e+00, 0.000000e+00,
        2.000000e-07, 1.000000e-07, 0.000000e+00, 0.000000e+00,
        0.000000e+00, 0.000000e+00, 0.000000e+00, 9.999989e-01,
        0.000000e+00, 0.000000e+00, 0.000000e+00, 0.000000e+00,
        8.000000e-07, 0.000000e+00, 0.000000e+00]]), energies=array([-164675.03125]), counts=array([1]), objectives=None, run_time=[355761349], preprocessing_time=95279761, postprocessing_time=[0], penalties=None, device='dirac-3_normalized_qudit', raw_solutions=None, time_units='ns', response={'job_info': {'job_id': '6ac4deb8358b23d0cb3719dd', 'job_submission': {'problem_config': {'normalized_qudit_hamiltonian_optimization': {'polynomial_file_id': '6ac4deb7d190799f598b1830'}}, 'device_config': {'dirac-3_normalized_qudit': {'num_samples': 1, 'relaxation_schedule': 2, 'sum_constraint': 1}}}, 'job_status': {'submitted_at_rfc3339nano': '2026-10-06T11:42:48.781Z', 'queued_at_rfc3339nano': '2026-10-06T11:42:48.782Z', 'running_at_rfc3339nano': '2026-10-06T11:42:49.69Z', 'completed_at_rfc3339nano': '2026-10-06T11:42:51.534Z'}, 'job_result': {'file_id': '6ac4debbd190799f598b1832', 'device_usage_s': 1}}, 'status': 'COMPLETED', 'results': {'counts': [1], 'energies': [-164675.03125], 'solutions': [[0, 0, 0, 0, 0, 0, 0, 1e-07, 0, 0, 0, 0, 2e-07, 1e-07, 0, 0, 0, 0, 0, 0.9999989, 0, 0, 0, 0, 8e-07, 0, 0]]}})
      ok  1.0 s  auprc=0.21674783910196244
  [10/12] stratified seed=51 ...
D:\Data\Harold\github\hsbc-quantum-fraud-2026\.venv\Lib\site-packages\eqc_models\base\results.py:172: UserWarning: Cannot evaluate objective value in results for <class 'eqc_models.ml.classifierqsvm.QSVMClassifier'>. Method not implemented.
  warnings.warn(f"Cannot evaluate objective value in results for {model.__class__}. Method not implemented.")
2026-10-06 07:44:17 - Dirac allocation balance = 1665 s
2026-10-06 07:44:17 - Job submitted: job_id='6ac4df10358b23d0cb3719de'
2026-10-06 07:44:17 - QUEUED
2026-10-06 07:44:20 - COMPLETED
2026-10-06 07:44:22 - Dirac allocation balance = 1664 s
SolutionResults(solutions=array([[0.000000e+00, 0.000000e+00, 0.000000e+00, 0.000000e+00,
        0.000000e+00, 0.000000e+00, 0.000000e+00, 0.000000e+00,
        0.000000e+00, 0.000000e+00, 0.000000e+00, 0.000000e+00,
        0.000000e+00, 0.000000e+00, 0.000000e+00, 6.000000e-07,
        0.000000e+00, 0.000000e+00, 0.000000e+00, 0.000000e+00,
        9.999994e-01, 0.000000e+00, 0.000000e+00, 0.000000e+00,
        0.000000e+00, 0.000000e+00, 0.000000e+00]]), energies=array([-164880.1875]), counts=array([1]), objectives=None, run_time=[365235329], preprocessing_time=95331982, postprocessing_time=[0], penalties=None, device='dirac-3_normalized_qudit', raw_solutions=None, time_units='ns', response={'job_info': {'job_id': '6ac4df10358b23d0cb3719de', 'job_submission': {'problem_config': {'normalized_qudit_hamiltonian_optimization': {'polynomial_file_id': '6ac4df0fd190799f598b1834'}}, 'device_config': {'dirac-3_normalized_qudit': {'num_samples': 1, 'relaxation_schedule': 2, 'sum_constraint': 1}}}, 'job_status': {'submitted_at_rfc3339nano': '2026-10-06T11:44:16.833Z', 'queued_at_rfc3339nano': '2026-10-06T11:44:16.834Z', 'running_at_rfc3339nano': '2026-10-06T11:44:17.403Z', 'completed_at_rfc3339nano': '2026-10-06T11:44:19.251Z'}, 'job_result': {'file_id': '6ac4df13d190799f598b1836', 'device_usage_s': 1}}, 'status': 'COMPLETED', 'results': {'counts': [1], 'energies': [-164880.1875], 'solutions': [[0, 0, 0, 0, 0, 0, 0, 0, 0, 0, 0, 0, 0, 0, 0, 6e-07, 0, 0, 0, 0, 0.9999994, 0, 0, 0, 0, 0, 0]]}})
      ok  1.0 s  auprc=0.16886920090755425
  [11/12] temporal seed=None ...
D:\Data\Harold\github\hsbc-quantum-fraud-2026\.venv\Lib\site-packages\eqc_models\base\results.py:172: UserWarning: Cannot evaluate objective value in results for <class 'eqc_models.ml.classifierqsvm.QSVMClassifier'>. Method not implemented.
  warnings.warn(f"Cannot evaluate objective value in results for {model.__class__}. Method not implemented.")
2026-10-06 07:45:46 - Dirac allocation balance = 1664 s
2026-10-06 07:45:46 - Job submitted: job_id='6ac4df69358b23d0cb3719df'
2026-10-06 07:45:46 - QUEUED
2026-10-06 07:45:49 - COMPLETED
2026-10-06 07:45:52 - Dirac allocation balance = 1663 s
SolutionResults(solutions=array([[0.000000e+00, 0.000000e+00, 0.000000e+00, 0.000000e+00,
        0.000000e+00, 0.000000e+00, 0.000000e+00, 0.000000e+00,
        0.000000e+00, 0.000000e+00, 0.000000e+00, 0.000000e+00,
        0.000000e+00, 0.000000e+00, 0.000000e+00, 0.000000e+00,
        0.000000e+00, 0.000000e+00, 0.000000e+00, 0.000000e+00,
        9.999991e-01, 0.000000e+00, 0.000000e+00, 0.000000e+00,
        9.000000e-07, 0.000000e+00, 0.000000e+00]]), energies=array([-162240.03125]), counts=array([1]), objectives=None, run_time=[877187014], preprocessing_time=96724764, postprocessing_time=[0], penalties=None, device='dirac-3_normalized_qudit', raw_solutions=None, time_units='ns', response={'job_info': {'job_id': '6ac4df69358b23d0cb3719df', 'job_submission': {'problem_config': {'normalized_qudit_hamiltonian_optimization': {'polynomial_file_id': '6ac4df68d190799f598b1838'}}, 'device_config': {'dirac-3_normalized_qudit': {'num_samples': 1, 'relaxation_schedule': 2, 'sum_constraint': 1}}}, 'job_status': {'submitted_at_rfc3339nano': '2026-10-06T11:45:45.889Z', 'queued_at_rfc3339nano': '2026-10-06T11:45:45.89Z', 'running_at_rfc3339nano': '2026-10-06T11:45:46.109Z', 'completed_at_rfc3339nano': '2026-10-06T11:45:47.956Z'}, 'job_result': {'file_id': '6ac4df6bd190799f598b183a', 'device_usage_s': 1}}, 'status': 'COMPLETED', 'results': {'counts': [1], 'energies': [-162240.03125], 'solutions': [[0, 0, 0, 0, 0, 0, 0, 0, 0, 0, 0, 0, 0, 0, 0, 0, 0, 0, 0, 0, 0.9999991, 0, 0, 0, 9e-07, 0, 0]]}})
      ok  1.0 s  auprc=0.06832834620153726
  [12/12] stratified_repeat seed=42 ...
D:\Data\Harold\github\hsbc-quantum-fraud-2026\.venv\Lib\site-packages\eqc_models\base\results.py:172: UserWarning: Cannot evaluate objective value in results for <class 'eqc_models.ml.classifierqsvm.QSVMClassifier'>. Method not implemented.
  warnings.warn(f"Cannot evaluate objective value in results for {model.__class__}. Method not implemented.")
2026-10-06 07:47:11 - Dirac allocation balance = 1663 s
2026-10-06 07:47:11 - Job submitted: job_id='6ac4dfbe358b23d0cb3719e0'
2026-10-06 07:47:11 - QUEUED
2026-10-06 07:47:14 - COMPLETED
2026-10-06 07:47:16 - Dirac allocation balance = 1662 s
SolutionResults(solutions=array([[0.000000e+00, 0.000000e+00, 0.000000e+00, 0.000000e+00,
        0.000000e+00, 0.000000e+00, 0.000000e+00, 0.000000e+00,
        0.000000e+00, 0.000000e+00, 0.000000e+00, 0.000000e+00,
        0.000000e+00, 0.000000e+00, 0.000000e+00, 0.000000e+00,
        0.000000e+00, 0.000000e+00, 0.000000e+00, 9.993568e-01,
        0.000000e+00, 0.000000e+00, 0.000000e+00, 0.000000e+00,
        6.432000e-04, 0.000000e+00, 0.000000e+00]]), energies=array([-136807.3125]), counts=array([1]), objectives=None, run_time=[407496214], preprocessing_time=95280603, postprocessing_time=[0], penalties=None, device='dirac-3_normalized_qudit', raw_solutions=None, time_units='ns', response={'job_info': {'job_id': '6ac4dfbe358b23d0cb3719e0', 'job_submission': {'problem_config': {'normalized_qudit_hamiltonian_optimization': {'polynomial_file_id': '6ac4dfbdd190799f598b183c'}}, 'device_config': {'dirac-3_normalized_qudit': {'num_samples': 1, 'relaxation_schedule': 2, 'sum_constraint': 1}}}, 'job_status': {'submitted_at_rfc3339nano': '2026-10-06T11:47:10.57Z', 'queued_at_rfc3339nano': '2026-10-06T11:47:10.57Z', 'running_at_rfc3339nano': '2026-10-06T11:47:10.716Z', 'completed_at_rfc3339nano': '2026-10-06T11:47:12.632Z'}, 'job_result': {'file_id': '6ac4dfc0d190799f598b183e', 'device_usage_s': 1}}, 'status': 'COMPLETED', 'results': {'counts': [1], 'energies': [-136807.3125], 'solutions': [[0, 0, 0, 0, 0, 0, 0, 0, 0, 0, 0, 0, 0, 0, 0, 0, 0, 0, 0, 0.9993568, 0, 0, 0, 0, 0.0006432, 0, 0]]}})
      ok  1.0 s  auprc=0.25762188907370703

B5 done: 12 fits, 0 failed, 13.0 metered seconds.
2026-10-06 07:48:11  END run_hardware_b5.py exit=0
2026-10-06 07:48:11  START run_hardware_b4.py
BLOCK B4: SPECTRA in-segment replication on Dirac-3
  computing cell feasibility from the data ...
  cells in the frozen grid : 15
  FEASIBLE (control drawable): 10
  unscoreable (reported)   : 5  ['energy_steel']
  already complete         : 0
  CALL COUNT now           : 10
  EXPECTED SECONDS         : 250-680 s for 10 fits: ~676 s at B2's measured 82.4 s/fit at 833 vars, ~250 s at HARDWARE_REQUEST_B4 line 43's 26-34 s/fit for 560-816 vars. The two anchors disagree by 2.4x and both are described as measured
  provenance               : CONTESTED, band quoted; B5 lands a fresh measurement first
  submission               : eqc_models QBoostClassifier, as B2/B3
  block cap                : 760.0 s
  spent on B4 so far      : 0.0 s
  approved                 : team lead 2026-10-05; window from 2026-10-06 07:30 local

    unscoreable: energy_steel seed 42 -- a rate-matched control cannot be drawn from the complement: 927 positives needed, 855 av
    unscoreable: energy_steel seed 43 -- a rate-matched control cannot be drawn from the complement: 950 positives needed, 832 av
    unscoreable: energy_steel seed 44 -- a rate-matched control cannot be drawn from the complement: 918 positives needed, 864 av
    unscoreable: energy_steel seed 45 -- a rate-matched control cannot be drawn from the complement: 946 positives needed, 836 av
    unscoreable: energy_steel seed 46 -- a rate-matched control cannot be drawn from the complement: 949 positives needed, 833 av

  [1/10] telecom_churn seed=42 ...
2026-10-06 07:48:16,650 root WARNING eqc-direct package not available
2026-10-06 07:48:16,749 root WARNING emucore-direct package not available
D:\Data\Harold\github\hsbc-quantum-fraud-2026\.venv\Lib\site-packages\eqc_models\base\results.py:172: UserWarning: Cannot evaluate objective value in results for <class 'eqc_models.ml.classifierqboost.QBoostClassifier'>. Method not implemented.
  warnings.warn(f"Cannot evaluate objective value in results for {model.__class__}. Method not implemented.")
Runtime of _build_weak_classifiers_sq: 2.70 seconds!
Built 816 weak classifiers!
Runtime of get_hamiltonian: 3.03 seconds!
2026-10-06 07:48:29 - Dirac allocation balance = 1662 s
2026-10-06 07:48:29 - Job submitted: job_id='6ac4e00c358b23d0cb3719e1'
2026-10-06 07:48:29 - QUEUED
2026-10-06 07:48:32 - RUNNING
2026-10-06 07:50:11 - COMPLETED
2026-10-06 07:50:13 - Dirac allocation balance = 1574 s
SolutionResults(solutions=array([[0.       , 0.       , 0.       , ..., 0.0024652, 0.0021156,
        0.0019919],
       [0.       , 0.       , 0.       , ..., 0.       , 0.002148 ,
        0.0020004],
       [0.       , 0.       , 0.       , ..., 0.0027484, 0.0024641,
        0.       ],
       ...,
       [0.       , 0.       , 0.       , ..., 0.       , 0.0025649,
        0.       ],
       [0.       , 0.       , 0.       , ..., 0.002434 , 0.0032747,
        0.0032144],
       [0.       , 0.       , 0.       , ..., 0.       , 0.0023043,
        0.0022231]]), energies=array([-1880.8498535, -1880.4030762, -1880.3408203, -1880.1708984,
       -1880.1622314, -1879.9868164, -1879.9573975, -1879.9309082]), counts=array([1, 1, 1, 1, 1, 1, 1, 1]), objectives=None, run_time=[14776549339, 8935002327, 12201527596, 10429628372, 8219425201, 8462338448, 11103751183, 13417119026], preprocessing_time=4542243004, postprocessing_time=[0, 0, 0, 0, 0, 0, 0, 0], penalties=None, device='dirac-3_normalized_qudit', raw_solutions=None, time_units='ns', response={'job_info': {'job_id': '6ac4e00c358b23d0cb3719e1', 'job_submission': {'problem_config': {'normalized_qudit_hamiltonian_optimization': {'polynomial_file_id': '6ac4e007d190799f598b1840'}}, 'device_config': {'dirac-3_normalized_qudit': {'num_samples': 8, 'relaxation_schedule': 2, 'sum_constraint': 1}}}, 'job_status': {'submitted_at_rfc3339nano': '2026-10-06T11:48:28.551Z', 'queued_at_rfc3339nano': '2026-10-06T11:48:28.552Z', 'running_at_rfc3339nano': '2026-10-06T11:48:29.375Z', 'completed_at_rfc3339nano': '2026-10-06T11:50:09.566Z'}, 'job_result': {'file_id': '6ac4e071d190799f598b1863', 'device_usage_s': 88}}, 'status': 'COMPLETED', 'results': {'counts': [1, 1, 1, 1, 1, 1, 1, 1], 'energies': [-1880.8498535, -1880.4030762, -1880.3408203, -1880.1708984, -1880.1622314, -1879.9868164, -1879.9573975, -1879.9309082], 'solutions': [[0, 0, 0, 0, 5.3e-06, 0, 0, 0, 0, 0, 0, 0.0002227, 0, 0.001495, 0.0023461, 0.0019989, 0.0017421, 0, 0.0030084, 0.0031206, 0, 0, 6e-07, 0.0019743, 0, 0, 0.0037358, 0.0006307, 0.0020128, 0, 0, 0.0008599, 0, 0.0018074, 0, 0, 0.0002469, 0, 0, 0, 0.0027656, 0.002718, 0, 0.0007244, 0.0008441, 0, 0, 0.001221, 0, 0, 0.0021183, 0.0022125, 0, 0, 0, 0.0025462, 0, 0.000418, 0, 0, 0.0044206, 0, 0, 0, 0, 0.0023355, 0.0020979, 0, 0, 0.0007153, 0, 0, 0, 0, 0.0025682, 0.0023695, 0.0020515, 0, 0.001915, 0.0016562, 0, 0.0023431, 0.0018686, 0, 0, 0.0036705, 0, 0, 0.0012941, 0.0006858, 0.0005221, 0, 0.0016899, 0.0017913, 0, 0.0001503, 0.0006466, 0.0038609, 0, 0.0021729, 0.0018627, 0.0016628, 0, 0.0005158, 0.0020889, 0.0029465, 0.0023322, 0.0019949, 0.0018779, 4.36e-05, 0.0022863, 0, 0, 0.0005459, 0.0022632, 0.0025674, 0.0024807, 1.47e-05, 0, 0, 0.0028842, 0.0030826, 0.0025568, 0.0024578, 0.0026515, 0.0023556, 0.0020518, 0.001816, 0, 0.0020186, 0, 0, 0.0024623, 0.0026144, 0, 0.0003598, 0, 0, 0.000968, 0.0005782, 0.0003088, 0, 0, 0, 0, 0.0008036, 0.0024098, 0.002193, 0.0018088, 0.0019346, 0.0018384, 0, 0, 0.0005875, 0, 0.0002363, 0, 0, 0, 0.0004992, 0, 0, 0.0029704, 0.0031427, 0, 0.0004221, 0, 0, 0, 0, 0, 0, 0.0007428, 0.0028051, 0.0027697, 0.0026452, 0, 0, 0, 0.0003608, 0.0003092, 0, 0.0003203, 0, 0, 0.0018904, 0.0021578, 0.0021036, 0.0024391, 0.0024169, 0, 0.0002796, 0.0003263, 0, 0.0004597, 0.0005229, 0.0023309, 0, 0.0027225, 0.0028448, 0.0026164, 0, 0, 0, 0.0004085, 0.0007497, 0.0033263, 0.0025486, 0.001995, 0.0019123, 0.0008121, 0.0001584, 0, 2.69e-05, 0, 0.0024164, 0.0022368, 0.0017164, 0, 0, 0, 0, 0.0010382, 0, 0.0027001, 0, 0.0025001, 0.0025188, 0, 0.0005672, 0.0023652, 0.0019474, 0.0023826, 0.0021406, 0.0009721, 0.001052, 0.0032618, 0.002455, 0.0020343, 0.0020536, 0.002146, 0.0028898, 0.0026329, 0.0017669, 0.0012443, 0, 0.0021753, 0.0020778, 0.0026793, 0.0028732, 0.0025274, 0.0021389, 0, 0.0008706, 0.0024016, 0.0019703, 0, 0.0004703, 0.0004759, 0.0002285, 0.0001617, 0, 0, 0, 0.0011443, 0.002581, 0.0021717, 0.0018997, 0, 0.001803, 0, 0, 0, 0, 0, 0, 0, 0.0005107, 0.0020243, 0.0024578, 0, 0, 0.0023827, 0.0008105, 0, 0.0006961, 0.0005302, 0.0003226, 0, 0.0010019, 0, 0.0027446, 0.0018495, 0.002489, 0.0027317, 0, 0.0005865, 6.82e-05, 0, 2.8e-06, 0.00071, 0.0020433, 0.0024279, 0.002574, 0.0022664, 0.002279, 0.000604, 0, 0, 0, 0.000983, 0, 0, 0.0028269, 0.0024746, 0.0013164, 0, 0, 0, 0, 0.0020013, 0.0023706, 0.002444, 0.0018227, 0.0016403, 0, 0, 0, 0, 0.0029491, 0.0023393, 0.0021946, 0.0020381, 0, 0.0008005, 0.0023637, 0.0023281, 0.0024767, 0.0026884, 0.002437, 0.0007178, 0, 0.0033944, 0.0032663, 0.0031789, 0.001783, 0.0010861, 0, 0.0017745, 0.0017044, 0, 0.002414, 0.0023167, 0.0017023, 0.0023542, 0.0021307, 0.0020673, 0.0021861, 0.0025056, 0.0024564, 0.0019395, 0, 0.0003389, 0.0003109, 0.0003991, 0, 0, 0, 0, 0.0012485, 0, 0.002315, 0.0023527, 0.0022228, 0, 0.0009972, 0.0005873, 0.0008098, 0.0005008, 0, 0, 0.0019179, 0.0019986, 0.0017085, 0.0014558, 0, 0, 0.0008549, 0.0009659, 0.000473, 0.0010377, 0.0013079, 0.0024668, 0.0022658, 0.0021621, 0.0018951, 0.0014579, 0, 0, 0, 0.0005529, 0.000964, 0.0028529, 0.0031973, 0, 0.0022267, 0.0022059, 0, 0, 0.0006255, 0.0012138, 0.0023325, 0.001742, 0, 0, 0.0015453, 0, 0, 0.001706, 0.0032225, 0, 0.0024664, 0.0025504, 0, 0, 0.0012865, 0.0032096, 0.0030505, 0.0024888, 0.0022397, 0, 0.001295, 0.0019756, 0, 0.0016865, 0, 0.0028169, 0.0022346, 0.0025801, 0.0032652, 0.0026712, 0.0021939, 0, 0.0020254, 0.0024282, 0.0023668, 0.0022794, 0.0011526, 0.0017181, 0.0027143, 0.0026857, 0.0019502, 0.0004597, 0.000421, 0.0004067, 0.0003769, 0, 0.0008279, 0, 0, 0.0016013, 0.0025413, 0.0026097, 0.0025187, 0.0005821, 9.19e-05, 2.7e-06, 0, 0, 0, 0, 0.0024783, 0.001984, 0, 0, 0.0003727, 0, 0, 0, 0.0006232, 0, 0.0023501, 0, 0.0035396, 0.0028311, 0, 0, 0, 0.0005589, 0.0020025, 0.0021595, 0, 0, 0.0031375, 0, 0, 0, 0.0022882, 0, 0.0027664, 0.0026171, 0, 0, 0.0005984, 0.0017981, 0, 0, 0, 0.0015857, 0.0007454, 0.0016265, 0.0017663, 0, 0.0019699, 0, 0, 0.002717, 0, 0, 0.0021489, 0, 0.0020467, 0.002804, 0.0029021, 0.0027851, 0, 0.0021488, 0.0034085, 0.0026175, 0.002423, 0.0004953, 0, 0.0002971, 0, 0, 0.0003911, 0.0011256, 0, 0, 0, 0, 0.0006636, 0.0006983, 0.0004796, 0.0006117, 0, 0.0025548, 0.0029136, 0, 0.0020392, 0, 0, 0.0003735, 0.0005176, 0.0005448, 0.0018808, 0.0022131, 0.0020152, 0.0025408, 0.0024625, 0, 0.0006194, 0, 0.0011156, 0, 0.00131, 0.0018713, 0, 0, 0.0002618, 0, 0.0017373, 0.0027354, 0.0021951, 0.0016338, 0, 0.0029522, 0.0022693, 0, 0, 0.0020997, 0.0021409, 0.0019207, 0, 0.0032026, 0.0023864, 0.0026507, 0.0020416, 0.0017209, 0.0022633, 0.0025142, 0, 0.002227, 0.001352, 0, 0, 0.0006311, 0.0005324, 0, 0.0003242, 0, 0.0034562, 0.0031021, 0.0023234, 0, 0.0022502, 0, 6.83e-05, 0.0007332, 0.0006043, 0.0023079, 0.0023976, 0.0027205, 0.0023306, 0, 0, 5.78e-05, 0.0008385, 0.0024597, 0.0020463, 0, 0, 0.00341, 0, 0.0005868, 0.0027548, 0.0028855, 0.0023705, 0.0021578, 0, 0.0009232, 0, 0.0021246, 0.0019542, 0.0021552, 0.0018985, 0.0009737, 0.0013355, 0.0021342, 0.0025647, 0, 0.0020703, 0.0018501, 0.0019713, 0.0021562, 0.0020986, 0, 0.0025129, 0.0020922, 0, 0.0021891, 0.0004188, 4.45e-05, 0, 0, 0, 0.0018147, 0.0022643, 0.0020436, 0.001784, 0, 0, 0.000632, 0.0020164, 0.0034317, 0.0030511, 0.0023586, 0.0019131, 0, 0.0002096, 0, 0.0022454, 0.0022173, 0, 0.0020055, 0.0006928, 0, 0, 0, 0.0024227, 0.0016191, 0.0016316, 0.0023222, 0.002493, 0, 0.002477, 0.0020952, 0.0019109, 0.0017833, 0.0022994, 0.0026464, 0.0023148, 0.0021787, 0.0021312, 0, 0.0024838, 0, 0, 0, 0.0020772, 0.0024793, 0.0028768, 0.0026651, 0.0024299, 0, 0.0003215, 0.0015952, 0.0016899, 0, 0, 0.0022181, 0.0008938, 0.0016405, 0, 0, 0.0021548, 0.0016792, 0.0020402, 0.0027315, 0.002766, 0.0025572, 0.0021595, 0, 0.0039017, 0, 0, 0.0020372, 0.0024334, 0.0033334, 0.0026593, 0.0022543, 0.0021463, 0, 0, 0.0019961, 0, 0, 0, 0.0017794, 0, 0.0030884, 0.003251, 0, 0.0025644, 0.0029275, 0.0023345, 0.0026796, 0.002955, 0, 0.0027372, 0.0025275, 0, 0.0018951, 0.0020315, 0.0022869, 0.0018606, 0, 0.0024583, 0.0019618, 0.002089, 0.000858, 0.0024512, 0, 0.0014444, 0, 0.0030734, 0.0029927, 0.003163, 0.0027737, 0, 0.0026848, 0.0018845, 0.0029965, 0.0036268, 0.0028702, 0, 0.0020558, 0, 0.0018312, 0.001516, 0, 0.0027774, 0.0024211, 0, 0.0029702, 0.0023293, 0.0023801, 0.0021972, 0, 0.003592, 0.0028289, 0, 0.0019686, 0.0017543, 0.0020661, 0.0022859, 0.0022358, 0, 0, 0.002912, 0.0024041, 0.002753, 0.0018278, 0.0020886, 0.0025239, 0.0023396, 0.0025933, 0.0016139, 0.0021357, 0.0019795, 0.0022771, 0.0024682, 0.002584, 0.0024652, 0.0021156, 0.0019919], [0, 0, 0, 0, 3e-06, 0, 0, 0, 0, 0, 0, 0.0004309, 0.0025389, 0.0024709, 0, 0.0021541, 0, 0, 0.0023456, 0, 0, 0, 0, 0, 0, 0, 0.0031786, 0.0005481, 0.0026928, 0.0003215, 0, 0, 0.001698, 0.0019304, 0, 0, 0.0004717, 0, 2.8e-06, 0, 0.0023095, 0.0025296, 0, 0, 0.0006716, 0, 0.0022842, 0.0025172, 0, 0, 0.003078, 0.0026117, 0, 0, 0, 0.0038198, 0, 0.0005595, 0, 0, 0.0026933, 0.0028361, 0, 0.0007445, 0, 0.0026836, 0.002521, 0, 0, 0.0003865, 0, 0.0004058, 0.0021774, 0, 0.0030632, 0, 0.0020331, 0, 0.0014541, 0.0012309, 0, 0, 0.0024984, 0, 0, 0.0032361, 0, 0.0004362, 0.0017323, 0.0007073, 0.0002912, 0, 0, 0, 0, 0.0002344, 0.0004753, 0.0022213, 0.0025348, 0.0022796, 0, 0.0019382, 0, 0.0001722, 0, 0, 0.0016621, 0.0021367, 0, 2.79e-05, 0, 0, 0.0019527, 0.0008252, 0.003224, 0.0027265, 0.0023196, 7.5e-05, 0.0028545, 0, 0.0034431, 0.0029572, 0.0027342, 0, 0.0035869, 0, 0, 0.001936, 0.00203, 0.0022783, 0.002057, 0.0005273, 0.0019777, 0.0018473, 0.0021285, 0.0004641, 0, 0, 0.0007997, 0.000372, 0.000139, 6.2e-06, 0, 0, 0, 0, 0.0026427, 0.0029028, 0.003312, 0.0023388, 0.0017799, 0, 0.0006307, 0.0005622, 0.000165, 0, 0, 0, 7.46e-05, 0, 0, 0.0021012, 0.0018845, 0, 0.0027924, 0, 0, 4.6e-06, 2.03e-05, 0, 0, 0, 0, 0.0023911, 0.0029124, 0.0028299, 0.0026605, 0.0023766, 0, 0, 0.0005822, 0, 0.000247, 0, 0.0005046, 0, 0.0015942, 0, 0.002968, 0.0022477, 0, 0.0002308, 0, 7.28e-05, 0.0004273, 0.0005291, 0.0020115, 0.0021892, 0.0021094, 0, 0, 8.42e-05, 3.4e-06, 0, 0, 0.0005191, 0.0021689, 0.0020502, 0.0023741, 0.0021857, 0.0019948, 0.0001418, 0, 0.0001248, 0.0002478, 0, 0, 0.0032478, 0.0032473, 0.0029979, 0, 0, 0.0008349, 0.0031455, 0, 0.0023254, 0.0024913, 0, 0, 0.0001651, 0, 0, 0.0019341, 0, 0.0019923, 0.0007672, 0.0016417, 0.0024173, 0.0030401, 0.0032726, 0.0023731, 0.0020552, 0, 0, 0.0026046, 0.0026719, 0.0035658, 0.003506, 0.0029579, 0.0023633, 0, 0.0025998, 0.0024139, 0.0026988, 0.0024754, 0, 0, 0, 0.0004421, 0.000226, 0.0002198, 0, 0, 0, 0, 0.0025601, 0.0032482, 0.00333, 0.0028541, 0.0023828, 0.0003947, 1e-07, 0, 0, 0, 0, 0, 0.0009712, 0.0020526, 0.0017281, 0.0016129, 0, 0.001561, 0.0006975, 0.0007905, 0, 0.0006952, 0.0002861, 0.0002239, 0, 0.0025452, 0.0025944, 0.0031684, 0.0041145, 0.0048578, 0.0007349, 0.0003394, 1.9e-05, 0, 3.3e-06, 0.0003861, 0, 0.0021686, 0.001759, 0.0025693, 0.0029057, 0, 0, 0, 0, 0.00112, 0, 0.0014673, 0.0016868, 0.0016329, 0, 0, 0, 0, 0.0009215, 0.0035475, 0.0033117, 0, 0.0026681, 0.0025567, 0, 0, 0, 0.0019836, 0.0026547, 0.0029021, 0.0020956, 0.0016346, 0, 0.000979, 0.0029928, 0, 0.002165, 0, 0.003627, 0.0013941, 0.003628, 0.0030124, 0.0023694, 0.0020703, 0, 0.0024508, 0.0013564, 0.0017521, 0.0022322, 0.0027541, 0.0022187, 0.0019037, 0.0014894, 0, 0.0016976, 0, 0.0027533, 0.0028633, 0.0025449, 0.0020518, 0, 0, 0.0002622, 0.0003786, 0, 0, 6.6e-06, 0.001069, 0.0020472, 0.0020769, 0.0016492, 0, 0.002558, 0.0007262, 0, 0.0009691, 0.0015814, 0.0009741, 0.0016597, 0.001221, 0.0018893, 0.0022402, 0.0024361, 0, 0.0025728, 0, 0.0008307, 0.0007623, 0.0003229, 0, 0, 0.0026492, 0.0019812, 0.0016837, 0, 0, 0.000913, 0.0003754, 5e-07, 0, 0.0015567, 0.0033718, 0, 0.0025822, 0.0026248, 0.002929, 0.0009568, 0, 0, 0.0011479, 0.0018528, 0.0016018, 0, 0.00433, 0, 0, 1e-07, 0.0016835, 0, 0.0033211, 0.0031155, 0.0027157, 0.0023445, 0, 0, 0.0026438, 0.002422, 0, 0.0026253, 0.0023622, 0, 0, 0.0030781, 0.0023454, 0.0027818, 0.002954, 0.0023871, 0.0021802, 0, 0.002177, 0.0016672, 0, 0.0023905, 0, 0, 0.0018785, 0, 0.0014061, 0, 0.0023268, 0.00293, 0.0004737, 0.0005325, 0.0005417, 0.0002812, 0, 0.0006021, 0.0006098, 0.0018251, 0.0016036, 0.0023385, 0.0030585, 0, 0.0004168, 0.0001965, 2.47e-05, 0, 5.63e-05, 0.0008505, 0.0028162, 0.0025947, 0.0025378, 0.0025571, 0.0026235, 0.0003938, 0, 0, 0, 0, 0, 0, 0, 0.0020933, 0, 0, 0, 0, 0.0007763, 0.0009087, 0, 0, 0.0016713, 0, 0, 0, 0.0008594, 0.0032887, 0.0021394, 0, 0.0031787, 0.0026927, 0, 0, 0.00215, 0.002378, 0.0021263, 0, 0.0023271, 0.0007515, 0, 0.0009169, 0, 0, 0.0018835, 0.0021212, 0.0027846, 0.0031669, 0.0021848, 0.0019772, 0.0024475, 0.0028723, 0.0028813, 0, 0.0020281, 0.0026096, 0.0024273, 0.0014357, 0, 0.0028889, 0.0004625, 0, 0.0011258, 0.0006701, 0.0007216, 0.0005386, 0.002394, 0.0024602, 0, 0.0018157, 0.0021354, 0.0004681, 0.0006657, 0.0005902, 0.0010548, 0.0006384, 0.0031032, 0.003145, 0.0031466, 0.0025307, 0.001776, 0.0005537, 0, 0, 0.0005225, 0.0029732, 0.0031556, 0.0024766, 0.0018972, 0.0014731, 0.0002683, 0, 0.0008148, 0.0020376, 0.0019847, 0.0021817, 0.002569, 0.0022685, 0.0003575, 0.0004385, 0.0018623, 0, 0, 0.0025384, 0.0016675, 0.0008628, 0.0021258, 0.0025491, 0.0022456, 0.0023185, 0.00206, 0, 0.0027646, 0.0026556, 0.0021292, 0.0026374, 0.0027959, 0, 0.0024418, 0.0017523, 0, 0.002616, 0.0025406, 0.0020624, 0.0017509, 0, 0.0002331, 0, 0.0002121, 0.0005369, 0, 0.0009708, 0, 0.0025086, 0, 0.0019895, 0.0004214, 6.11e-05, 0.0004369, 0.0004555, 0.0026605, 0.0029336, 0.0026089, 0.0026063, 0.0022881, 0, 0, 0, 0.0022586, 0.0027744, 0.0032891, 0.0030941, 0.0025823, 0, 0, 0, 0.0027451, 0, 0.0026993, 0, 0.0008944, 0.0022283, 0.00239, 0, 0, 0.001942, 0, 0.0005869, 0, 0, 0.0017294, 0.0022749, 0.0022142, 0, 0.0028784, 0.0028884, 0.0025906, 0.0027407, 0.0028435, 0.0033544, 0.0032668, 0.0003509, 1.79e-05, 0.0004403, 0.000432, 0.0016493, 0.0020708, 0.0025836, 0.0019664, 0, 0, 0, 0, 0, 0, 0.0023141, 0.0023333, 0.0022379, 0, 0.0005156, 0, 0, 0.0020107, 0, 0.001434, 0, 0.0027216, 0.0029439, 0, 0.0018532, 0.0019421, 0.0021481, 0.0018956, 0, 0.0029941, 0.0027632, 0, 0.0026663, 0.0025733, 0.0021679, 0.0019725, 0, 0, 0, 0.0021809, 0, 0, 0, 0.0006327, 0.0019051, 0.0023479, 0.0024049, 0.0025278, 0.0020102, 0, 0.0005536, 0.0022567, 0, 0.00206, 0.0017405, 0, 0.0005171, 0, 0, 0.0023878, 0, 0.0025047, 0.0021824, 0, 0.0039343, 0, 0.0028784, 0, 0, 0, 0.0024569, 0.0026346, 0.0026822, 0.002606, 0, 0.0019391, 0.0017831, 0, 0, 0.001968, 0.0025533, 0.0030789, 0.0019693, 0.0020575, 0.0009583, 0.0029833, 0.0027441, 0, 0.002661, 0.0020896, 0, 0.002777, 0.002961, 0.0028715, 0, 0.0018581, 0.0022392, 0, 0, 0.0027856, 0.0028748, 0, 0.0025764, 0, 0.0019257, 0, 0.0024477, 0.0023053, 0, 0.0031698, 0.0027123, 0.0022742, 0.0018463, 0, 0, 0.0014976, 0.0015246, 0, 0.0029156, 0.0026071, 0, 0.0014951, 0.0020235, 0.0024388, 0.0022804, 0.001299, 0, 0.002451, 0.002284, 0, 0.0035655, 0, 0.0014683, 0, 0.0014177, 0, 0.002539, 0.0016064, 0, 0, 0, 0, 0, 0.0029831, 0.0030874, 0.0027149, 0.0026943, 0.0027496, 0.002649, 0.0027802, 0.0024268, 0.0018564, 0.0014706, 0.0019845, 0.0023958, 0.0027864, 0.0026642, 0, 0, 0.002148, 0.0020004], [0, 0, 0, 0, 0, 0, 0, 0, 0, 0, 0, 0.0004209, 0.0028383, 0.0025721, 0, 0.0016789, 0.0007672, 0, 0.0024867, 0, 0, 0, 0, 0, 0, 0.0003256, 0.0021277, 0.0005961, 0, 0.0005573, 0, 0.0011206, 0.0023307, 0, 0.002034, 0, 0, 0, 8e-07, 0.0007485, 0, 0.0020584, 0, 0.0003295, 0, 0, 0.002514, 0, 0, 0, 0, 0.0029884, 0, 0, 0, 0.0018893, 0.000536, 0.0005846, 0.0024092, 0, 0.0028893, 0.002831, 0, 0.0012225, 0, 0.0029173, 0.0028097, 0, 0.002222, 0.0004804, 0, 0.0004135, 0.0020379, 0, 0.0008716, 0, 0, 0, 0, 0.001637, 0, 0.0014142, 0.001822, 0, 0, 0, 0, 0, 0.0018429, 0.0007311, 0.000432, 0, 0.0022857, 0, 0, 0, 0.0004961, 0.0017613, 0, 0, 0.0021371, 0.0015787, 0, 0, 0.0020166, 0.0019054, 0.0027466, 0.0030866, 0.0024581, 1e-07, 0.0021204, 0, 0.0007387, 0.0005633, 0, 0, 0.0026583, 0, 0.0028047, 0, 0.0027572, 0.0025083, 0, 0.0025356, 0.0026362, 0, 0.0019877, 0.0017016, 0, 0.0020088, 0.0027485, 0.0005249, 0, 0.0033111, 0, 0.0003264, 0, 0, 0, 0.0004516, 0.0002413, 0, 0, 0, 0, 0, 0.0015797, 0.002379, 0.0024587, 0, 0, 0, 0.0007143, 0.0007546, 0.0003651, 0.0005418, 0, 0, 0.0001704, 0, 0.0023885, 0.0032622, 0.0031239, 0.002156, 0.0016056, 0.0002913, 7.49e-05, 0, 0, 0, 0, 0, 0.0005084, 0.0019606, 0.0024126, 0.002248, 0.0018947, 0, 0.0003776, 0, 0, 0.00062, 0, 0.0005938, 0.0005653, 0.0024773, 0.0025074, 0, 0, 0.0017662, 0.0004, 0.0003216, 0.0002754, 1.1e-06, 0.0003475, 0, 0.0017976, 0.0020123, 0, 0, 0.0013754, 0.000361, 5.5e-06, 0, 0.0003217, 0.0005675, 0.0023541, 0.0025726, 0, 0.0017853, 0, 0, 0, 0.0001281, 0.0006195, 0.0032946, 0.0035607, 0.003052, 0.0029955, 0.0028654, 0, 0, 0.0007935, 0.0033252, 0.0034225, 0, 0.0022749, 0, 0, 0.0005304, 0.0018861, 0.0028109, 0.0031639, 0.0025833, 0.0024847, 0.000849, 0, 0, 0.0024827, 0.0027485, 0.0025819, 0.0028876, 0.0032347, 0, 0.0023114, 0, 0.0023359, 0.0020158, 0, 0.0031687, 0, 0.0020536, 0.0021071, 0.0020491, 0, 0, 0, 0.0005731, 0.000352, 0.0001436, 6.7e-05, 0, 0, 0, 0.0012369, 0.0033365, 0.0029172, 0, 0.0024009, 0.0013576, 0.0004964, 0, 0, 0, 0, 0, 0, 0.0007852, 0.0022097, 0.002094, 0, 0.0032232, 0, 0, 0, 0, 0.0003991, 0, 0.0003913, 0.0007516, 0.0022597, 0, 0.0018238, 0.0020566, 0, 0.0006463, 0.0004866, 1.5e-06, 0, 0, 0, 0, 0.0023137, 0.0021004, 0.0018681, 0.0022022, 0.0005835, 0, 0, 0, 0.0006675, 0, 0.0017232, 0.0020981, 0.0021381, 0, 0, 0, 0, 0, 0.0028681, 0.0035409, 0.0023266, 0.0019306, 0, 0, 0, 0.000614, 0, 0.0035029, 0, 0, 0.0026282, 0, 0, 0.0024382, 0.0025713, 0, 0.0019214, 0, 0.0011571, 0.0029264, 0.0019992, 0.0022985, 0.0024375, 0.0025539, 0.0022767, 0.0021723, 0.0022745, 0.0017907, 0, 0.0032194, 0, 0.001913, 0.002252, 0.0022157, 0.0021357, 0, 0, 0.002304, 0.0024757, 0.0011902, 0.0006683, 0.0003059, 0.0002791, 0, 0, 0, 0.0009043, 0.0019341, 0.0026265, 0.0032016, 0.0028333, 0.0024625, 0, 0.0009462, 0.0007227, 0, 0.000351, 0, 0.0010563, 0.0019538, 0, 0.0007895, 0, 0.0025984, 0, 0, 0.0017011, 0.0005427, 0.0011732, 0, 0.0024349, 0.0023555, 0.0019276, 0.0023796, 0.0021193, 0.0010016, 0, 2e-07, 0.0010083, 0.0011728, 0.002243, 0, 0.0018501, 0.001773, 0.0018619, 0.0008813, 0, 0.0006581, 0.0011563, 0.0027595, 0, 0.0021391, 0.0021422, 0.0021632, 0, 0, 0.0012508, 0, 0, 0, 0.002788, 0.0024988, 0, 0, 0.0024497, 0, 0.0034252, 0.0034381, 0.0034373, 0.0012912, 0.0019266, 0.0031143, 0.0033551, 0.0034493, 0.0032391, 0.0026459, 0.0024619, 0, 0, 0, 0.0024549, 0.0021698, 0.0017131, 0, 0.001647, 0, 0.0025062, 0.0025457, 0.0025244, 0.0024913, 0, 0.0003312, 0.000294, 0.0002277, 0, 0.000708, 0, 0.0020137, 0, 0, 0.0022016, 0.0019369, 0.0003905, 6.73e-05, 0, 0, 0, 0, 0.0029904, 0.0031797, 0.0027492, 0, 0, 0, 0, 0, 1.05e-05, 0.0006843, 0.0019162, 0.0027353, 0.0032302, 0.0033513, 0, 0, 0, 0, 0.0006344, 0.0023762, 0.0027299, 0.0028598, 0.0028976, 0.0026017, 0, 0, 0, 0.0024471, 0.0021777, 0.002089, 0.0020368, 0.0019285, 0, 0.0006629, 0.0028464, 0.0022821, 0.0026121, 0.0031225, 0.0030141, 0.0008752, 0.0015514, 0.0019887, 0.0018354, 0.0020352, 0.0019909, 0, 0.0030636, 0.0023028, 0.0025625, 0.0019742, 0.0018371, 0, 0.0011627, 0, 0.0034078, 0.003588, 0, 0, 0.0019842, 0, 0.0005802, 0.0006725, 0.0010222, 0, 0.0003482, 0, 0.0017882, 0.0027964, 0.0029043, 0.0028807, 0.0031351, 0.00067, 0.0007334, 0, 0.0008848, 0.0006369, 0.0026613, 0.0024627, 0, 0, 0.0006854, 0.0002978, 0.0002239, 0, 0.0004959, 0.0023176, 0.0032799, 0.002564, 0.0021687, 0, 0.0003289, 0.0005137, 0.0007778, 0.0025579, 0.0027077, 0.0025968, 0.0024559, 0, 0.0003813, 0, 0, 0, 0.0024086, 0.0021976, 0, 0, 0.0024285, 0.0026975, 0.0028678, 0.0024279, 0, 0.0030329, 0.0027849, 0.0033782, 0.0027292, 0.0018514, 0, 0.0022638, 0, 0.0018273, 0.0021524, 0.002947, 0.002761, 0.0027633, 0.0023842, 0.0017058, 0.0004324, 0.0003, 0, 0.0005686, 0.0005776, 0.002316, 0.0031462, 0.0029558, 0.0026462, 0.0022233, 0.0003451, 3.6e-06, 0.0002997, 0, 0, 0.0026424, 0, 0.0036249, 0.0032714, 0, 0, 0.0006335, 0.0023608, 0.0022275, 0, 0, 0.001895, 0, 0.0005581, 0.0026646, 0.002489, 0.0015871, 0, 0, 0.0008012, 0.0017817, 0, 0.0022818, 0.001999, 0.0017385, 0, 0.0026574, 0.0028774, 0.0026874, 0, 0.00226, 0, 0, 0.0024784, 0, 0, 0.002984, 0.0028676, 0.0024207, 0, 0.0006541, 4.06e-05, 0.00039, 0.0005022, 0, 0.0019839, 0.0016495, 0, 0.0013912, 0, 0, 0.0007501, 0.0027537, 0, 0.0025987, 0.002422, 0, 0, 0.0004393, 0, 0, 0.0030127, 0.0023418, 0.0018461, 0, 0.0021421, 0.0023734, 0.0022635, 0, 0, 0.0025853, 0.0027305, 0.0024079, 0, 0, 0.0029754, 0.0030649, 0.0024055, 0, 0.0028849, 0.0029897, 0.0030279, 0, 0.0022054, 0.0022402, 0, 0, 0, 0.0027137, 0.0022544, 0.0024997, 0.0024878, 0.0022238, 0, 0.0005365, 0.0026811, 0.0033125, 0, 0.002714, 0.0025453, 0.0008956, 0.0028267, 0.0028878, 0, 0, 0.0021748, 0.0020965, 0, 0.0026545, 0.0033046, 0.0027582, 0, 0.0027607, 0.0026411, 0.0028042, 0.0031553, 0.0024013, 0.0020629, 0.0023661, 0.0025967, 0.0024189, 0, 0.0006108, 0, 0, 0.0029473, 0.0025673, 0.0023017, 0.0009065, 0, 0.0027252, 0.00312, 0.0034802, 0, 0.0025698, 0, 0.0024831, 0.0023148, 0, 0, 0, 0, 0.0023431, 0, 0, 0.002597, 0.0029314, 0.0034991, 0.0031651, 0.0010231, 0.0024072, 0.0022776, 0.0017384, 0.0020244, 0.0023113, 0, 0.003733, 0.0026661, 0, 0.0021611, 0.002284, 0.0020031, 0.0017807, 0.0017472, 0, 0.0021598, 0.0019863, 0.0022594, 0.0024439, 0, 0, 0.001639, 0.0023842, 0.0028728, 0.0029614, 0, 0, 0.0016429, 0.0013484, 0, 0, 0.0025282, 0.0025993, 0.0036353, 0.0038837, 0.002255, 0.0013035, 0.0015672, 0.0023228, 0.0029633, 0.0030754, 0.002837, 0, 0.0031817, 0.0029585, 0.002272, 0.0015807, 0, 0, 0.0016866, 0, 0.003592, 0.0027484, 0.0024641, 0], [0, 0, 0, 0, 1.53e-05, 0, 0, 0, 0, 0, 0, 0.0004775, 0.0028858, 0.0028275, 0.0036064, 0.0038443, 0, 0, 0.0022467, 0.0023275, 0, 0, 3e-07, 0.0022862, 0, 0, 0.0031634, 0.0006593, 0.0029439, 0, 0, 0.0010372, 0.0022376, 0.0021873, 0.0020417, 0, 0.000312, 0, 5.97e-05, 0.0007676, 0, 0.0018427, 0, 0.0006271, 0.0010585, 0, 0.0020421, 0.001625, 0, 0, 0.0020898, 0, 0, 0, 0, 0.0011174, 0.0007357, 0.0006268, 0.0024213, 0, 0.0025234, 0.0025026, 0, 0, 0, 0.0026561, 0.0022982, 0.0021796, 0, 0, 0, 0.0003546, 0.002071, 0, 0, 0.0028651, 0.0029814, 0, 0.0017312, 0.0017731, 0, 0.0017074, 0.0012777, 0, 0, 0, 0, 0.0007253, 0, 0.0007414, 0.0003452, 0, 0.0023044, 0.0019522, 0, 0, 0, 0.0024192, 0, 0.0018915, 0, 0.0018366, 0, 0.0006102, 0.0029279, 0.0026575, 0.0022365, 0.0020988, 0, 0, 0.0031363, 0, 0.0020149, 0.0005142, 0, 0, 0, 6.01e-05, 0.0028207, 0.0028284, 0, 0.0016904, 0.0016917, 0.0024239, 0.0028045, 0, 0, 0.0019058, 0.0019282, 0.0028504, 0.0020993, 0.0006827, 0.0031919, 0.0031292, 0.0030177, 0.0004657, 0, 0, 0.0007563, 0.000288, 0.0001468, 4.7e-05, 0, 0, 0, 0.0002746, 0, 0, 0.002028, 0.0024821, 0.0025135, 0, 0.0007155, 0.0006734, 0.0002254, 0.0003337, 0, 0, 0.0002062, 0.0010595, 0.0022953, 0.0021661, 0.0020086, 0, 0.0015311, 0, 0.0002835, 1e-07, 1e-07, 0, 0, 0, 0, 0, 0.0024344, 0.0022535, 0.0027454, 0.0026012, 0, 0.0003346, 0, 0.0009055, 0, 0.0007761, 0, 0.0024872, 0.0030065, 0.0028868, 0.00336, 0.0026541, 0.0003712, 0.0002643, 0.0002012, 2.4e-06, 0, 0.0005408, 0, 0.0023188, 0.0020491, 0, 0, 0.0005428, 1.57e-05, 0, 0.0004334, 0.0005106, 0.0007057, 0, 0.0030543, 0.0034902, 0, 7.87e-05, 0, 0.0002325, 0.0005049, 0.0020894, 0.0022566, 0.0026323, 0.0035215, 0.0036836, 0, 0, 0.0005992, 0, 0.0020056, 0, 0.0030735, 0.0028085, 0, 0.0005442, 0.0023846, 0.0022536, 0.0020788, 0.0023966, 0.0026066, 0.001044, 0, 0, 0, 0, 0.0019196, 0.0014418, 0, 0.0029722, 0.0026987, 0, 0.002394, 0.0026191, 0, 0.0029951, 0.003296, 0.0026748, 0.0027053, 0.0028451, 0, 0, 0, 0.000779, 0.000466, 0.0001803, 0, 0, 0, 0, 0, 0.0023068, 0.0024222, 0.00227, 0, 0.0006715, 0, 0, 0, 0, 0, 0, 0, 0.000858, 0.0023003, 0.0023235, 0, 0.0028359, 0.0027805, 0, 0, 0, 0.0004673, 0.000311, 0.0003437, 0, 0, 0.0021644, 0.0022899, 0, 0.0025171, 0.0004369, 0.0002643, 7.57e-05, 0, 0, 0.0007567, 0.0018462, 0, 0.0026471, 0.0024636, 0, 0.0008512, 0, 0, 0, 0.0007523, 0.0018947, 0.0022041, 0, 0.0023647, 0.0023026, 0, 0, 0, 0, 0, 0, 0, 0.001685, 0, 0, 0, 0.0013612, 0, 0.0025328, 0.0023404, 0, 0.0033746, 0, 0.0007305, 0.0022601, 0.0024796, 0, 0.0036226, 0.0028104, 0.0012708, 0.0026766, 0.0029492, 0.0030007, 0.0025112, 0, 0.0024479, 0.0025479, 0.0024775, 0, 0, 0.0026365, 0.0022886, 0.0024552, 0.0029665, 0.0027042, 0.0025519, 0, 0, 0.0018689, 0.001818, 0.0008926, 0.0006875, 0.0003157, 0.0003692, 0, 0, 0, 0, 0, 0.0018479, 0, 0.0025691, 0, 0, 0.0006962, 0.0007733, 0.0013799, 0.0007766, 0.0010226, 0, 0, 0.002532, 0.0026694, 0, 0.0025269, 0.0013266, 0.0009596, 0.0009006, 0.0004654, 0.0010821, 0, 0, 0, 0.0024661, 0, 0.0027664, 0.0012059, 0, 0, 0.0005027, 0.0010118, 0.0027342, 0.0029209, 0, 0.0021573, 0, 0.000903, 4.69e-05, 0, 0.0010252, 0.0019669, 0.0021937, 0.0025547, 0, 0, 0, 0, 0, 0, 0.0028936, 0.0023897, 0, 0.0017907, 0, 0, 0.0015572, 0, 0.0015444, 0, 0.0024363, 0.0014837, 0.0020771, 0, 0, 0, 0.0015521, 0, 0.0027269, 0.0034293, 0, 0.003129, 0.0032806, 0.0037532, 0.0039749, 0, 0.0023319, 0.0022206, 0, 0.0023225, 0.0027242, 0, 0, 0, 0.0005383, 0.0004536, 0.0002117, 0, 0.0007811, 0.0023675, 0.0027977, 0.0025396, 0.002531, 0.0028761, 0.0005026, 0.000206, 0, 0, 0, 0, 0, 0.0025612, 0.0024015, 0, 0.0030897, 0.0005136, 0, 0, 4.3e-06, 0, 0.002581, 0.0024018, 0, 0, 0, 0, 0, 0, 0.0008285, 0.0008882, 0, 0, 0.0027958, 0.0028756, 0, 0, 0.0006462, 0.0017951, 0.0022832, 0.0027424, 0.0022615, 0, 0, 0.0005741, 0.0031057, 0.0035548, 0, 0.0021139, 0, 0, 0.0021156, 0, 0.0024003, 0.0029718, 0.0025723, 0.0028082, 0.0030477, 0, 0, 0, 0.002058, 0, 0.0016698, 0, 0.0022847, 0.0023861, 0.0027268, 0.002658, 0, 0.0012836, 0, 0.0005258, 0, 0, 0.0007899, 0.0005197, 0.0025436, 0.0030207, 0.0027302, 0.0023599, 0, 0.0003222, 0, 0.0003503, 0.0004836, 0, 0, 0.0024318, 0.0019901, 0, 0.0024684, 0.0005329, 0.0004757, 0.0006758, 0.0004892, 0.0022616, 0, 0.0027231, 0.0028228, 0, 0.0004018, 0, 0.0009551, 0.0034784, 0.0027018, 0.0022987, 0.0023584, 0.0012923, 0.0004229, 0.0004498, 0.0025617, 0.0031557, 0.0034196, 0, 0.0021882, 0.0008647, 0, 0.0027335, 0, 0.0030055, 0.0025776, 0.0017183, 0.002083, 0.0025946, 0.002746, 0, 0.0023496, 0.0025867, 0.0016537, 0.0023805, 0.002432, 0.0024348, 0.0029885, 0.0031281, 0, 0.00241, 0, 0, 0.0001903, 0.0004895, 0.0005568, 0.0022627, 0.0020769, 0.0017, 0, 0.0026234, 0.0004862, 0, 0.0008525, 0.0006279, 0.0020848, 0.0020326, 0, 0.0021344, 0.0018731, 0, 0, 0, 0, 0.0020307, 0, 0.0021941, 0.0022895, 0, 0.0002402, 0, 0, 0.0027116, 0.0023472, 0, 0, 0.0013356, 0.0018324, 0.0028221, 0.0036372, 0.0036192, 0.0028799, 0, 0, 0.0031536, 0.003043, 0.0036373, 0.0036094, 0, 0.0025458, 0.0026237, 0.0023442, 0.0024556, 0.0025916, 0.0025229, 0, 0, 0, 0, 0, 0, 0.0011335, 0.0023982, 0.0025517, 0, 0, 0, 0, 0.0018756, 0.001788, 0.0016279, 0, 0.0025922, 0, 0, 0.0023013, 0.0024111, 0.0027618, 0.002647, 0, 0.0009855, 0.0020616, 0.0025025, 0.0024584, 0.0020943, 0.0021633, 0.0029395, 0.0034203, 0, 0, 0.0027858, 0.0021318, 0.0015807, 0.0022284, 0.0030881, 0.0026598, 0.0028057, 0.0031255, 0.0030441, 0.0026983, 0, 0, 0, 0.0006788, 0.002408, 0.0023145, 0.0023915, 0.0027076, 0.0026529, 0, 0.0002925, 0, 0.0026395, 0.0025436, 0, 0.0027505, 0.001153, 0.0028656, 0, 0.0011626, 0, 0.0025174, 0.0028433, 0.0022092, 0.0023816, 0.0031407, 0.0032272, 0, 0.002121, 0.0024898, 0.0031338, 0.0031507, 0.0027101, 0, 0.0032015, 0.0032845, 0.0027965, 0, 0.0005147, 0, 0.0023653, 0.0019721, 0, 0.0019776, 0, 0, 0.0036241, 0.0023388, 0.0021368, 0.0023935, 0.0026333, 0.0022879, 0, 0, 0, 0.0033574, 0.0031651, 0.0022857, 0, 0, 0, 0.0028157, 0.0023561, 0, 0.001847, 0.0009921, 0.002776, 0, 0.0021091, 0.0028795, 0.002697, 0, 0.0030935, 0.0027247, 0.0022482, 0.0019263, 0, 0.0019097, 0, 0.0023757, 0, 0, 0.0031005, 0, 0.002105, 0, 0.0025562, 0, 0.0024877, 0.0026056, 0.0032156, 0.0040174, 0.0024556, 0.0027657, 0.0036074, 0.0031092, 0, 0.0019415, 0, 0, 0, 0.0019324, 0.0023134, 0.0021318, 0.0020153, 0, 0.0022652, 0.0020966, 0.0024149, 0.0029587, 0.0031431, 0.002205, 0.0028473, 0.0030017, 0.0029295, 0.0029048, 0, 0, 0, 0.0015297, 0], [0, 0, 0, 0, 5.9e-06, 0, 0, 0, 0, 0, 0, 0, 0, 0.0026358, 0.0025753, 0.0022175, 0.0020038, 0, 0, 0.0023334, 0, 0, 0, 0.0009041, 0, 0.0003324, 0.0029352, 0, 0.0015309, 0, 0, 0.0011585, 0, 0, 0, 0, 0.0004528, 0, 5.66e-05, 0.0008877, 0.0026311, 0.002504, 0, 0.0007204, 0.0009151, 0, 0.0036745, 0.003234, 0, 0, 0.002556, 0.0022512, 0, 0, 0, 0, 0.0006939, 0.000687, 0.0026508, 0, 0, 0.0027575, 0, 0.0010282, 0, 0, 0, 0.0010874, 0, 0.000528, 0, 0.000405, 0.0027655, 0, 0, 0.0017701, 0, 0, 0.0032317, 0.0026413, 0, 0, 0, 0, 0, 0.0026047, 0, 0, 0.0017176, 0.0009032, 0.0006587, 0, 0.0017873, 0.0016594, 0, 0, 0.0005256, 0, 0.0018661, 0.0023231, 0, 0.0026817, 0, 0.0005846, 0.0025028, 0, 0.0018371, 0, 0.002358, 1.54e-05, 0, 0, 0.0018146, 0.000528, 0, 0.0030181, 0, 5.21e-05, 0.0024765, 0.0029233, 0.0024109, 0.0026723, 0.0021343, 0.0019114, 0.0015598, 0, 0, 0, 0.0016412, 0, 0, 0.0005719, 0.0022706, 0.0019038, 0, 0, 0, 0, 0.0003203, 0, 8.71e-05, 0, 0, 0, 0, 0.0009666, 0.0021514, 0, 0, 0.0022402, 0.0023168, 0, 0.0011092, 0.0008907, 0.0002781, 0, 0, 0, 0.0001683, 0.0012138, 0.0029852, 0.0027089, 0.0028283, 0.0023399, 0, 0.0008359, 0, 0, 0, 0, 0, 0, 0, 0, 0, 0, 0.0024328, 0, 0, 0, 0.0006728, 0.0007341, 0.0006881, 0.0010761, 0.0006924, 0.0022839, 0.0017462, 0, 0.0022709, 0.0018602, 0.0003578, 0.0002807, 0.0002171, 5.06e-05, 0.0003943, 0.0003141, 0, 0.0020664, 0.0017706, 0.0022686, 0.0021581, 0, 0, 0, 0.0002045, 0, 0, 0.0037591, 0.0031654, 0.0025237, 0.002191, 0, 0, 0.0001969, 0.0005156, 0.0024247, 0.0026219, 0.0026382, 0.0025273, 0, 0, 0, 0.0007406, 0, 0.0046057, 0, 0, 0.002032, 0, 0.0005713, 0.0027102, 0.002583, 0.0021774, 0.0020446, 0, 0.0009696, 0.0023743, 0.0022591, 0, 0, 0.0021762, 0.0029017, 0.0034059, 0, 0.005216, 0, 0, 0.0024489, 0, 0.0036531, 0.0031687, 0.0025487, 0.0023936, 0.0021637, 0, 0, 0, 0, 0.0006007, 0.0001784, 0.0001471, 0, 0, 0, 0, 0.0021825, 0, 0, 0, 0, 0.0005013, 3.3e-06, 1e-07, 0, 0, 0, 0, 0.0006419, 0, 0, 0.0022645, 0.0022784, 0.0022756, 0.0008148, 0.0008501, 0.0008433, 0.0007618, 0, 0, 0.001122, 0.0032231, 0.0027763, 0, 0.0022664, 0.0017, 0.0004963, 0.0003089, 4.39e-05, 0, 8.7e-06, 0.000717, 0, 0, 0.0029057, 0.0034465, 0.0030843, 0.0007359, 0, 0, 0, 0.000637, 0, 0.0031291, 0.0026977, 0.0026871, 0.0023348, 0, 0, 0, 0, 0, 0.0018176, 0.001819, 0.0027634, 0.003334, 0, 0, 0.0009732, 0.0025159, 0, 0.0023119, 0.0022263, 0.0018541, 0, 0, 0.0028827, 0.0025438, 0.0019944, 0.0028515, 0.0037801, 0, 0, 0.0022311, 0.0024015, 0, 0.001965, 0.002623, 0.002506, 0, 0.0028203, 0.0029296, 0.0026563, 0, 0.0024195, 0.0024669, 0, 0, 0, 0.0031088, 0.0026431, 0.0025566, 0, 0.0009274, 0.0002484, 0.0002353, 0, 0, 0, 0, 0.002732, 0, 0, 0.0025, 0.0022028, 0, 0.0008926, 0, 0, 0.0008213, 0.001442, 0.0011174, 0.0024891, 0.002584, 0.0025384, 0.0028948, 0.0022798, 0.000903, 0.0009042, 0.0012714, 0, 0.0007149, 0, 0.0017226, 0.0018023, 0.0017691, 0, 0.001934, 0.0007315, 0.0003289, 1e-07, 0, 0.0012315, 0.0028766, 0.0022872, 0.0020569, 0, 0.0025556, 0.0007648, 2.32e-05, 0, 0.0010771, 0.0017576, 0.0026979, 0.0025646, 0, 0.0009862, 0, 0, 0.0015378, 0.0023192, 0.001879, 0, 0.0017753, 0, 0, 0.0009394, 0.0017651, 0.0021803, 0.0026135, 0.0023763, 0, 0.0012122, 0, 0.0032072, 0.0029948, 0.0025962, 0, 0.0030295, 0.0019656, 0.0022163, 0.0026282, 0.0022789, 0.0021084, 0, 0.0028713, 0, 0.002801, 0.0026205, 0, 0, 0.0025774, 0, 0, 0.0006729, 0.0004325, 0.0002448, 0, 0.0007884, 0.0010127, 0.0020096, 0.0018889, 0, 0, 0.0017272, 0.0003799, 0.0001393, 2.9e-06, 0, 4.67e-05, 0.0008302, 0.0037253, 0.0036792, 0.0030118, 0.0027262, 0, 0.0003805, 0, 0, 8.33e-05, 0.0007082, 0.0022538, 0.0025175, 0.0029085, 0.0032038, 0, 0, 0, 0, 0.0006815, 0.0024306, 0.0028399, 0.0030754, 0.0032269, 0.0025558, 0, 0, 0.0008452, 0.0022827, 0.0022805, 0, 0.0031454, 0.0023121, 0, 0.0007155, 0.0028893, 0, 0.0025711, 0.0032141, 0.0028496, 0.0012471, 0.0030353, 0.0030511, 0.002914, 0.0021594, 0.0018199, 0.0017138, 0, 0.0023759, 0.0023565, 0, 0.0020709, 0.0026058, 0.0031521, 0.0031422, 0, 0.0014889, 0.0024973, 0.0028793, 0, 0, 0, 0, 0.0008033, 0, 0, 0.0005245, 0.0024974, 0.0023482, 0, 0.0024732, 0.0025304, 0.000481, 0.0004828, 0, 0.0011162, 0.0005038, 0.001367, 0, 0.0023119, 0.0023722, 0, 0.0006366, 0.0004736, 0, 0.0006779, 0.0029071, 0.0035036, 0.0033704, 0.0026252, 0.0025433, 0.0004112, 0.0004018, 0, 0.0023282, 0.0020289, 0, 0, 0.0019768, 0.000533, 0.0003517, 0, 0.0024578, 0, 0.0026096, 0.0017989, 0.0010197, 0.0020389, 0, 0.0020759, 0.00271, 0.0028093, 0.0026446, 0, 0.0034091, 0.0033361, 0, 0.0023718, 0.002723, 0.0027925, 0.0026396, 0.002519, 0.0024417, 0, 0.0011149, 0, 0.0015407, 0.0004744, 0, 0.0002747, 0.0006386, 0.0004947, 0.0018052, 0.0019718, 0.0018602, 0, 0, 0, 1e-06, 0, 0, 0.0024893, 0.002614, 0.0025521, 0, 0.0034591, 0, 0, 0, 0, 0, 0.0022689, 0.0020287, 0, 0, 0, 0.0024852, 0.0024365, 0.0032392, 0.0030039, 0, 0.0010405, 0.002223, 0.0023812, 0.0026378, 0, 0.0017262, 0, 0.0024003, 0.0025383, 0, 0.0029305, 0.0026861, 0.0022197, 0, 0.0029303, 0.0029013, 0.002666, 0.002722, 0.0033368, 0.0031145, 0.0024648, 0.0003877, 0, 0, 0.0002091, 0, 0.0026827, 0.0019837, 0, 0, 0, 0, 0, 0.0018734, 0.0017929, 0.0018905, 0.001371, 0.0011902, 0, 0, 0.0019255, 0.0021217, 0.0033493, 0.0032733, 0.0025186, 0, 0.0017766, 0.0017382, 0, 0.0028327, 0.0026847, 0, 0, 0.0038479, 0, 0.0025006, 0.0024497, 0, 0.0033373, 0.0034937, 0, 0, 0, 0.0027974, 0.0031037, 0.0029011, 0, 0, 0, 0.0016433, 0.0020329, 0.0020979, 0.0018706, 0.0016369, 0, 0, 0, 0, 0, 0, 0.0023032, 0, 0.0028273, 0, 0.0021849, 0.0021806, 0.0019013, 0, 0.003089, 0.0027403, 0.0021171, 0.0024403, 0.0023216, 0.0017578, 0, 0.0020405, 0.0021221, 0.0028148, 0.0031998, 0, 0.0029125, 0.0027903, 0, 0.0006608, 0.0021276, 0.0022605, 0.0026041, 0.002128, 0.0019047, 0, 0.0029274, 0.0026635, 0.0026218, 0.0026059, 0.0025242, 0.0035178, 0.0024537, 0.0028606, 0.002118, 0.0010519, 0, 0.0028424, 0, 0, 0.0025001, 0.0027989, 0.0032098, 0.0033873, 0, 0, 0.0009046, 0.0027136, 0.0034571, 0.0029454, 0.0026272, 0, 0.0028601, 0, 0.002909, 0.0027363, 0, 0.0021229, 0, 0.0027567, 0.0026483, 0.0019292, 0.0016361, 0, 0.0022889, 0.0018432, 0, 0.0022003, 0.0018769, 0.001636, 0, 0.0034159, 0.0020258, 0.002451, 0.0032576, 0.0032615, 0, 0.0017255, 0.0014421, 0, 0.0032647, 0.0025334, 0, 0.0028981, 0.0022976, 0, 0, 0.0022883, 0.0017223, 0, 0, 0.0024361, 0.0022507, 0, 0.0027896, 0.0028314, 0.0023405, 0.0019551, 0, 0.0026293, 0.0027395, 0.002689], [0, 0, 0, 0, 8e-07, 0, 0, 0, 0, 0, 0, 0.0002017, 0, 0.002972, 0.0029025, 0, 0, 0, 0.0025738, 0.0026108, 0, 0, 1.69e-05, 0.0021952, 0, 0.0002782, 0.0022682, 0.0005944, 0.0024865, 0.000369, 0, 0.0014192, 0.0031253, 0, 0.001789, 0, 0, 0, 0, 0.0007976, 0.0021111, 0.0010771, 0, 0.0003942, 0, 0, 0.002355, 0.0024044, 0, 0, 0.0021235, 0.0018085, 0, 0, 0, 0.0026195, 0, 0, 0.0025813, 0, 0.0037097, 0.0036182, 0, 0, 0, 0.0017595, 0.0023327, 0.0029428, 0.0022017, 0.0003803, 0, 0, 0.0021604, 0, 0.0032858, 0, 0.0022681, 0, 0.002606, 0, 0, 0, 0, 0, 0, 0.0009056, 0, 0.000572, 0, 0.0008504, 0.0003946, 0, 0.0024468, 0.0024295, 0, 0, 0.0008748, 0.0040911, 0.0014157, 0, 0, 0.0024308, 0, 0.0001519, 0, 0, 0.0019973, 0.002786, 0.0031366, 2.19e-05, 0.001843, 0, 0.0015626, 0, 0.00166, 0.001727, 0, 0, 0.002852, 0, 0, 0.0026538, 0.0024669, 0.0025436, 0.0019551, 0, 0.0028351, 0.0028169, 0.0027827, 0, 0.0020413, 0, 0.0033313, 0, 0.0018509, 0.0004199, 0, 0, 0.0010686, 0.0003739, 0.0001705, 5.47e-05, 0, 0, 0, 0.0008997, 0.0025693, 0.0026178, 0, 0, 0, 0, 0.0007963, 0, 0.0003013, 0.0004677, 0, 0, 0.0002323, 0, 0.0025417, 0, 0.0037003, 0.0026957, 0.0022296, 0, 0.0001465, 0, 0, 0, 0, 0, 0.0006397, 0, 0.0027208, 0.0029859, 0.0033908, 0.0021888, 0.0003446, 0, 0.0004286, 0.0006483, 0.0006798, 0.0013448, 0, 0, 0.0033739, 0, 0.001886, 0.0011302, 0.000383, 0, 0.0001749, 0, 0.0004217, 0.0005245, 0.0022588, 0, 0, 0.0024404, 0.0021781, 0, 0, 0, 0.0002399, 0.0003052, 0, 0.0026581, 0, 0, 0.0007569, 0, 0, 0.0003131, 0.0006927, 0, 0.0030635, 0.0025041, 0.0021901, 0, 0, 0, 0.0006077, 0.002743, 0, 0.0031387, 0.0032751, 0, 0, 0, 0, 0.0028169, 0.0024904, 0, 0.0037297, 0, 0, 0.0025942, 0, 0, 0.0016575, 0.0021267, 0.0029191, 0.0030922, 0.0026982, 0.0021082, 0, 0, 0.0036704, 0.0021757, 0.0020035, 0.0024235, 0.0030363, 0.00248, 0.0029636, 0.0033115, 0, 0.0008475, 0.0004218, 8.94e-05, 0, 0, 0, 0, 0.001609, 0, 0.0015207, 0, 0.0023789, 0, 0.0004292, 0, 0, 0, 0, 0, 0, 0.00087, 0.0019084, 0.0024387, 0.0033288, 0.0021354, 0.0017966, 0.0008573, 0.0010874, 0.0009204, 0, 0, 0, 0.0007432, 0, 0, 0.0024507, 0, 0.0013961, 0.0005504, 0.0004299, 0.0001565, 0, 5.23e-05, 0.0009694, 0.0020581, 0.0022095, 0.0031175, 0.0027715, 0.0026419, 0.0005892, 0, 0, 0, 0.0009335, 0.0020832, 0.0010857, 0, 0.0035124, 0.0034931, 0, 0, 0, 0, 0.0016053, 0, 0.0027022, 0.0027819, 0, 0, 0, 0, 0, 0, 0.0029918, 0.0027527, 0, 0, 0.0008346, 0.0023959, 0.0020053, 0, 0.0036146, 0, 0.0011186, 0.0022694, 0.002132, 0, 0.0020004, 0, 0.0026366, 0, 0, 0, 0.0016404, 0, 0.0024197, 0.0028517, 0.0031719, 0.003883, 0.0025821, 0.0020047, 0, 0, 0.0027418, 0.0007673, 0.0004566, 0, 0.0007662, 0, 0, 0, 0, 0.0021552, 0.0022191, 0.0024502, 0.0024449, 0, 0.0012274, 0.0010366, 0.0007255, 0.0014194, 0.0006769, 0, 0, 0.0020136, 0.001262, 0.0016292, 0.0019731, 0, 0.0008561, 0.0007226, 0.0011763, 0.0004314, 0.0007112, 0.0010685, 0.0026144, 0.0028796, 0.0029896, 0, 0.0023536, 0.0011893, 0.0004665, 0, 0, 0.0013521, 0, 0.0017649, 0, 0.0025227, 0.0022712, 0, 1.31e-05, 0, 0.001212, 0.0026142, 0.0008946, 0.0023328, 0.0033357, 0.0023468, 0, 0, 0, 0.0024171, 0.0023078, 0, 0.0026129, 0.002601, 0, 0.0011211, 0.0021562, 0.0024372, 0.0027982, 0.0025153, 0.0026646, 0.0017485, 0.0032717, 0.0026349, 0, 0, 0.0031164, 0, 0, 0.0022346, 0.0022691, 0.0017929, 0.0021565, 0.0022774, 0, 0.0039582, 0.0031937, 0.0018472, 0.0020171, 0.0022319, 0.0017316, 0.0013742, 0, 0.0007739, 0.0005135, 0.0003177, 0.0001493, 0.0003978, 0.0004003, 0, 0.0033901, 0.0045955, 0.0031848, 0.002369, 0.0005471, 0.0002469, 1.9e-06, 0, 2e-07, 0, 0.002645, 0.0023842, 0.002622, 0.0026333, 0.0021563, 0.0004009, 0, 0, 0.0001766, 0.0007928, 0.0023268, 0.002721, 0.0023813, 0.0023037, 0, 0, 0, 0, 0.0006111, 0.0034776, 0.0029977, 0.0024853, 0.0028322, 0.0027255, 0, 0, 0.0004591, 0, 0.0013249, 0.0025464, 0.0032515, 0.0027645, 0, 0, 0.0021379, 0, 0.002028, 0.0023456, 0.0022406, 0.0009634, 0.0028421, 0.0020819, 0.0028374, 0.0029816, 0.0032466, 0.0033787, 0, 0, 0, 0.0020086, 0.0020392, 0, 0.0026892, 0, 0.001982, 0.0020647, 0.0021637, 0.002111, 0.0025979, 0.0028261, 0, 0.0005645, 0.0005346, 0.0003018, 0, 0.0006313, 0.0025566, 0.0024817, 0, 0.0041666, 0.0027902, 0.0004598, 0, 0.0006647, 0.0013583, 0.000525, 0.0015556, 0.00202, 0.0021729, 0, 0.0018832, 0.0005966, 0.0003606, 0, 0.0005935, 0.0022576, 0.0020331, 0.0023215, 0.0024802, 0, 0, 0.0004922, 0.000424, 0, 0, 0, 0.0033207, 0, 0.0006566, 0.0006251, 0.0036654, 0, 0, 0, 0, 0, 0.0028935, 0.0022493, 0.0018952, 0.0025068, 0.0030315, 0.0030818, 0, 0, 0.0023225, 0.0025433, 0.0028025, 0, 0.0017571, 0.0020806, 0.003187, 0.0028015, 0.002499, 0.0021422, 0, 0.0027999, 0, 0, 0.0001744, 0.0005047, 0.0003553, 0, 0.0022783, 0.0019054, 0, 0.001829, 0, 0, 0, 0.000493, 0.0027186, 0.002578, 0.0022784, 0, 0.0030477, 0, 0, 0.0003031, 0, 0.0024987, 0.0022088, 0.0017857, 0, 0, 0.0005448, 0.00271, 0, 0.0018929, 0.0023747, 0.0022965, 0, 0.003411, 0, 0.0026405, 0, 0.002077, 0.0016231, 0, 0, 0.0036328, 0.0026244, 0.0028583, 0.0030174, 0.0032431, 0.0030613, 0.0023627, 0, 0, 0.0022816, 0.0018465, 0, 0.0004443, 5.19e-05, 0.0009611, 0, 0.002802, 0.0032055, 0, 0, 0.0029011, 0, 0, 0.0006402, 0.001562, 0, 0.0034837, 0.002519, 0, 0, 0.00059, 0.0024742, 0, 0.0036912, 0, 0.0019818, 0.0012079, 0.0026663, 0.0027034, 0.0027723, 0, 0, 0.0022671, 0, 0.0027483, 0, 0.002851, 0, 0.0030333, 0.0028178, 0.0031011, 0.0029006, 0, 0.0029792, 0.0024326, 0, 0.0027258, 0, 0, 0.000629, 0.0024668, 0, 0, 0.0033431, 0, 0, 0.0004743, 0, 0.0024438, 0.0027989, 0.0019729, 0.0015541, 0, 0.002374, 0.0023737, 0.0031285, 0.0032043, 0, 0.0022979, 0.0024998, 0.0031088, 0.0033291, 0, 0.0017126, 0, 0, 0, 0.0028899, 0.0023754, 0.0021364, 0, 0.0023651, 0.0024869, 0, 0.0004297, 0, 0.0031204, 0.0031555, 0.002623, 0.0021367, 0, 0.0023503, 0, 0, 0.0017672, 0.0015618, 0, 0, 0.0017649, 0, 0.0027797, 0, 0.0024909, 0.0028202, 0.0026342, 0.002245, 0.0026466, 0.0031257, 0.0022933, 0, 0, 0.0009313, 0.0026816, 0, 0.0025513, 0.0026628, 0.002197, 0.001787, 0, 0.0036669, 0.0029101, 0.002163, 0.0021262, 0.0020963, 0, 0.0020166, 0.002294, 0.0016089, 0.0019411, 0.0027721, 0.002887, 0.0027658, 0, 0, 0.002978, 0.0028761, 0, 0.002518, 0.0029062, 0.0033996, 0.0035548, 0, 0, 0, 0.0032745, 0.0029916, 0, 0.002507, 0.0016315, 0, 0.003331, 0, 0.0025735, 0.0026766, 0.0023959, 0, 0, 0.0021714, 0.0020109, 0, 0, 0, 0.0021939, 0.0021078, 0, 0.0025649, 0], [0, 0, 0, 0, 2e-07, 0, 0, 0, 0, 0, 0, 0.0005423, 0, 0.0029121, 0.0025224, 0.0022659, 0.0018061, 0, 0.002273, 0.0019418, 0, 5e-07, 6.02e-05, 0.0023041, 0, 0.0003634, 0.0019927, 0.0005742, 0, 0, 0, 0.0010848, 0.0022897, 0.0029438, 0.0033633, 0, 0.0002972, 0, 1.1e-05, 0.0009647, 0.0021799, 0.002594, 0, 0, 0, 0, 0.0029604, 0, 0, 0, 0, 0.0028215, 0, 0, 0, 0.0023019, 0, 0.0006465, 0, 0, 0, 0, 0, 0.0016579, 0, 0.0025122, 0, 0.0020049, 0, 0.0004334, 0, 0, 0.0023672, 0, 0, 0, 0.0027832, 0, 0, 0, 0, 0.0029906, 0.0026819, 0, 0, 0.0015993, 0, 0.0005496, 0.0032244, 0.0011822, 0, 0, 0.0032911, 0, 0, 0.0001835, 0.0005367, 0.0024904, 0.0022899, 0, 0.0022175, 0.0019656, 0, 0.0006029, 0.0027883, 0.0028032, 0.0029776, 0.0030625, 0, 0, 0, 0, 0.0019123, 0.0005039, 0.0018969, 0.0019475, 0.0019423, 3e-07, 0, 0.0023274, 0.0019733, 0, 0.0027469, 0.0025769, 0, 0.0030589, 0.0028324, 0.0023833, 0, 0.0025825, 0.0022438, 0.0005458, 0.0023299, 0.0023546, 0.0024457, 0.0003681, 0, 0, 0.0007737, 0.0004117, 0.0002228, 0, 0, 0, 0, 0, 0.0019696, 0, 0.0033943, 0, 0.0034198, 0, 0.0007434, 0, 0.0002841, 0, 0, 0, 0, 0.0012658, 0, 0, 0.0021806, 0, 0.0017758, 0.000546, 0.0003713, 5.99e-05, 4.5e-06, 0, 0, 0, 0.0005449, 0.0024078, 0.0025971, 0, 0.0029621, 0.0024034, 0.0004521, 0.0006302, 0.0003704, 0.0004026, 0.0003836, 0.000827, 0.0006355, 0.0023256, 0.0031211, 0.0029342, 0.0024094, 0.0019324, 0, 0.0003291, 0.0002454, 0, 0.000309, 0, 0, 0.0030537, 0, 0, 0.0008171, 0, 0, 0, 0, 0.0006497, 0.0022838, 0, 0.0024663, 0.0024721, 0.002114, 0, 0, 0, 0.0002244, 0, 0, 0.0035071, 0, 0, 0, 0, 0, 0.0012037, 0, 0.0028338, 0.0027393, 0, 0, 0.0005486, 0.0022864, 0.0026805, 0.0021771, 0.0024893, 0.0023366, 0.0009331, 0, 0.002469, 0.0025256, 0.0026054, 0.0018399, 0, 0.0031771, 0, 0.0029451, 0.0025696, 0, 0, 0, 0.0018142, 0, 0, 0, 0, 0.0029307, 0, 0, 0.0009634, 0, 0.0003343, 0.0003728, 0, 0, 0, 0.0008513, 0, 0.0021583, 0.001994, 0.0017726, 0, 0, 0, 0, 0, 0, 0, 0, 0.0007826, 0, 0.0024024, 0.002276, 0.002121, 0.0019734, 0.0010112, 0.0011196, 0.0009086, 0, 0, 0.0010784, 0.0011655, 0.0028576, 0.0027602, 0.0029055, 0.0024116, 0.002165, 0.0007694, 0.0005437, 4.57e-05, 0, 5.3e-06, 0.0009991, 0.0030263, 0.0031853, 0.0027572, 0.0029723, 0.0027386, 0.0005448, 0, 0, 0, 0.0007156, 0, 0.0027919, 0, 0, 0.0020213, 0, 0, 0, 0.0010209, 0.0031908, 0, 0.0022455, 0.0026289, 0.0028789, 0, 0, 0, 0, 0.0022513, 0.002512, 0, 0, 0, 0, 0.0023428, 0.0027291, 0.0023404, 0.0019742, 0.0028974, 0.0008998, 0.0018813, 0.0033324, 0.0042349, 0.0035067, 0, 0.0030466, 0.0028078, 0.0027953, 0.0025646, 0, 0.0019658, 0, 0.0022692, 0.0020733, 0.002498, 0.001907, 0.0013889, 0, 0.0023911, 0, 0.0009216, 0, 0, 0, 0, 0, 0, 0.0014257, 0.0029976, 0.0030551, 0.0030229, 0, 0, 0.0004649, 0.0009488, 0.000918, 0, 0.0003615, 0, 0, 0.0023991, 0, 0.003028, 0.0025833, 0.0028525, 0.0012281, 0.0004968, 0.0004329, 0, 0.0013152, 0.0010114, 0.0026744, 0.0019493, 0.0023311, 0.002594, 0.0019384, 0, 0.0001607, 9.9e-06, 0.0010664, 0.0012787, 0.0021539, 0, 0.0033302, 0.0034121, 0.0025305, 0.0005392, 9.08e-05, 0, 0.0011655, 0.0021621, 0.0020833, 0, 0.0024952, 0, 0, 0, 0.0014528, 0.0019918, 0.0017166, 0.0019478, 0, 0, 0, 0.0017833, 0.0035378, 0.0027816, 0.0030585, 0.0029171, 0, 0.0021911, 0, 0, 0.0024958, 0.0027527, 0.0031134, 0.0034211, 0.0026153, 0, 0.0023988, 0.0023684, 0.0021, 0, 0, 0.0025926, 0, 0.0033217, 0.0026193, 0.0030177, 0.0029169, 0.0026168, 0.0004882, 0, 0, 0.0005443, 0.0002181, 0.0004712, 0.0006685, 0.0038561, 0.0029391, 0, 0, 0, 0, 0, 1.04e-05, 0, 4.7e-06, 0, 0.0021255, 0.0025123, 0.0021537, 0, 0, 0.000172, 0, 0, 0.0001111, 0, 0.0019329, 0.0022048, 0.0021504, 0.0027985, 0.00307, 0, 0, 0, 0.0007287, 0.002444, 0.0026055, 0.0026539, 0.0031951, 0.0031868, 0, 0, 0.0008618, 0.0027092, 0.0022335, 0.0021703, 0, 0, 0, 0, 0, 0.0026172, 0, 0.0018134, 0, 0.0007289, 0, 0, 0.0034712, 0, 0.0024673, 0.0032948, 0.0039866, 0.0040358, 0, 0.0019841, 0.002061, 0, 0, 0.0021596, 0, 0.0023214, 0.0029242, 0.0023854, 0.0025052, 0.0026151, 0.0005003, 0, 0.0004051, 0.0002457, 0.0002729, 0, 0.0024066, 0, 0.002758, 0.0026171, 0.0023342, 0.0006305, 0.000671, 0.0004812, 0, 0, 0.0014719, 0, 0.0028907, 0, 0.0018891, 0.0006987, 0.00068, 0.0009716, 0.0005746, 0.0018211, 0.0020396, 0, 0.0021922, 0, 0.000446, 0.0008388, 0.0008545, 0.001472, 0, 0.003474, 0, 0.0029643, 0.0003648, 0.0004939, 0.0024024, 0.0030037, 0.0027705, 0, 0, 0, 0.0021786, 0.0022338, 0.0026706, 0.0023748, 0, 0, 0.0029406, 0.0035972, 0.0035409, 0, 0, 0.0027073, 0, 0.0023274, 0.0023853, 0.0020747, 0.0014615, 0, 0.0028825, 0.0022132, 0.0005724, 0.0004825, 0, 0.0006173, 0, 0.0011007, 0, 0, 0.0024503, 0.0022425, 0.0004602, 4.04e-05, 0.000408, 0.0005283, 0.0017754, 0.0021602, 0.0022517, 0, 0.0025732, 0, 6.21e-05, 0.0004144, 0, 0.002247, 0, 0.0022522, 0.002323, 0, 0, 0, 0, 0.0026568, 0.0029592, 0, 0.0008982, 0.0025714, 0.0021866, 0.0022631, 0.0024796, 0, 0.0030223, 0, 0.0038377, 0.0036979, 0, 0.0035047, 0.0021921, 0.0020891, 0.0021217, 0.0027018, 0.0029513, 0, 0.0031554, 0.0028913, 0.0027094, 0.0003547, 0, 0, 0.0004608, 0, 0.0037255, 0.0032577, 0.0032707, 0.0029971, 0, 1e-06, 0.0006782, 0.0028665, 0, 0.0023566, 0.0021388, 0, 0, 0.0008679, 0.004032, 0.0027368, 0.003195, 0.0034454, 0.0021552, 0.0008162, 0.0023295, 0.0026464, 0.0029768, 0.0028149, 0, 0.0022463, 0.0029024, 0.0026428, 0.0022371, 0.0020101, 0.0018814, 0, 0.0023766, 0.0019924, 0, 0, 0.0017432, 0, 0.0030217, 0, 0, 0, 0, 0, 0, 0.0035141, 0.0034914, 0.0033464, 0, 0, 0, 0, 0.0022895, 0.0017062, 0.0018922, 0.0009333, 0.0023984, 0.0027606, 0.0022858, 0.0023817, 0.0018854, 0.0016058, 0, 0.0026949, 0.0031543, 0.0020504, 0.0022226, 0.0033084, 0.0032614, 0, 0.0025428, 0, 0.0021086, 0, 0.0013702, 0, 0, 0.0006159, 0, 0, 0.0031555, 0.0028777, 0, 0.0011772, 0.0027542, 0.0027182, 0, 0.0027477, 0.0026688, 0.0024961, 0, 0, 0, 0.0029178, 0, 0, 0, 0.0025503, 0, 0.002654, 0.0025832, 0.0022318, 0.0017926, 0, 0.0010438, 0, 0, 0.0026704, 0.0018547, 0, 0.0024714, 0, 0.0026268, 0.0026905, 0.0028928, 0.0026073, 0, 0.0036251, 0.0023146, 0.0022042, 0.0025463, 0.0021151, 0.001756, 0, 0, 0.003143, 0.0030546, 0.0026527, 0.0024485, 0.0022731, 0.0022215, 0, 0, 0.0029145, 0.0026792, 0, 0.0014614, 0.0018077, 0.0021731, 0.0023011, 0, 0, 0.0011089, 0, 0.0031561, 0, 0, 0.0023895, 0.0013472, 0.0014153, 0.0031953, 0.0030303, 0, 0.0023116, 0.0024449, 0.0023767, 0, 0.002434, 0.0032747, 0.0032144], [0, 0, 0, 0, 0, 0, 0, 0, 0, 0, 0, 0.0003562, 0.0017227, 0, 0.0018895, 0, 0.0019956, 0, 0.0031264, 0.0025724, 0, 0, 0, 0.0028885, 0, 0.0002544, 0.0027727, 0.0005864, 0, 0, 0, 0.0007568, 0, 0.0021575, 0.002084, 0, 0.0003031, 0, 0, 0.0006823, 0.0019551, 0, 0, 0.0005698, 0.000718, 0, 0.0022303, 0.0022519, 0, 0, 0, 0.0007917, 0, 0, 0, 0.00162, 0.000414, 0.0005521, 0.0028881, 0, 0.0024723, 0.0024142, 0, 0.0008249, 0, 0, 0.0033526, 0.0030278, 0, 0.0005128, 0, 0.0001176, 0, 0, 0, 0.0015943, 0, 0, 0.0031242, 0, 0, 0.0044346, 0, 0, 0, 0.0023853, 0, 0.000583, 0.0031602, 0.0008281, 0, 0, 0, 0, 0, 0, 0.0006173, 0, 0.0029224, 0.0026063, 0, 0.0014038, 0, 0.0003374, 0.0020742, 0.0018631, 0, 0.0033801, 0.0022978, 0, 0, 0, 0, 0.0004054, 0.0024015, 0.0027144, 0.0027954, 0, 0.0030523, 0.0028751, 0, 0.0015933, 0, 0, 0.0026145, 0, 0.0029619, 0.0035192, 0.0036071, 0, 0.0022853, 0.0004475, 0.0022909, 0.0020771, 0.0015738, 0.0003506, 0, 0, 0, 0.0003475, 0, 0, 0, 0, 0, 0.0003833, 0, 0.0023911, 0.0025943, 0.0031272, 0.0032486, 0, 0.0009702, 0.0007755, 0, 0.0007424, 0, 0, 0.0002356, 0.0007707, 0.0012455, 0, 0.0024315, 0, 0.0017963, 0.0004045, 0.0001732, 2e-07, 0, 0, 0, 0, 0.0005163, 0.0023793, 0.0031421, 0.0026004, 0.0016312, 0.0012565, 0.0003348, 0.0002705, 0, 0.0007045, 0.000434, 0.0009241, 0.0006066, 0.003033, 0.0031172, 0, 0.0026368, 0, 0.0003445, 0.0002391, 0.0002306, 2e-07, 0.0005601, 0.0003431, 0, 0.0021824, 0, 0.0032324, 0.0031195, 0.0003646, 0, 0, 0.000383, 0.0006023, 0.0024343, 0.0031757, 0.0033935, 0, 0.0025863, 0.0001099, 0, 0.0001819, 0.0004224, 0.00221, 0.0023338, 0, 0.0021798, 0.0020832, 0, 0, 0.0008503, 0.0040731, 0, 0.0026572, 0.0030394, 0.0030225, 0, 0.0003722, 0, 0, 0.0027194, 0.0025662, 0, 0.0010333, 0, 0, 0.0024161, 0, 0.002337, 0.0023492, 0.0025494, 0.0024947, 0, 0.0024463, 0.0023768, 0.0022543, 0.0025747, 0.0025521, 0.0027871, 0.0023308, 0.0025179, 0.0027777, 0.0028693, 0.0028815, 0, 0, 0.0005196, 0.0001168, 0, 0, 0, 0, 0.0010533, 0.0026999, 0.0033249, 0.0030155, 0.0028961, 0.0026597, 0.0004036, 1e-07, 0, 0, 0, 0, 0, 0.0009198, 0, 0, 0.0028276, 0.0026668, 0.0025293, 0.0007853, 0.0006226, 0.0006022, 0.0004283, 0, 0.000548, 0, 0.00171, 0, 0.0021666, 0.0022792, 0.0012836, 0.0002716, 0, 0, 0, 0, 0.0010694, 0.0037098, 0, 0.001588, 0, 0.0027328, 0.0006429, 0, 0, 0, 0.0012, 0.0029062, 0.0028851, 0.0037475, 0.0037829, 0.0029491, 0, 0, 0, 0.0007491, 0.0022657, 0, 0.0024128, 0.0018611, 0, 0, 0, 0.0008026, 0, 0.0023031, 0.0025618, 0, 0.0036661, 0, 0.0007578, 0, 0, 0.0021578, 0.0024179, 0.0019582, 0.0008046, 0, 0.0021261, 0.0030338, 0.0021637, 0.0027923, 0.0034161, 0.0023487, 0.0021741, 0.0021627, 0, 0, 0.0038034, 0, 0.0030052, 0, 0, 0.0033046, 0.0028778, 0.0028046, 0.0029303, 0.0008766, 0.0004156, 0.0002434, 0.0002023, 0, 0, 1.73e-05, 0.0008273, 0, 0.002259, 0.0023489, 0, 0.0034938, 0.0008719, 0.0008959, 0.000811, 0.0009124, 0.0005669, 0.0010912, 0.0012541, 0.0032632, 0, 0.0030389, 0.0021126, 0, 0.0009302, 0.0006668, 0.0009011, 0.0003176, 0.000724, 0.0007778, 0, 0.0022371, 0.0022555, 0.0020168, 0.0021419, 0.0007815, 0.0003675, 0, 0.0005818, 0.0012652, 0.0031616, 0.0027227, 0.0026808, 0, 0.0031786, 0.000695, 2.21e-05, 0.000658, 0.0011294, 0.0030258, 0.0029304, 0.0026902, 0.0025779, 0.0024992, 0, 0, 0.0014583, 0.0026544, 0.002969, 0, 0.0029093, 0.0022067, 0, 0.0007775, 0, 0.0031671, 0, 0, 0.0032111, 0.0019911, 0, 0, 0.0030841, 0, 0.0027217, 0.0029513, 0.002959, 0, 0.0024555, 0.0026274, 0, 0.0032065, 0.0026472, 0.0026246, 0.0026302, 0, 0.0012185, 0, 0.0028612, 0, 0.0005361, 0.0005006, 0.0004838, 0.000547, 0.0001321, 0, 0.0006598, 0.0027352, 0.0023263, 0.0021214, 0, 0, 0.0005831, 0, 0, 0, 6.88e-05, 0.0007074, 0.0023427, 0.002185, 0, 0, 0.002577, 0, 0, 0, 0, 0.000688, 0.0021284, 0.0025054, 0.0029254, 0.0035568, 0.0027736, 0, 0, 0, 0.0006672, 0.0028231, 0.0025031, 0.0022702, 0, 0.0020496, 0, 0, 0, 0, 0, 0.0030861, 0, 0.0018916, 0, 0.0006347, 0.0034446, 0, 0.0018293, 0, 0.0021595, 0, 0.0030246, 0, 0.0017927, 0, 0.0023408, 0.0023409, 0.0020089, 0.0019225, 0.0016663, 0, 0.0025093, 0.0022787, 0.0024234, 0.0021401, 0.0014553, 0, 0, 0, 0.0019824, 0, 0.0005516, 0.0004063, 0.0004398, 0.0002323, 0, 0, 0.0024274, 0.0030862, 0.0036176, 0.0030117, 0.002431, 0, 0.0012272, 0.0007271, 0.0012824, 0, 0, 0.0026849, 0.0024731, 0.0022397, 0, 0.0007218, 0.0004968, 0, 0, 0.0021084, 0.0026685, 0.0021381, 0.0020706, 0.0020075, 0.0004006, 0.0005597, 0.000712, 0.0025763, 0.0028177, 0, 0.0025018, 0.0023322, 0.0004136, 0.0002122, 0, 0, 0.0021308, 0.0022307, 0, 0.0010442, 0.0016969, 0, 0, 0.0030146, 0.0018046, 0, 0.0025787, 0.0023006, 0.0025179, 0.0026853, 0, 0, 0.0035043, 0.0035853, 0.002979, 0.0027418, 0, 0.0026359, 0.002283, 0, 0.000438, 0.0004713, 0.0001906, 0.0006812, 0.0006762, 0.0032573, 0.002325, 0, 0.0030411, 0.003238, 0.0003909, 2e-06, 0.0006225, 0.0005832, 0.0031003, 0.0031087, 0.0029954, 0, 0, 0, 0, 0, 0.0040309, 0, 0.0026665, 0.0035296, 0.0037561, 0, 0.000397, 0.0016054, 0.0022521, 0.0023562, 0.0026875, 0.0027431, 0, 0.0021418, 0.0019779, 0, 0.0029006, 0.0031404, 0.0023052, 0, 0, 0.0024526, 0, 0.0028018, 0.0023954, 0.0024102, 0.0028329, 0.002559, 0.0027441, 0.002671, 0.0011887, 0, 0.0022285, 0.0003309, 0, 0, 0.0005998, 0.0020661, 0.0027294, 0, 0, 0, 0, 0, 0.0006949, 0, 0.0024433, 0, 0.0024813, 0.0022333, 0, 0.0006146, 0.0028448, 0, 0.000689, 0, 0, 0, 0.0027451, 0.0017683, 0, 0.0024737, 0.0027657, 0.0023439, 0.0018193, 0.0020068, 0.0017551, 0, 0.0028306, 0.0034654, 0.002829, 0.0029218, 0.0025193, 0, 0.0022239, 0, 0, 0.0007986, 0, 0, 0.0004489, 0, 0, 0, 0.0012817, 0, 0, 0.0003387, 0, 0, 0, 0.0030114, 0, 0.0011174, 0, 0.002092, 0, 0.0023106, 0.0024218, 0.0025123, 0, 0.0024253, 0.0022746, 0.0022212, 0, 0.0028946, 0.0030673, 0.0034703, 0, 0, 0.0026547, 0, 0.0017883, 0, 0, 0.0005443, 0.0016984, 0, 0.0031148, 0, 0, 0.000723, 0, 0.0024587, 0.0023625, 0.0029534, 0.0020905, 0.0019153, 0.0018502, 0, 0.0018957, 0, 0.0020215, 0.0023835, 0.0025525, 0.0027707, 0.0021283, 0, 0.0022804, 0.002239, 0.0028273, 0.0030679, 0.0007998, 0.0028581, 0.0029882, 0, 0.0032861, 0, 0.0029125, 0.00256, 0.0019161, 0, 0.0020892, 0, 0.0026523, 0.0029221, 0.0029477, 0, 0, 0, 0, 0.0012263, 0, 0, 0.0036992, 0.0027403, 0, 0, 0.0014926, 0.0012953, 0.0024126, 0.0027962, 0.0031674, 0.002902, 0.0024086, 0, 0.0021301, 0.0015954, 0, 0, 0.0024169, 0.0024084, 0.0026697, 0.0018693, 0.0023801, 0.0029126, 0.0029337, 0.0027802, 0, 0.0020216, 0.002162, 0.0025617, 0.002592, 0.0024273, 0, 0, 0.0023043, 0.0022231]]}})
      ok  88.0 s  auprc=0.7621435450111825
  [2/10] telecom_churn seed=43 ...
D:\Data\Harold\github\hsbc-quantum-fraud-2026\.venv\Lib\site-packages\eqc_models\base\results.py:172: UserWarning: Cannot evaluate objective value in results for <class 'eqc_models.ml.classifierqboost.QBoostClassifier'>. Method not implemented.
  warnings.warn(f"Cannot evaluate objective value in results for {model.__class__}. Method not implemented.")
Runtime of _build_weak_classifiers_sq: 2.61 seconds!
Built 816 weak classifiers!
Runtime of get_hamiltonian: 2.90 seconds!
2026-10-06 07:50:36 - Dirac allocation balance = 1574 s
2026-10-06 07:50:36 - Job submitted: job_id='6ac4e08b358b23d0cb3719e2'
2026-10-06 07:50:36 - QUEUED
2026-10-06 07:50:39 - RUNNING
2026-10-06 07:52:21 - COMPLETED
2026-10-06 07:52:23 - Dirac allocation balance = 1484 s
SolutionResults(solutions=array([[0.0000e+00, 0.0000e+00, 0.0000e+00, ..., 0.0000e+00, 2.3790e-03,
        2.0830e-03],
       [0.0000e+00, 0.0000e+00, 0.0000e+00, ..., 0.0000e+00, 0.0000e+00,
        0.0000e+00],
       [0.0000e+00, 0.0000e+00, 0.0000e+00, ..., 0.0000e+00, 3.2264e-03,
        0.0000e+00],
       ...,
       [0.0000e+00, 0.0000e+00, 0.0000e+00, ..., 2.7881e-03, 2.9600e-03,
        0.0000e+00],
       [0.0000e+00, 0.0000e+00, 0.0000e+00, ..., 0.0000e+00, 0.0000e+00,
        0.0000e+00],
       [0.0000e+00, 1.9700e-05, 7.1000e-06, ..., 2.7314e-03, 2.5742e-03,
        0.0000e+00]]), energies=array([-1880.2888184, -1880.2648926, -1880.2188721, -1880.0998535,
       -1879.8157959, -1879.7497559, -1879.6696777, -1879.6428223]), counts=array([1, 1, 1, 1, 1, 1, 1, 1]), objectives=None, run_time=[8476111412, 9085009575, 14749085426, 14220297813, 7948600769, 12087536812, 8123579025, 14696618080], preprocessing_time=4517300606, postprocessing_time=[0, 0, 0, 0, 0, 0, 0, 0], penalties=None, device='dirac-3_normalized_qudit', raw_solutions=None, time_units='ns', response={'job_info': {'job_id': '6ac4e08b358b23d0cb3719e2', 'job_submission': {'problem_config': {'normalized_qudit_hamiltonian_optimization': {'polynomial_file_id': '6ac4e086d190799f598b1865'}}, 'device_config': {'dirac-3_normalized_qudit': {'num_samples': 8, 'relaxation_schedule': 2, 'sum_constraint': 1}}}, 'job_status': {'submitted_at_rfc3339nano': '2026-10-06T11:50:35.635Z', 'queued_at_rfc3339nano': '2026-10-06T11:50:35.635Z', 'running_at_rfc3339nano': '2026-10-06T11:50:36.281Z', 'completed_at_rfc3339nano': '2026-10-06T11:52:18.577Z'}, 'job_result': {'file_id': '6ac4e0f2d190799f598b1888', 'device_usage_s': 90}}, 'status': 'COMPLETED', 'results': {'counts': [1, 1, 1, 1, 1, 1, 1, 1], 'energies': [-1880.2888184, -1880.2648926, -1880.2188721, -1880.0998535, -1879.8157959, -1879.7497559, -1879.6696777, -1879.6428223], 'solutions': [[0, 0, 0, 0, 0, 0, 0, 0, 0, 0, 0, 0.0004324, 0, 0.0025687, 0.0024617, 0.0020406, 0.0017016, 0, 0.002404, 0, 0.0003096, 0.0034269, 0, 0, 0, 0.0020889, 6.1e-05, 0.0002899, 9.29e-05, 0, 0, 0, 0.0004215, 0, 0, 0.0018728, 0, 0.0026421, 0, 0, 0, 0.001186, 0, 0.0032191, 0.0029014, 0, 0, 0, 0, 0, 0, 0, 0.0016002, 0, 0.0005005, 0.0025865, 0.0006123, 0.0024371, 0, 0, 0, 0.0028097, 0, 0, 0, 0, 0, 0.002502, 0.0028133, 0.0004553, 0.0025804, 0.0024262, 0, 0.0032708, 0, 0.0005565, 0.0021184, 0, 0, 0, 0.0015559, 0, 0, 0, 0, 0.0024083, 0.000736, 0, 0, 0.0004492, 0.0023373, 0.0004791, 0.0002422, 0.0021821, 0, 0.0006614, 0.0029526, 0, 0.0018288, 0.0025143, 0.0032607, 0.0025207, 0, 0.0003311, 0.0018714, 0, 0, 0.0017479, 0, 0, 0.0008143, 0, 0.0034293, 0, 0.0020688, 0, 0.0035125, 0.0034062, 0, 0.0019886, 0, 0, 0.0026708, 0.0028617, 0.0024633, 0.0024369, 0.002085, 0.0018438, 0.001604, 0, 0, 0, 0.0016674, 0.0021137, 0.0019354, 0.0002645, 6.5e-06, 0, 0, 0.000455, 0, 7.83e-05, 0, 0, 0, 0.0011149, 0.0032235, 0, 0.0017048, 0.0021485, 0.0023576, 0, 0.0004332, 0, 0.0003098, 0, 0, 0, 0.0002831, 0, 0.0025622, 0, 0, 0, 0, 0, 0.0002021, 1.35e-05, 0, 0, 0, 0, 0, 0.0028143, 0.003203, 0.0030905, 0.0025776, 0.0023318, 0, 0, 0.0004226, 0.0005629, 0.0002066, 0, 0.0005916, 0.0023967, 0.0016854, 0, 0.0028694, 0.002275, 0, 0.0001889, 0.0003379, 0, 0.0002545, 0.0004335, 0.0022542, 0.0022443, 0.0018569, 0, 0, 0, 0, 0, 0, 0.0002923, 0, 0.0027312, 0.0033434, 0.0033378, 0.0031228, 0, 0, 7.56e-05, 0.0003073, 0, 0.0024443, 0, 0.0026359, 0, 0, 1e-06, 0.0009811, 0.0043701, 0, 0.0021954, 0.0024129, 0, 0, 0.0004945, 0.0018809, 0.0018662, 0, 0.0030366, 0.0037642, 0, 0.0026988, 0.0026184, 0.0022448, 0, 0.0019582, 0, 0, 0.0011802, 0, 0.0023373, 0.0025023, 0.0030949, 0.0021325, 0.0018241, 0, 0, 0, 0.0025929, 0, 0.0015107, 0, 0.0008833, 0, 0.0002905, 0.0002036, 0, 0, 6.47e-05, 0.0013412, 0.0031377, 0, 0.0027427, 0.0022792, 0.002043, 0, 0.0001644, 0, 0, 0, 0, 0, 0.0009813, 0.0027648, 0.0031012, 0, 0.0027607, 0.003054, 0, 0.0010378, 0.0006629, 0, 0.0007385, 0, 0, 0.0024375, 0, 0, 0.0030434, 0.0025453, 0, 0.0001459, 0, 4.5e-05, 0.00015, 0.0007922, 0.0020034, 0.0021202, 0.002238, 0, 0.0031646, 0.0003644, 0, 0, 0, 0.000693, 0, 0.0009528, 0, 0.0025131, 0.0022055, 0, 0, 0, 0.0008748, 0.0026438, 0.0020958, 0.0018279, 0, 0.0018292, 0, 0, 0, 0.0023474, 0.0021425, 0.0022606, 0.0020172, 0.0015892, 0, 0.000569, 0, 0, 0.0024789, 0.0025557, 0, 0, 0.0022666, 0, 0.0022416, 0, 0, 0, 0.0017623, 0.0020143, 0, 0, 0, 0.0016162, 0.0020186, 0.0019996, 0.0020404, 0.0027589, 0.0028915, 0, 0, 0.0025525, 0.0009337, 0.0005714, 0.0003771, 0, 0, 0, 0, 0.0008205, 0.001834, 0.0028015, 0.0029545, 0.0028302, 0, 0.0005998, 0.0006142, 0.0007588, 0.0009776, 0.0005918, 0, 0, 0.0026242, 0.0021935, 0.0024429, 0.0021443, 0.002244, 0.0007346, 0.0004471, 0.000484, 0.0003873, 0.0006414, 0, 0.0030972, 0.0038508, 0.0038946, 0, 0.0020456, 0, 0, 0.0002895, 0.0004136, 0, 0.0027753, 0.0027332, 0.0024677, 0.0031788, 0.0035943, 0, 0, 0, 0.000917, 0.0031998, 0.0026135, 0.002886, 0.0027495, 0.0022524, 0, 0, 0, 0.0026956, 0.0029934, 0.00321, 0.0025675, 0.0022827, 0, 0.0009056, 0.0027264, 0.0026888, 0.003667, 0.0025646, 0.0018102, 0, 0.0021742, 0.0020089, 0.0029216, 0.0035694, 0, 0.0027685, 0.0031283, 0.002981, 0, 0, 0.0019828, 0.0018046, 0, 0, 0.0023471, 0.0019313, 0.0023325, 0.0025881, 0.0028396, 0.0021876, 0.0002346, 0, 0.0004273, 0, 0, 0.0003582, 0, 0.0021362, 0, 0, 0.0029644, 0, 8.55e-05, 4.94e-05, 0, 0, 6.45e-05, 0.0004373, 0.0020345, 0.0023129, 0.0025558, 0.0025079, 0.0023583, 4e-07, 0, 0, 0, 0.0005773, 0.0028229, 0.0027159, 0, 0, 0.0022521, 0, 0, 0, 0.0005669, 0.0027699, 0.0023128, 0, 0.0019717, 0.0016385, 0, 0, 0.0008761, 0.0030455, 0, 0.0025519, 0.002585, 0, 0, 0.000474, 0.0014487, 0.001729, 0.0022666, 0.0024792, 0.0025239, 0.0007751, 0, 0.0020166, 0.0021503, 0, 0.0032319, 0.0017817, 0.0023923, 0.0022405, 0.0018218, 0.0023484, 0.0030095, 0.0025248, 0.0020671, 0.0025189, 0.0027702, 0, 0.0024743, 0.0022255, 0.0020664, 0.0020292, 0, 0.0004306, 0.0005574, 0.0003411, 0.0005933, 0.0004402, 0, 0.0023538, 0, 0.0011052, 0, 0.0006121, 0.0006199, 0, 0, 0, 0, 0.0030188, 0.0024847, 0, 0.0017961, 0, 0.0003886, 0.0006252, 0.0004584, 0.0019698, 0, 0.0030797, 0.0025765, 0.0022141, 0, 0, 0.0006091, 0.0022071, 0.0024545, 0.0024123, 0.0023406, 0.0022864, 0, 0.0001932, 0, 0.0017614, 0, 0.002496, 0.0024749, 0, 0.0019359, 0.002228, 0.0029652, 0.0032873, 0, 0.0021243, 0.0020587, 0, 0.0025269, 0.0025853, 0, 0, 0, 0.002179, 0, 0.0024916, 0, 0.0016533, 0.0016633, 0.0015568, 0.0003968, 0.0004265, 0, 0.0004824, 0.0003558, 0, 0, 0.0031037, 0.0025789, 0.002285, 0.0004784, 8.1e-06, 0.0003809, 0.0004413, 0.0035745, 0.0034429, 0, 0, 0.002028, 0, 1.18e-05, 0, 0.002802, 0.0027148, 0.0026197, 0.0023925, 0, 0, 0, 0.002022, 0.002942, 0.0031727, 0, 0.0024063, 0.0008175, 0.0020831, 0, 0, 0.0034481, 0.0028118, 0.002269, 0, 0.0024237, 0, 0.0017618, 0.0015806, 0, 0.0012047, 0, 0.0019538, 0.0018334, 0.0021808, 0.0025066, 0.0025465, 0, 0.0002663, 0, 0.000185, 0.0003552, 0.0016588, 0.0015988, 0.0022693, 0.0025128, 0.0023141, 0, 0, 0, 0.0029474, 0.0025179, 0, 0.0034207, 0.0029806, 0, 0.000545, 0.0033228, 0.0025818, 0.0026455, 0.0026035, 0.0022084, 0.0006384, 0.0024357, 0, 0.0028411, 0.0027289, 0.0028921, 0.0027429, 0.0024077, 0.0028113, 0.0023157, 0.0019516, 0, 0.0016573, 0.0019195, 0.0019648, 0, 0.0029794, 0.0032611, 0.0033026, 0, 0.0014392, 0, 0, 0, 0, 0.0027393, 0.0022626, 0.0025819, 0.0024494, 0, 0.0004548, 0.0032623, 0.0023586, 0, 0, 0.0021648, 0.0007633, 0.0028909, 0.0022419, 0.002276, 0.002077, 0, 0.0031922, 0.0022801, 0.0019396, 0, 0.0022583, 0.0023672, 0.0020295, 0, 0.0023212, 0.0025527, 0.0030737, 0.0036937, 0.0033926, 0.0030888, 0.0028874, 0, 0.0006712, 0.0030805, 0.0029122, 0.0028639, 0.0030225, 0.0024128, 0.0005119, 0, 0, 0.003365, 0.0031427, 0.0029665, 0.0028989, 0, 0, 0, 0.0025887, 0.0029078, 0.0026796, 0.0023249, 0.0021572, 0, 0.0033771, 0.0027495, 0.0023957, 0.0024701, 0.0025586, 0, 0, 0.002971, 0, 0.0021085, 0, 0.0030777, 0.0021895, 0.001888, 0, 0.0021975, 0.0018149, 0.0019972, 0.0018056, 0, 0, 0.002248, 0.0024007, 0.0020978, 0.0020418, 0, 0.0019745, 0.0021358, 0.0022015, 0.0026987, 0.0022217, 0, 0.0020255, 0.0018016, 0.0018693, 0.0020339, 0, 0.0025317, 0.0016644, 0.0007072, 0, 0.0020683, 0.0018433, 0, 0.0020607, 0.0023188, 0.0032084, 0.0031483, 0, 0, 0.0026761, 0.0027373, 0.0024358, 0, 0, 0.001657, 0.0020095, 0.0017465, 0, 0.002379, 0.002083], [0, 0, 0, 0, 3.49e-05, 0, 0, 0, 0, 0, 0, 0.0002706, 0, 0, 0.0032448, 0.0030754, 0, 0, 0, 0, 0.0004051, 0.0020306, 0, 0, 0, 0.0020352, 0, 0, 0.0001339, 0.0003858, 0, 0.0023951, 0, 0, 0.0010037, 0.0029355, 0, 0.0018801, 0.0008934, 0.0003228, 0, 0, 0, 0.0022547, 0, 0.0030624, 0, 0, 0.0020348, 0, 0, 0, 0.0027317, 0, 0, 0.0030264, 0, 0, 0.0027232, 0, 0, 0, 0, 0.0030185, 0, 0.0031818, 0, 0.0022476, 0.002081, 0, 0, 0.0028194, 0, 0, 0, 0, 0.0019901, 0.0023549, 0.0027678, 0.0029164, 0, 0, 0, 0, 0, 0, 0, 0, 0, 0.0005284, 0.0024866, 0.0003293, 9.37e-05, 0, 0, 0, 0.0010109, 0, 0.002741, 0.0028647, 0.0029589, 0.0030956, 0, 0.0003471, 0.0018153, 0.0015725, 0, 0, 0, 0, 0.0018557, 0, 0.0033709, 0.0004039, 0.002309, 0.0021632, 0.0019995, 0, 0, 0.0022265, 0, 0.0014988, 0, 0.0028416, 0.0022259, 0.0021348, 0.0022971, 0.0020764, 0.0021846, 0, 0.002948, 0.0004773, 0.0019972, 0, 0.0021683, 0, 2.1e-06, 0, 0, 0.0007273, 0, 0.0001646, 0, 0, 0, 0.0013783, 0, 0, 0.0021716, 0.0024966, 0.0020229, 0, 0.0009192, 0, 0.0005928, 0.0004717, 5.84e-05, 0, 0.0001056, 0, 0.0028075, 0.0026781, 0.0022192, 0, 0.0019687, 0.0002428, 5.94e-05, 1.99e-05, 0, 0, 0, 0, 0.0004415, 0.0024285, 0.0020844, 0.0020701, 0.0027915, 0.0030813, 0, 0.0003686, 0.0002804, 0, 0.0006217, 0, 0, 0.0024628, 0, 0, 0, 0.0028407, 0.0003383, 0, 0, 0, 0.000402, 0.000411, 0, 0.002084, 0, 0.0023835, 0.0019284, 9.86e-05, 5.96e-05, 0, 5.14e-05, 0, 0.0010032, 0.0026023, 0.0023982, 0.0021611, 0.0014144, 0.0001308, 0, 7.9e-06, 0.0004702, 0.0020016, 0.0026896, 0.0019926, 0.0017842, 0.0018378, 0, 0, 0, 0.0010292, 0, 0.0025517, 0.0028715, 0.0021691, 0, 0.0001308, 0, 0.0035091, 0, 0.0032813, 0, 0.0005367, 0.002502, 0.0019738, 0.0027752, 0.0026832, 0.0022059, 0, 0.0026552, 0.0025299, 0.0019685, 0.0021434, 0.0023599, 0, 0.0027573, 0, 0.0019145, 0.0024496, 0.0021427, 0, 0.0026542, 0.0027749, 0, 0, 0.0007217, 0, 0.0001553, 8e-07, 0, 0, 0, 0.0031635, 0.0033492, 0.003263, 0, 0, 0.0011033, 0, 0, 0, 0, 0, 0, 0, 0, 0.0038251, 0.0013987, 0.0030803, 0.0031721, 0, 0, 0, 0.0008278, 0, 0, 0, 0.0025403, 0.0027847, 0.0023375, 0.0023421, 0.0022883, 0, 0.0006153, 0, 1.9e-05, 9.5e-06, 0, 0.0016095, 0.0016288, 0, 0.0035587, 0.0031194, 0.0003811, 0, 0, 0, 0, 0.0029326, 0.0033312, 0.0026571, 0.0029242, 0.0031524, 0, 0, 0, 0, 0.0023499, 0.0027326, 0.0030116, 0.0028049, 0, 0, 0, 0.0011848, 0.0027804, 0, 0.0016934, 0.0022468, 0.0020262, 0, 0.0010223, 0, 0.0019239, 0, 0.0015748, 0.0014755, 0.0007128, 0, 0.0029726, 0, 0.0030445, 0.0031077, 0, 0.0025828, 0.0023182, 0, 0.0034452, 0.0028338, 0.0023845, 0, 0.0027276, 0.003348, 0.0025502, 0.0025418, 0.002629, 0, 0.00241, 0.0006895, 0.0003681, 0, 0.0002734, 0, 0, 0, 0.002008, 0, 0.0025618, 0.0023836, 0.0022544, 0.0022596, 0, 0.0010013, 0.0008331, 0.0012137, 0.0008209, 0.00145, 0.0013548, 0.002637, 0.0026232, 0.0024028, 0.0021806, 0, 0, 0.0005448, 0, 0.0002666, 0, 0.0007242, 0, 0, 0.0029658, 0.0029974, 0, 0.0005028, 0.0004809, 0.0005051, 0.0007375, 0.0009076, 0.0021408, 0.0024456, 0.0033178, 0.0027015, 0.0022355, 0, 0, 0, 0.0011012, 0.0033638, 0.0025661, 0.0025547, 0.0026394, 0.0025583, 0, 0, 0.0014745, 0, 0.0021102, 0.0029498, 0.0034255, 0.0032129, 0, 0.0011212, 0.0028308, 0.002624, 0.0022807, 0.0028476, 0.0031942, 0, 0.0029307, 0.0028791, 0.0026191, 0.0018195, 0.0022182, 0.0033639, 0.0038398, 0, 0.0022907, 0.002612, 0.0022802, 0, 0, 0.0017163, 0.0011593, 0.0018153, 0.0024173, 0.0023675, 0.0022149, 0.0024124, 0.0004769, 0.0004687, 0.0003388, 0.0002942, 0, 0, 0, 0.0032391, 0.0023594, 0.0021227, 0, 0.001935, 0.0001509, 0, 0, 0, 0, 0, 0.0022986, 0.0020208, 0, 0.0018051, 0.0019677, 0, 0, 0, 0, 0, 0.0019835, 0.0027393, 0.0027003, 0.0029615, 0.0030765, 0, 0, 0, 0.0005052, 0.0025525, 0.002691, 0.0015195, 0, 0, 0, 0, 0, 0.0024741, 0.0024517, 0, 0.0009391, 0, 0, 0.0004947, 0.0022194, 0.0021007, 0, 0.0033836, 0.0027064, 0.0007435, 0.0022695, 0.0027797, 0.0029515, 0.0022129, 0.0022161, 0.0035872, 0.0032162, 0, 0, 0, 0, 0, 0, 0.0032789, 0.0022093, 0.001564, 0, 0, 0.0031809, 0, 0, 0.0004177, 0.0006787, 0.0004825, 0.0009682, 0.0005519, 0.001915, 0.001783, 0.0018312, 0, 0.0022968, 0.0004927, 0.0005571, 0.0002084, 0, 0.0005269, 0.0024546, 0.002127, 0, 0.0025465, 0, 0.0007163, 0.0004308, 0.0004918, 0.0004674, 0.002347, 0.0020398, 0.0020268, 0, 0.0027385, 0.0004938, 0.00049, 0, 0.000807, 0, 0.0022776, 0.0023197, 0.0019698, 0.0005193, 0.0005063, 0.0011255, 0, 0, 0.0043755, 0.003584, 0, 0.0022414, 0, 0.0020687, 0.0022906, 0.0023135, 0, 0.0026991, 0.0023323, 0.0022392, 0.0023075, 0.0018757, 0, 0.0026132, 0.002426, 0.0022469, 0.0021888, 0, 0.0023532, 0.0022019, 0.0014327, 0, 0.0003841, 6.96e-05, 0, 0.0004505, 0.0023982, 0.0023542, 0.0023444, 0, 0.0023248, 0.0004911, 1.6e-06, 0.0005883, 0, 0.0029656, 0.0026844, 0, 0.0025052, 0.0019157, 0, 9.42e-05, 0.0007134, 0.0017758, 0, 0.0024453, 0.0025987, 0.0024019, 0, 0.0005162, 0.0028961, 0.0021367, 0.0016803, 0, 0.0022449, 0, 0, 0.0027501, 0, 0, 0, 0.0019815, 0, 0.0013194, 0, 0, 0, 0.0019356, 0.0024717, 0.0025017, 0, 0.0022587, 0, 0, 0, 0.0029616, 0.0002323, 0, 0.0001439, 0.0004587, 0.0017285, 0.00233, 0.0026618, 0.0027116, 0.0024618, 0, 0, 0, 0.00302, 0.0024702, 0.0026323, 0.0025725, 0.0021263, 0, 0, 0.0026733, 0.0022195, 0.0023027, 0, 0.0018063, 0.0009062, 0.0021609, 0, 0.0012281, 0, 0.00165, 0, 0.002603, 0.0024159, 0.0022877, 0.0021182, 0.0022533, 0.0022938, 0, 0.0020409, 0.002489, 0.002577, 0.002117, 0.0016411, 0, 0.0015067, 0, 0, 0.000198, 0, 0.0027225, 0.0025581, 0.0023775, 0.0021242, 0, 0, 0, 0.0023467, 0.0027188, 0.002762, 0, 0.0008447, 0.0033197, 0.0027869, 0.0023836, 0, 0.002843, 0, 0.0021234, 0, 0.0030826, 0.0031705, 0.002517, 0.0020203, 0.0028813, 0.0025751, 0.0025114, 0.0029983, 0.0023335, 0.0018933, 0, 0.0010227, 0, 0.0006157, 0.0027719, 0.0029265, 0.0027046, 0.0024025, 0.0021238, 0.0008793, 0.0028016, 0.0022752, 0.001409, 0, 0, 0.0033755, 0, 0.0021261, 0.0027184, 0.0018236, 0.0020762, 0.0023085, 0.0020336, 0, 0.0021552, 0, 0.003166, 0.0023198, 0.0024739, 0.0023573, 0, 0.0021865, 0, 0.002331, 0, 0.0006348, 0, 0, 0.0019205, 0, 0, 0.0020653, 0.0024106, 0.0027759, 0, 0.0018242, 0.0017882, 0.0015637, 0.0016603, 0.0017759, 0, 0.0033077, 0.0034682, 0, 0.0019152, 0.0023299, 0.0031445, 0.0029017, 0, 0.0026273, 0.0031477, 0.0029664, 0.0028525, 0.0022745, 0.0023225, 0.0021598, 0.0019704, 0.0024398, 0.0019415, 0, 0, 0, 0.0043847, 0.0037724, 0, 0.0014811, 0.002754, 0.0027501, 0, 0.0023235, 0.002308, 0, 0.0019675, 0, 0, 0], [0, 0, 0, 0, 1.12e-05, 0, 0, 0, 0, 0, 0, 0, 0, 0.0029994, 0.0031074, 0.0027132, 0.0022912, 0, 0.0025093, 0, 0.0002231, 0.0025098, 0, 1.76e-05, 0.0043419, 0, 2.1e-06, 0.0003251, 8.55e-05, 0.0002334, 0, 0.0030607, 0, 0, 0.0010764, 0, 0, 0.0040142, 0.0012973, 0, 3.01e-05, 0.0006029, 0, 0.0025344, 0.002601, 0.0022758, 0, 0, 0.0020649, 0, 0, 0, 0, 0, 0, 0.0019104, 0.0005688, 0.0024577, 0, 0, 0, 0.0012755, 0, 0, 0.0023944, 0.002292, 0, 0.0032389, 0.0022016, 0.0002257, 0, 0.0023056, 0, 0, 0, 0.0003491, 0, 0.0027164, 0.0037446, 0.0037417, 0.0036225, 0, 0, 0, 0, 0, 0.0007594, 0, 0, 0.0003712, 0.0024671, 0, 0.0001001, 0.0009806, 0, 0.0004874, 0.0028802, 0.0027342, 0, 0.0026797, 0.0032742, 0, 0, 6.18e-05, 0, 0.0026958, 0.0027824, 0.0028366, 0, 1e-07, 0, 0, 0.0030544, 0, 0.0023894, 0.0029552, 0.0026855, 0.0021743, 0, 0.004005, 0.00335, 0.0032915, 0, 0, 0.0019716, 0.0020219, 0, 0.0024137, 0, 0.0024235, 0.0021098, 0.000295, 0, 0.0016091, 0, 0.0002237, 1.63e-05, 0, 0.0008209, 0, 0, 0.0001541, 0, 0, 0, 0.0009761, 0.0026715, 0.0026483, 0, 0, 0.003196, 1.9e-06, 0.0005464, 0.0006406, 0.0004256, 0.0003757, 4.85e-05, 0, 0, 0.0008689, 0.0034024, 0.0027308, 0.0027574, 0.0029127, 0, 9.19e-05, 0, 2.3e-06, 0, 0, 0, 0, 0.0003949, 0.0019706, 0.0018446, 0, 0.0032032, 0.001443, 0.0002594, 0.0003265, 0.0003123, 0.0007456, 0.000313, 0.0005314, 0.0002732, 0, 0.0022467, 0, 0.0043137, 0.0035633, 0.0003209, 0, 0, 4.7e-06, 0.000187, 0.0004184, 0.0026847, 0.0026152, 0.0023376, 0, 0, 2.56e-05, 1.57e-05, 3e-07, 0.0001371, 0.000409, 0.0017438, 0.0028499, 0.0032461, 0.0035672, 0.0030911, 0, 0, 0, 0, 0, 0.0021691, 0.002631, 0.002507, 0.0021047, 0, 0, 0, 0.0018531, 0, 0.0035679, 0.002749, 0, 0, 0, 0.0022485, 0.0023755, 0.0022583, 0.0020273, 0, 0.0007671, 0.0027476, 0.0022388, 0, 0.0019723, 0.002605, 0.0023396, 0.0026086, 0.0030128, 0.0029003, 0, 0.0023303, 0.0026161, 0.0024019, 0.0022965, 0, 0.0023108, 0.0017751, 0.0021239, 0.0030013, 0.0028748, 0, 0, 0.000583, 0.0004462, 0.0002947, 2.5e-06, 0, 5e-07, 0, 0.0025617, 0.0023577, 0.0014926, 0.0009135, 0, 0.000227, 0, 2e-07, 0, 0, 0, 0, 0, 0, 0, 0.001846, 0.0017449, 0.0015498, 0, 0.0011043, 0, 0.0004011, 0.0003187, 0, 0, 0.0028574, 0.0030176, 0.0025922, 0.0027433, 0.0024872, 0, 0, 3.74e-05, 0, 9.6e-06, 0, 0.0035631, 0, 0, 0.0029404, 0.0025358, 0, 1e-07, 0, 0, 0, 0.0023968, 0.0023022, 0.0028441, 0.0035288, 0, 0, 0, 0, 0, 0.0022853, 0.0020613, 0, 0, 0.0018953, 0, 0, 0, 0.0027382, 0.002034, 0.0016951, 0, 0.0025132, 0, 0.0007269, 0.0021081, 0.0026191, 0, 0.0013778, 0, 0.0008097, 0, 0.0018763, 0.0019434, 0.0019341, 0.0020724, 0.002189, 0, 0.0024731, 0.0023172, 0, 0.002797, 0.0026637, 0.0028842, 0.0023804, 0.0021162, 0.0017628, 0, 0.0029121, 0.0035655, 0.0031862, 0.0005837, 0.0003896, 0.0002641, 0.000109, 0, 0, 0, 0.0010423, 0.002447, 0.0022684, 0.0021401, 0, 0.001871, 0, 0.0008277, 0.0007531, 0.0013252, 0.0008705, 0.001394, 0.0006531, 0.0009302, 0, 0.0033892, 0.002247, 0.001614, 0.0005137, 0, 0, 0.0002567, 0.0007082, 0.0007767, 0, 0, 0, 0.0021181, 0, 0, 0.0003041, 0.000213, 0.0004833, 0.0008525, 0.0025324, 0.0026617, 0, 0.0037415, 0.0039237, 0.0006878, 0, 0.000322, 0, 0.00201, 0.002404, 0.002979, 0.0028669, 0.0026201, 0, 0, 0.001297, 0.0022167, 0.0021105, 0.0021267, 0.0019014, 0, 0, 0, 0.0029914, 0.0030485, 0.0029646, 0.0028445, 0, 0.0013057, 0.0023919, 0.0020997, 0, 0, 0, 0.002015, 0.0026401, 0.0029873, 0, 0.003032, 0.003512, 0, 0.0026405, 0, 0, 0, 0.0020199, 0.0025386, 0, 0.0020148, 0.0003973, 0.0003029, 0, 0.0002856, 0.0001265, 0.0003079, 0.0004293, 0.0021107, 0.0018582, 0.0028013, 0.0029113, 0, 0.0001277, 3.9e-05, 9e-07, 0, 1.2e-06, 0, 0.0019845, 0.0019676, 0.0020112, 0, 0.0020029, 1.35e-05, 0, 0, 0, 0, 0.0024149, 0.0024429, 0.0026833, 0.0028773, 0.0027968, 0, 0, 0, 0.0004731, 0.0033964, 0.0022591, 0.002008, 0, 0, 0, 0, 0.0004963, 0, 0.0024262, 0.0023477, 0.0022329, 0, 0, 0.0004607, 0.0024374, 0.0027994, 0.0033024, 0.0029786, 0, 0.0003949, 0.00221, 0.0029468, 0.0024042, 0.0020887, 0, 0.0035957, 0.0021554, 0.0023557, 0.0020354, 0.0020944, 0.0021254, 0, 0.0018253, 0.0022555, 0.0022932, 0.00215, 0, 0.0026162, 0, 0.0008233, 0.0004257, 0.0003461, 0.0005728, 0.0002688, 0, 0.000452, 0.0011436, 0, 0, 0, 0, 0, 0.000534, 0.0003667, 0.0006118, 0, 0.0019349, 0, 0.0021278, 0.0028047, 0.0025822, 0.00068, 0, 0, 0.0004593, 0.0018989, 0.0017269, 0.001978, 0.0018821, 0, 0.0002729, 0.0003306, 0.0005096, 0.0019569, 0.0017222, 0.0019122, 0.0022664, 0.0022668, 0.0004019, 0.0005001, 0.0023482, 0.0029017, 0.0029075, 0.0028855, 0.0030854, 0.0007174, 0, 0, 0.0022434, 0.0021894, 0.0021595, 0, 0.0027807, 0.0024028, 0, 0.0036842, 0, 0, 0, 0.0031318, 0.002277, 0.0023479, 0.0026583, 0.0025003, 0, 0.0027357, 0, 0.0001621, 9.62e-05, 0.0002999, 0.0004456, 0.0022017, 0.0018043, 0.0022531, 0.0021691, 0.0020116, 0.0003496, 3.9e-06, 0, 0.0004992, 0.0028412, 0, 0.0012534, 0.001857, 0.0017093, 0, 0, 0.000564, 0.0032073, 0.0034864, 0.0017595, 0.0019671, 0.0020642, 1e-07, 0.0004835, 0.0030358, 0.0030312, 0, 0.003209, 0.0029587, 0.000602, 0.0026391, 0, 0, 0, 0.0022104, 0.0023542, 0, 0.0024773, 0.0028802, 0.0025679, 0, 0, 0.002302, 0.0023243, 0.0022999, 0.0022076, 0, 0.0021529, 0.0025341, 0.002636, 0.0001397, 0, 8.1e-06, 0, 0.0022097, 0.0021146, 0, 0.0020738, 0.001993, 0, 3e-06, 0.0005876, 0.0026872, 0.0024576, 0.0016349, 0, 0, 0, 0, 0.001953, 0.0021772, 0, 0.0018763, 0.0023843, 0.000643, 0, 0.0025796, 0, 0.0017735, 0.0019887, 0.0020804, 0.0019544, 0, 0.0021181, 0.0014028, 0, 0.0032666, 0.002184, 0, 0.0022552, 0.0026809, 0.0022072, 0.002271, 0.0033349, 0.0036959, 0, 0, 0.0006722, 0.0026142, 0.0022623, 0, 0, 0.0035157, 0, 0.0001778, 0, 0, 0, 0, 0.0027383, 0.0006334, 0.00135, 0, 0.0014151, 0, 0.003081, 0.0028467, 0.0019745, 0.0020425, 0.0018742, 0.0019631, 0.0028685, 0.0029835, 0.0032352, 0.0026439, 0.0020442, 0.0018933, 0, 0.0020923, 0.0025331, 0.0027015, 0, 0.0004952, 0.0019005, 0.0018022, 0.0031255, 0.0031923, 0, 0.0006985, 0.0022307, 0.0019705, 0, 0, 0.0026198, 0.0028289, 0, 0.001963, 0, 0.0027625, 0.0022184, 0.0018998, 0.0021602, 0.0023288, 0, 0.0021899, 0, 0.002111, 0.0023006, 0.0024414, 0, 0, 0.0023393, 0.0030711, 0.0033286, 0, 0.0025866, 0.0022404, 0, 0.0023841, 0.0022087, 0.0021886, 0.0021564, 0, 0.0029388, 0.0028216, 0.0029759, 0, 0, 0.0031074, 0, 0.0016712, 0, 0.0028064, 0, 0.0019307, 0.0020092, 0.0020836, 0.002425, 0.0025757, 0.0019357, 0.0023116, 0.0020632, 0.0025416, 0.0024948, 0.0027269, 0.0024081, 0, 0.0026798, 0, 0.0026567, 0.0022806, 0.002028, 0, 0.0031506, 0.0025159, 0.0019337, 0.0018196, 0, 0, 0.0029699, 0, 0, 0, 0.0032264, 0], [0, 0, 0, 0, 1e-07, 0, 0, 0, 0, 0, 0, 0, 0.0015856, 0, 0, 0.0020293, 0.0021827, 0, 0.0030521, 0, 0, 0, 0, 1.3e-06, 0.0024397, 0.0026144, 0, 0.0003694, 5.08e-05, 9.68e-05, 0, 0, 0.0002068, 0, 0.000829, 0.0021516, 0, 0.0021363, 0.0007656, 0.0002229, 0, 0.0001644, 0, 0, 0.0027447, 0.0027301, 0, 0, 0.0023598, 0, 0, 0, 0.0023848, 0, 0.0003619, 0.0020106, 0.000579, 0.0028795, 0.002974, 0, 0, 0.0030188, 0, 0.0019525, 0.0025529, 0.0028173, 0, 0.0025722, 0.0023459, 0, 0, 0.0026785, 0, 0, 0, 0.0003808, 0.0017332, 0, 0.0035284, 0.0033628, 0.0031174, 0, 0, 0, 0, 0.0017182, 0.0004412, 0, 0, 0, 0.0029078, 0.000348, 0.0001147, 0.002439, 0, 0.0004492, 0.0021102, 0, 0.0026968, 0.002557, 0.0027657, 0, 0, 0.0002552, 0.0017653, 0.0024068, 0.0021966, 0, 0.0022158, 0, 0, 0, 0.0017339, 0.0002348, 0, 0.0025903, 0.0021133, 0.0019277, 0, 0.0029404, 0, 0, 0.0021699, 0, 0.0022639, 0.0020684, 0.0018633, 0, 0.0024693, 0.0031797, 0.0033508, 0.0002556, 0, 0.0022854, 0.0018185, 0, 6e-07, 0, 0, 0, 9.51e-05, 0, 0, 0, 0, 0.0011386, 0.0030312, 0.0027166, 0.0026597, 0.0025145, 0.0019747, 0, 0.0006175, 0.0004344, 0, 0.0003299, 1.66e-05, 0, 0.0003425, 0.0009601, 0.0027191, 0, 0.0034523, 0.0027514, 0.002465, 0.0002975, 5.66e-05, 4e-07, 0, 0, 0, 0, 0.0004409, 0.0028755, 0.0031907, 0, 0.0029736, 0.0029808, 0.0001867, 0, 0.0002557, 0, 0.0003658, 0.0009763, 0.0004508, 0, 0.0019387, 0.0029324, 0.0028118, 0.0023563, 0.0003288, 8.38e-05, 0, 0, 0.0002481, 0, 0.0019179, 0.0016224, 0.0019978, 0.0025512, 0.0024927, 1.23e-05, 0, 0, 0.0001782, 0.0004496, 0, 0.0024642, 0.002337, 0, 0.0019794, 0.0001141, 0, 9.6e-06, 0.0003885, 0.0024268, 0, 0, 0, 0.0023325, 0, 0, 0.0007675, 0.0038693, 0.0025547, 0.0019332, 0.0016592, 0.0014715, 0, 0, 0, 0, 0.0019602, 0, 0.0025438, 0, 0.001395, 0, 0.004293, 0.0031933, 0.0018763, 0.0023687, 0.0028765, 0.0027388, 0, 0.0018246, 0, 0.0030175, 0.0029312, 0.002586, 0.0025429, 0.0025129, 0, 0.0033417, 0.0021879, 0.0017084, 0, 0, 0.0003682, 0, 0.0003153, 1e-06, 0, 0, 0, 0, 0.0021692, 0.0032195, 0.00383, 0.0026378, 0.0005859, 0.0001364, 0, 0, 0, 0, 0, 0.0009275, 0, 0.0023366, 0.0027611, 0.0023394, 0.0018681, 0.0007473, 0.0004161, 0, 0.0008293, 0.0005599, 0.0004044, 0, 0, 0, 0.0027189, 0, 0.0023017, 0.0005879, 0, 6.31e-05, 5.95e-05, 0.0001093, 0.0009504, 0.0023783, 0.0026676, 0.0026702, 0.0029219, 0.0028172, 0.0002893, 0, 0, 0, 0.0003628, 0, 0, 0.0028165, 0, 0.0018302, 0, 0, 0, 0, 0.0024002, 0.0021879, 0.0023653, 0.0023188, 0.0020881, 0, 0, 0, 0.0028173, 0.0025062, 0, 0.0032339, 0.0024267, 0, 0, 0.0022957, 0, 0.002632, 0, 0.0023994, 0, 0.0028414, 0.0027665, 0, 0, 0.0027831, 0.0026939, 0.0022831, 0.0023532, 0.0023257, 0, 0.0030537, 0.0028159, 0, 0, 0, 0.000616, 0, 0.0024752, 0.0029437, 0.0030771, 0, 0.0004138, 0.0003134, 0.0001933, 0, 0, 0, 0.0008127, 0.0022424, 0.0021728, 0.0019817, 0, 0.0018946, 0.000583, 0, 0, 0.0005371, 0.0005618, 0.0009938, 0.0006906, 0, 0.0011428, 0, 0.0025523, 0, 0.0007195, 0.0007223, 0.0009819, 0.0004089, 0.000899, 0.0009409, 0, 0.001958, 0, 0, 0.0022135, 0, 0.0002938, 0.0002209, 0, 0.0007876, 0, 0.0023979, 0, 0.0031902, 0, 0.0008284, 0, 0.0004998, 0, 0.0022279, 0.002477, 0.0024515, 0.0024384, 0.0022867, 0, 0, 0.0013676, 0.0023193, 0, 0, 0, 0, 0, 0.0008219, 0.0025867, 0, 0.001601, 0.0025009, 0.0030752, 0.0014325, 0, 0.0025733, 0, 0.0031695, 0.0025926, 0.002268, 0, 0, 0.0022631, 0.0021388, 0.0021302, 0.0026424, 0.0025381, 0.0025794, 0.0020036, 0.0019907, 0.0023009, 0.0023311, 0.00186, 0.0014322, 0.0002721, 0.0001517, 0.0001563, 0.0001115, 0, 0.0005807, 0.0004301, 0.0022465, 0.0020015, 0, 0.0028155, 0, 0, 1.05e-05, 0, 0, 1.86e-05, 0.0003687, 0.0020106, 0.0026389, 0.0025481, 0.0028267, 0.0028479, 0, 0, 0, 0, 0.0004941, 0.0022192, 0.0019862, 0, 0.0024147, 0.0022997, 0, 0, 0, 0.0004049, 0.0030124, 0.0034847, 0, 0.0029001, 0.0021911, 0, 0, 0.0006235, 0, 0, 0.0022209, 0.0021734, 0, 0, 0.0004828, 0.002815, 0.0024043, 0.0023297, 0.0025357, 0.0021536, 0.0005537, 0, 0, 0, 0, 0.0030266, 0.0034331, 0.0038122, 0.0041271, 0.0044335, 0.0027032, 0.0021204, 0, 0.0033115, 0.0026173, 0.0025788, 0.0028916, 0.0021884, 0.0020938, 0.0031284, 0.00287, 0.0002463, 3.94e-05, 0, 0.0002402, 0.0004646, 0.0003877, 0.0023164, 0.0022147, 0.001989, 0, 0, 0.0002244, 0.0003688, 0.0002761, 0.000452, 0.0003833, 0.0020838, 0.0020443, 0, 0.001882, 0, 0.000545, 0, 0, 0.0003446, 0.0018358, 0.0019662, 0.0026296, 0.0030305, 0.0029111, 0.000326, 0.0004704, 0.0005336, 0.0019638, 0, 0, 0.002107, 0, 0, 0.0003896, 0.001511, 0.0021128, 0.0023596, 0, 0.0026459, 0.0008476, 0, 0.0026013, 0.00281, 0, 0.002803, 0.0032166, 0.0038532, 0.0028984, 0.0019839, 0.0019843, 0.0020226, 0.0022903, 0.0018134, 0.0015208, 0.0008233, 0, 0.0020272, 0, 0.0014387, 0, 0.0003324, 0.0003326, 0.0001065, 0.0003513, 0.0004647, 0.0027883, 0.0023324, 0.0021425, 0.0019519, 0.0018312, 0.0003366, 0, 0.0003541, 0.0004156, 0.0019663, 0.0023263, 0.0020691, 0.001926, 0.00176, 0, 0, 0.0006791, 0.0028399, 0.0030321, 0.002936, 0.0024982, 0, 0, 0.0004243, 0.002347, 0, 0, 0.0025362, 0.0026477, 0.0008538, 0.0036606, 0, 0.0023007, 0.0025997, 0.0028893, 0.0027137, 0, 0, 0.0024029, 0.002358, 0.0033384, 0.0026821, 0.0027432, 0.0029162, 0, 0.0032756, 0.0030491, 0.003172, 0.0027983, 0, 0.0001053, 0, 0, 0, 0.0023723, 0.0020774, 0, 0.0032024, 0.0030342, 0, 6.9e-06, 0.0002067, 0, 0.001839, 0, 0, 0.0030245, 0, 0.0002887, 0, 0, 0.0028223, 0.0021863, 0.0017282, 0.0007701, 0.0029181, 0, 0.0021849, 0.0008836, 0, 0.0029179, 0, 0, 0, 0.0022231, 0.0021522, 0, 0.0024531, 0.0024767, 0.0025108, 0.0019504, 0, 0.0017081, 0, 0.0037349, 0, 0, 0, 0, 0, 0.0022584, 0.0027387, 0.0029119, 0, 0.0002614, 0, 0.0025788, 0.0034606, 0.0036416, 0.00323, 0.0006615, 0, 0.0021606, 0, 0.0030213, 0.0027462, 0, 0.0031127, 0.0027468, 0.0026758, 0.0027106, 0, 0.0018097, 0, 0, 0, 0, 0.0026481, 0, 0.0037177, 0.0035761, 0, 0.0003097, 0, 0.0026409, 0.0030072, 0.0031032, 0, 0, 0.0022558, 0.0023294, 0.0023304, 0.0018248, 0, 0.001443, 0, 0, 0.0021761, 0.0026938, 0.0031718, 0.0029149, 0.0024007, 0, 0.0031332, 0.0023749, 0.0027831, 0.0034086, 0.0020755, 0.0016845, 0, 0.0021427, 0.0021727, 0.0031709, 0.0020052, 0.0021828, 0.0028425, 0.0024245, 0.0031083, 0.0035853, 0, 0.0022862, 0.0022226, 0.0018602, 0.002147, 0.0029594, 0.0034771, 0.0028237, 0.0021972, 0, 0, 0.0021991, 0, 0, 0, 0, 0.0020065, 0.0025082, 0.0027388, 0.002646, 0.0021419, 0, 0.0024416, 0.0020613, 0.0026064, 0.0028328, 0.0024346, 0, 0.0019502, 0, 0.0034837, 0.0034589, 0.0031456, 0.0029725, 0.0029098, 0, 0, 0, 0, 0, 0.0019426, 0, 0.0015514, 0, 0.0020168, 0.001768], [0, 0, 0, 0, 0, 0, 0, 0, 0, 0, 0, 0, 0.0029438, 0.0009995, 0, 0, 0.001501, 0, 0.0012415, 0, 0.0001483, 0, 0, 0, 0.0025947, 0, 0, 0.0005901, 0.0001386, 0.0003175, 0, 0, 0.0001954, 0, 0.0009899, 0.0020216, 0, 0, 0.0009338, 0.0004515, 8.64e-05, 0.0003305, 0, 0.0049789, 0, 0.000878, 0, 0, 0.0025772, 0, 0, 0, 0.0029964, 0, 0.000431, 0.0015954, 0.000498, 0, 0, 0, 0, 0, 0, 0.001457, 0, 0.0019654, 0, 0.0022652, 0, 0.0002412, 0, 0.0022008, 0, 0.0028278, 0, 0.0004884, 0.0023548, 0.0018787, 0.0019963, 0.0031443, 0.0040292, 0, 0, 0.0022457, 0, 0.0019471, 0.0006067, 0, 0, 0.0002375, 0, 0, 6.44e-05, 0, 0, 0, 0.0022507, 0.0027693, 0.002939, 0.0023822, 0, 0.0026601, 0, 0.0003267, 0.002053, 0.0022694, 0.0022548, 0, 0.0034365, 0, 0, 0, 0.0015215, 0.0003985, 0.0024808, 0.0029683, 0.0029155, 0, 0, 0.0017788, 0.0024775, 0.0022462, 0, 0.002375, 0.0022639, 0.0016126, 0, 0, 0, 0.0031441, 0.0027804, 0.0003533, 0, 0.0024629, 0, 0.0002534, 9e-07, 0, 0.0005458, 0.0002788, 0, 6.31e-05, 0, 0, 0, 0.0009812, 0.0023251, 0, 0.0025801, 0.0021665, 0, 0, 0.0007277, 0.0006759, 0.0003779, 0.0003803, 5.1e-06, 0, 0.0002435, 0.0007852, 0.0020535, 0.0022111, 0.0027316, 0.0022492, 0.0018427, 0.0003522, 5.28e-05, 0, 0, 0, 0, 0, 0.0003297, 0, 0, 0.0019583, 0.0017357, 0, 0, 0, 0.0003122, 0.0005244, 0.0003555, 0.0006934, 0.0004679, 0, 0, 0, 0.0009818, 0, 0, 0.0002121, 0.0003003, 0, 0.000285, 0.000413, 0.0019225, 0.0023002, 0.0021901, 0.0023844, 0.0024661, 4.26e-05, 0, 0, 0, 0, 0, 0, 0.0026251, 0.0031792, 0.0029494, 0, 0, 4.44e-05, 0.000393, 0.0023484, 0.0025154, 0.0031682, 0.0025195, 0.0021551, 0, 0, 0.0005256, 0, 0.0026094, 0.0025037, 0, 0, 0, 0.0003728, 0.0021884, 0.0023792, 0.002633, 0.002485, 0.001959, 0.0005056, 0, 0, 0, 0.0028869, 0.0032519, 0, 0, 0.0021984, 0.0020696, 0.0025539, 0.0027481, 0.0023603, 0.0021317, 0, 0.0027691, 0.0027218, 0, 0, 0.0024248, 0.001989, 0, 0.0013852, 0.000996, 0.0005812, 0.0002603, 0, 0, 3e-07, 0.001064, 0.0030078, 0.0032519, 0, 0, 0, 0, 8.33e-05, 0, 0, 0, 0, 0, 0.0012347, 0.0032331, 0, 0, 0, 0, 0.0007511, 0, 0.0005864, 0.0005308, 0.0004444, 0, 0, 0.0020371, 0.0021264, 0.0023964, 0.0023792, 0, 0.0007158, 0.0004619, 8.62e-05, 7.5e-06, 2.64e-05, 0, 0.003071, 0.0021916, 0, 0.0032336, 0.0025666, 0.0002247, 0, 0, 0, 0.0012125, 0.0034498, 0.0030507, 0, 0, 0, 0, 0, 0, 0.0008082, 0, 0.0026802, 0.0026996, 0.0027259, 0.0025074, 0, 0, 0.0003043, 0, 0.0017192, 0, 0.0040208, 0, 0, 0.0013669, 0.0035711, 0.0025917, 0, 0.0020134, 0.00244, 0, 0.0023171, 0, 0.0034001, 0.0044296, 0, 0.0023131, 0, 0.003478, 0.0036456, 0.0027211, 0.0025074, 0.0023812, 0.0022198, 0.0021732, 0.0021547, 0, 0.0026005, 0.0018723, 0.0015209, 0, 0.0009946, 0, 0.0002943, 0.0002353, 0, 0, 0, 0, 0.0033966, 0.0034787, 0.0029924, 0.0026048, 0.0024618, 0, 0.0008579, 0.0008046, 0.0013048, 0.000882, 0.0010645, 0, 0, 0, 0.0025727, 0.00366, 0.0043047, 0.0008208, 0.000681, 0.0011259, 0.0003954, 0.0008149, 0, 0.002192, 0.0019081, 0.0010369, 0, 0.003669, 0.0007125, 0, 8.45e-05, 0, 0.0009888, 0.0030108, 0.0032902, 0.0032647, 0, 0, 0, 1.6e-06, 0.0008338, 0.0007718, 0.0014588, 0, 0.0027521, 0.0024456, 0, 0, 0, 0.0012666, 0.0030995, 0.0023414, 0.002812, 0.0030932, 0, 0, 0.0007767, 0.0028274, 0.0024068, 0.002133, 0, 0, 0.0012942, 0.0023603, 0.0026862, 0.0029412, 0, 0, 0, 0, 0.0027459, 0.0030967, 0.002964, 0.0029794, 0.0026083, 0, 0.0009184, 0, 0.0023182, 0.002514, 0.0022262, 0.0017265, 0, 0.0002432, 0.0001565, 0, 0.0004384, 0.0002133, 0.0004398, 0, 0.0038295, 0.0032064, 0.002667, 0.0021347, 0, 0, 7e-06, 0, 0, 5.52e-05, 0.0003202, 0, 0.0026626, 0.00291, 0.0034169, 0.0030232, 0, 0, 0, 0, 0.0005015, 0.0020791, 0, 0.0030257, 0.0028332, 0, 0, 0, 0, 0, 0, 0.0024079, 0.0027606, 0.0020647, 0.001322, 0, 0, 0, 0.0023668, 0.0026072, 0.0026681, 0, 0.0024187, 0, 0.0005648, 0.0031749, 0.0033554, 0.0033679, 0.0028635, 0, 0, 0.0023533, 0.0024614, 0, 0.0030627, 0.0019961, 0, 0.0017731, 0.0019669, 0.0022859, 0.0023606, 0, 0, 0, 0, 0, 0.0024354, 0.0023565, 0, 0, 0.0029628, 0, 0.0001654, 0, 0, 0.0004641, 0.0003311, 0, 0, 0, 0.0021198, 0, 0, 0.0006401, 0.0004898, 0.0006004, 0.0004631, 0.00238, 0.0020001, 0, 0.002855, 0, 0.0004758, 0.0003904, 0.0006672, 0, 0.002522, 0.0025774, 0.0025363, 0, 0, 0, 0.0002712, 0, 0.0027602, 0.0026347, 0, 0, 0.0030081, 0.0004158, 0.0005656, 0.0023295, 0.0024795, 0.0021131, 0, 0.0031051, 0.0005856, 0, 0, 0.0027201, 0.0021122, 0, 0, 0.0019529, 0, 0, 0.0018489, 0.0028683, 0.0032271, 0, 0.0027706, 0.002538, 0.0029334, 0.0026205, 0.0027289, 0.0032856, 0.003704, 0.000411, 0, 0, 0.0002983, 0.0003712, 0.0018066, 0, 0.0023918, 0.0025901, 0.0024789, 0.0003797, 0, 0.0003458, 0.0004106, 0.0012443, 0, 0, 0, 0.0034393, 0, 0, 0.0006281, 0.0023936, 0, 0.0017154, 0, 0, 0, 0.0002974, 0, 0.0019787, 0.0034133, 0.0035971, 0.0019065, 0.0008656, 0.0023632, 0.0024708, 0.0026208, 0.0026693, 0.0024701, 0, 0.0021793, 0.002012, 0, 0.0028951, 0, 0.0029381, 0.0029595, 0.0024309, 0.0026477, 0.0026627, 0.003171, 0.0031371, 0, 0.0023257, 0.0001812, 0, 0.0001299, 0.0005, 0.0026748, 0.0022237, 0, 0, 0.0017848, 0, 4e-07, 0.0006112, 0.0021316, 0.0022034, 0, 0, 0.0022985, 0, 0, 0, 0.001665, 0.001456, 0, 0.0025985, 0, 0.0024798, 0.0020949, 0.0024627, 0.0027968, 0.002712, 0.0027478, 0.0025831, 0.0022981, 0.0025, 0.0025785, 0.0026488, 0.0034045, 0.0035374, 0.0032205, 0, 0.0034111, 0.0028872, 0.0019689, 0.0020043, 0.0013929, 0, 0, 0, 0.0026582, 0.0031008, 0, 0.0022313, 0.0023401, 0, 0.0004691, 0.0020903, 0.002457, 0.0030409, 0.0029242, 0.0028621, 0.0006103, 0, 0.0022208, 0.0023506, 0.002292, 0.0020848, 0, 0.0035289, 0.0026257, 0, 0.0025755, 0.0025679, 0.0028765, 0.0022572, 0, 0.0017128, 0, 0.0025944, 0.001953, 0.0025906, 0.0029493, 0, 0.0006512, 0.0028125, 0.0028499, 0.002672, 0.0028299, 0.002643, 0.001026, 0.003691, 0.0030286, 0.0031991, 0.0031121, 0.002477, 0.0023486, 0, 0, 0.0028215, 0.0021074, 0, 0.0032803, 0.0023816, 0.0023478, 0.0029481, 0.0027948, 0.0027387, 0.0029389, 0.0030584, 0, 0, 0.0025444, 0.0019737, 0.001735, 0, 0.0024259, 0, 0.0031136, 0, 0, 0.0026327, 0.0023943, 0.0026923, 0.0028733, 0.0027167, 0.0029101, 0.0036724, 0.0032253, 0, 0, 0, 0, 0.0025737, 0.0019843, 0.0022931, 0.002906, 0.0031037, 0.0029642, 0, 0.0015681, 0.0011665, 0, 0.0024551, 0.0022351, 0.0021559, 0, 0.0026397, 0.0025167, 0.0022277, 0, 0.0029614, 0.002426, 0.0019866, 0, 0, 0.0024745, 0.0033811, 0.0036077, 0, 0.0031386, 0.002899, 0.0027209, 0.0025869, 0.0025905, 0, 0.0017516], [0, 0, 0, 0, 9.6e-06, 0, 0, 0, 0, 0, 0, 0.0003756, 0.0035919, 0.0026186, 0, 0.0024477, 0.0025504, 0, 0.0029032, 0, 0, 0, 0, 0, 0, 0, 0, 0.0003506, 0, 0, 0, 0, 0.0002687, 0, 0.0006386, 0, 0, 0.0035796, 0.0008614, 0.0003985, 6.78e-05, 0.0004523, 0, 0, 0.0021428, 0.0024123, 0, 0, 0.0047534, 0, 0, 0, 0.0030577, 0, 0, 0.0026093, 0, 0.0025474, 0.002844, 0, 0, 0, 0, 0.0023164, 0, 0.0026784, 0, 0.0020191, 0, 0.0003936, 0.002428, 0.0025767, 0, 0.0023713, 0, 0.0003982, 0.0023928, 0, 0, 0.0027686, 0.0030398, 0, 0, 0.0018765, 0, 0.0021275, 0, 0, 0, 0.0005146, 0.0023288, 0, 0.0001012, 0, 0, 0.0005549, 0.0027594, 0.0024844, 0.0023965, 0, 0.0025672, 0.0019791, 0, 0, 0.0034492, 0.003424, 0.0029741, 0.0025835, 0.0023391, 0, 0, 0, 0.002005, 0.0003391, 0.0024432, 0.0022738, 0.0024133, 0.0023011, 0, 0.0024078, 0.0023048, 0.0028889, 0.0029721, 0, 0.0014748, 0, 0, 0.0024582, 0.0030307, 0.0019982, 0, 0.000416, 0.0011796, 0, 0.0020891, 0.0002384, 0, 0, 0.0009411, 0.000605, 0.0001238, 1.87e-05, 0, 0, 0, 0.0009972, 0.0024957, 0.0023418, 0.00237, 0, 0.004231, 0, 0.0004611, 0, 0.0002299, 0, 0, 0, 0, 0.0008323, 0.0021192, 0.0022891, 0.0026239, 0.002839, 0.003208, 0.0003514, 3.37e-05, 0, 0, 0, 0, 0, 0.000586, 0.0036956, 0.0030201, 0.0029272, 0.0025536, 0, 0.000267, 0, 0.0003627, 0, 0, 0.0005507, 0.0004755, 0.0032578, 0.0023614, 0.0023397, 0.00227, 0, 0, 0.0002204, 0.0003079, 0, 0.0003205, 0.0004848, 0.0021965, 0.0024489, 0.0031245, 0.0027965, 0.0014746, 5.16e-05, 0, 0, 8.6e-06, 0, 0.002524, 0.0027921, 0, 0, 0.0014465, 0.0001146, 0, 0, 0.000492, 0.0026895, 0.0023226, 0.0023241, 0.0032782, 0.0028772, 0, 0, 0.0010715, 0, 0.0030731, 0.0037408, 0.0028641, 0.0023869, 0, 0, 0, 0.0020205, 0, 0.0036118, 0.0033196, 0.0006998, 0.0027218, 0.0032625, 0.0026378, 0.0021726, 0, 0.002412, 0.0021667, 0, 0.0019568, 0.0017737, 0, 0.0033968, 0, 0.002364, 0.0021114, 0.0022996, 0.0026143, 0.0033003, 0.0032153, 0.002756, 0, 0.0008118, 0.0005564, 0.0003687, 0.0001482, 0, 0, 0, 0.001322, 0.0032036, 0.0023827, 0.0019865, 0.0019271, 0.0022668, 0.0004555, 2.44e-05, 0, 0, 0, 0, 0, 0, 0, 0.001965, 0.0015311, 0, 0.0027178, 0.0007611, 0.0005081, 0.0004515, 0, 0.000747, 0.0005712, 0.0007132, 0, 0.002192, 0, 0.0027696, 0.0026026, 0, 0.0005325, 3.55e-05, 0, 3e-07, 0, 0.0016887, 0.0019606, 0.0020059, 0, 0.003215, 0.0001572, 0, 0, 0, 0.0008809, 0.0012435, 0, 0, 0.0007507, 0, 0, 0, 0, 0, 0.0033655, 0.0037109, 0.0024603, 0.0010632, 0, 0, 0, 0, 0.002127, 0.0023751, 0, 0.0035077, 0.0034173, 0, 0.000846, 0.0027472, 0.0023833, 0, 0.0027658, 0.0029136, 0.0009578, 0, 0, 0.0019521, 0, 0, 0.0019778, 0.0018, 0.0020982, 0.0022084, 0.0020783, 0, 0, 0.0027303, 0.0019522, 0, 0.0028731, 0.0027901, 0.0026348, 0.0019516, 0, 0.0006191, 0.0002827, 0, 9.61e-05, 0, 0, 0, 0, 0, 0.0021833, 0, 0.0035654, 0.0032, 0.0007805, 0.0007664, 0, 0.001054, 0.0006237, 0.0008479, 0, 0, 0.0026917, 0.0028817, 0.0023646, 0.0019682, 0, 0, 0.0014001, 0.0004103, 0.0010478, 0.0009725, 0.0021021, 0.0025178, 0.0027402, 0.0024868, 0.0021768, 0.0004428, 0.0001906, 0.0001212, 0, 0.0008349, 0.0023086, 0, 0.0029925, 0.0024679, 0, 0.0008138, 4e-07, 0.0008051, 0.0011367, 0.0039006, 0, 0, 0, 0.0017205, 0, 0, 0.0013213, 0, 0.0022541, 0.0020179, 0.0020859, 0.0020742, 0, 0, 0.0032593, 0.0040612, 0, 0.0036603, 0, 0, 0, 0, 0.0025038, 0.0025094, 0, 0.0026106, 0, 0, 0, 0.0029966, 0, 0.0028705, 0.0020596, 0.0020167, 0.0020692, 0.0020115, 0, 0.0021592, 0.0025377, 0.001952, 0.0002853, 0.0002399, 0.0001894, 0, 0, 0.0008647, 0.0005918, 0.0026012, 0.0024999, 0.0025695, 0.0025444, 0.0020432, 0.0001686, 4.19e-05, 0, 0, 0, 0, 0.0029955, 0.0029375, 0.0031372, 0.0025606, 0.0019806, 0, 0, 0, 0, 0, 0.0028664, 0.0029942, 0.0034294, 0, 0.0025076, 0, 0, 0, 0.0004754, 0.0025504, 0.0019996, 0.0028612, 0.0026737, 0.0023301, 0, 0, 0, 0.0025696, 0, 0.0017899, 0, 0.003019, 0, 0.0001186, 0, 0.0023619, 0.0022356, 0, 0.0026221, 0.0006973, 0.0018602, 0.0025657, 0.0027739, 0.0025303, 0.0026278, 0.0033088, 0.0033661, 0, 0.0017073, 0, 0.0044319, 0.0037317, 0, 0, 0.0029233, 0.003492, 0.0035086, 0.0030303, 0.0021703, 0.0018194, 0.0003019, 0.0001809, 0, 0.0003229, 0.0005009, 0.0005135, 0.0025875, 0, 0, 0.0021579, 0.0021883, 0.0005284, 0.0006366, 0.0004056, 0.0006661, 0.0002604, 0, 0, 0, 0.0025816, 0.0022558, 0.0007158, 0.0003923, 0.000502, 0.0002575, 0, 0.0027302, 0.0019957, 0, 0.0023738, 0.0005103, 0, 0.0002952, 0, 0.0023825, 0.0024916, 0, 0.0033446, 0, 0.0006438, 0.0042666, 0.0026443, 0.0022689, 0.0021855, 0, 0.0009444, 0.0030973, 0, 0.002992, 0, 0, 0.0028191, 0.0026346, 0.0030281, 0.0030999, 0, 0, 0, 0, 0, 0, 0.0027635, 0.0023633, 0, 0.0021647, 0.0025625, 0.0003806, 0, 0.0001325, 0, 0.0003363, 0.00248, 0.0022552, 0.0024627, 0.0026858, 0.0025978, 0, 0, 0, 0.0003472, 0, 0.0023889, 0, 0.0028986, 0.0027526, 0, 8.65e-05, 0.0006353, 0, 0.0027321, 0.0030134, 0.0028167, 0.0027245, 0, 0.0005096, 0.0028717, 0.0023265, 0.0027192, 0.0030147, 0.0024162, 0.000636, 0, 0, 0.0010553, 0, 0.0028954, 0, 0, 0.0021808, 0.0021537, 0.0019392, 0, 0, 0.0015759, 0, 0.00224, 0.0026033, 0.0032533, 0.00344, 0.0027434, 0.0022268, 0.0001, 0, 0.0001191, 0.0004023, 0.0031045, 0, 0.0032454, 0.0025602, 0, 0, 0, 0, 0.0019382, 0, 0.0022948, 0.0026208, 0.0025318, 0, 0, 0.0012013, 0.0021456, 0.0033245, 0.0030951, 0.0023715, 0.000664, 0.0022323, 0.0020112, 0, 0.0020067, 0.0022019, 0, 0, 0.0019434, 0, 0.0022913, 0, 0, 0, 0.0032064, 0, 0, 0.00235, 0, 0.0028139, 0.0028853, 0, 0, 0.0004267, 0, 0, 0.0036574, 0.0029274, 0.0027651, 0, 0, 0, 0.0021413, 0.002274, 0, 0, 0.0008034, 0.0029346, 0, 0.0030888, 0.0030997, 0, 0.0019207, 0, 0, 0.0022727, 0.0025053, 0.0025029, 0, 0.004274, 0, 0.0032048, 0.0028745, 0, 0.0027192, 0, 0.003259, 0, 0.0006778, 0.0025763, 0.0025086, 0.0032239, 0.0026463, 0.0027245, 0.0007773, 0.0032095, 0.0030126, 0.0022991, 0.0030333, 0.0034424, 0, 0, 0.0018395, 0.0018425, 0, 0, 0, 0, 0, 0.002233, 0.0030075, 0.0031863, 0, 0, 0.0017114, 0, 0.0015662, 0, 0, 0, 0.0017723, 0.0021634, 0.0024842, 0.0034338, 0.0038705, 0, 0.0027104, 0, 0.0022055, 0.0025048, 0.0023332, 0, 0.0021573, 0.0024011, 0.0028548, 0.0026725, 0, 0.0023257, 0.0022198, 0.0018758, 0.0016013, 0, 0, 0.0027683, 0.0031095, 0.0033538, 0.0033642, 0, 0, 0.0020177, 0, 0, 0.0021757, 0.0024843, 0.0026539, 0.0026982, 0, 0.0036774, 0.0027221, 0, 0, 0, 0.0015477, 0, 0.0019726, 0.0017319, 0, 0, 0.0027881, 0.00296, 0], [0, 0, 0, 0, 1.7e-06, 0, 0, 0, 0, 0, 0, 0.0002542, 0, 0.0024682, 0, 0.0036122, 0.003067, 0, 0.0033416, 0, 0.0002705, 0.0004723, 0, 0, 0.0029726, 0, 0, 0.0003677, 0.0001206, 0.0004905, 0, 0.0021902, 0, 0, 0.0010946, 0, 0, 0, 0.0009754, 0.0003495, 6.05e-05, 0.000749, 0, 0.0023788, 0.0022291, 0.0021052, 0, 0, 0.0035552, 0, 0, 0, 0, 0, 0.0005157, 0.0037816, 0.0005329, 0.0028486, 0.0026908, 0, 0, 0.0012572, 0, 0.0033497, 0, 0, 0, 0.0025099, 0, 0.0003768, 0.0024683, 0.0021444, 0, 0, 0, 0.0003731, 0.0023188, 0, 0.0029639, 0.003109, 0.0029105, 0, 0, 0.0026186, 0, 0, 0.0007571, 0, 0, 0.0003981, 0.0018686, 0, 0, 0.0028715, 0, 0.0004332, 0.0025039, 0.0026105, 0.0025183, 0, 0.0025288, 0.0020029, 0, 0.0001886, 0, 0.0049156, 0, 0.0027992, 0.0030162, 0, 0.0025417, 0, 0, 0.0003426, 0.003388, 0.003727, 0.0040183, 0.00381, 0, 0, 0.0022402, 0, 0, 0.0020232, 0.0022431, 0.0027312, 0.0020873, 0.001852, 0.002185, 0.0027313, 0.002771, 0, 0, 0.0025352, 0.0025993, 0.0003011, 0, 0, 0.0009672, 0.0004954, 0, 3.2e-05, 0, 0, 0, 0.0007726, 0, 0, 0.004466, 0, 0.0023876, 0, 0.0004108, 0.0003571, 0.0002128, 0, 9e-07, 0, 0, 0.0008766, 0.002314, 0, 0.0026479, 0.0025507, 0, 0, 4.27e-05, 1e-07, 0, 0, 0, 0, 0.0005354, 0.0020491, 0.0026989, 0.0029469, 0.0026538, 0, 0.0002843, 0.000191, 0, 0.0004869, 0.000279, 0.0005036, 0.0002434, 0, 0, 0.0030719, 0.0028832, 0, 0.0002947, 0.0001878, 0.0001419, 0, 0, 0.0003904, 0, 0.001151, 0, 0, 0.0027502, 2.78e-05, 3.6e-06, 0, 0, 0.0005542, 0, 0.0029986, 0.0028047, 0.0025262, 0.0023406, 0, 0, 0, 0, 0.0032719, 0.0034135, 0, 0, 0.0035146, 0, 0, 0, 0, 0, 0, 0.0028977, 0.0024897, 0, 0.0005185, 0.0032356, 0.0036667, 0.0035602, 0, 0.0032826, 0.0004574, 0, 0, 0.0019348, 0.0024109, 0.0024377, 0, 0.00267, 0.0030218, 0.0026478, 0.0024238, 0, 0.0038962, 0, 0, 0, 0.0014807, 0, 0.0026195, 0, 0.0028133, 0, 0.0011347, 0.0009733, 0.0007836, 0.0003668, 0, 0, 0, 0.0014734, 0.0026345, 0.0024396, 0, 0.0041294, 0, 0, 5.65e-05, 0, 0, 0, 0, 0, 0.0010974, 0.0035281, 0.0030115, 0.0022971, 0.0028367, 0.0025436, 0.0010676, 0.0010317, 0.0009699, 0.0005954, 0, 0.0005887, 0.0010498, 0.0035474, 0, 0.0032527, 0.0023026, 0.0019948, 0.0005449, 0, 4.23e-05, 1.95e-05, 0.0001114, 0.0010599, 0.0027758, 0, 0.0027756, 0.0019417, 0.0015359, 0.0002239, 0, 0, 0, 0.0008745, 0.0019963, 0.0023048, 0.0024636, 0, 0.0013098, 0, 0, 0, 0, 0.0020627, 0, 0.0024522, 0, 0.0022284, 0, 0, 0.0008537, 0.0022249, 0, 0, 0.0028234, 0.0028918, 0, 0, 0.0026427, 0.0026227, 0, 0.0026742, 0.0030395, 0.0009276, 0.0024977, 0.00325, 0.0034704, 0.0035832, 0.0032616, 0.0027341, 0.0024083, 0, 0, 0.0022158, 0.0025762, 0.0029202, 0.0032232, 0, 0.002275, 0, 0.0023743, 0.0026371, 0.0024023, 0, 0.000742, 0.0004828, 0.0004269, 0.0003604, 0, 0, 0, 0, 0.0021386, 0.0025727, 0.0024212, 0, 0, 0.000515, 0, 0.0006853, 0.0009279, 0.0005138, 0, 0.0016269, 0, 0.0024007, 0, 0.0021992, 0, 0.0007009, 0.0005263, 0.0007338, 0.0003271, 0, 0.0009131, 0, 0, 0.0030548, 0.0028641, 0.0022615, 0.0007907, 0, 0.0002431, 0.0003843, 0, 0.0034774, 0, 0, 0.0025441, 0.0021817, 0.000718, 5.5e-06, 0.0004867, 0, 0.0025834, 0.0022799, 0, 0, 0.0034774, 0, 0, 0.0014115, 0.0025353, 0.0022831, 0, 0.002337, 0.002283, 0, 0, 0, 0.0019872, 0.0013082, 0, 0.0028253, 0, 0.0023513, 0.0025696, 0.002472, 0, 0, 0.0032148, 0, 0.0025144, 0.0030318, 0.0025297, 0.0019885, 0, 0.0019652, 0, 0.003546, 0, 0, 0.0022819, 0.0014708, 0.0008809, 0.0003765, 0.0003135, 0, 0.0002623, 0.0001935, 0.0004244, 0.0004793, 0.0009908, 0, 0.0022882, 0, 0.0033503, 0.0001653, 0, 0, 0, 4.17e-05, 0.0005651, 0.0020389, 0.0019985, 0.0017184, 0, 0, 0, 0, 0, 0, 0.0004516, 0.0023128, 0.0025406, 0.0032767, 0.0036065, 0.0023843, 0, 0, 0, 0.000473, 0.0032822, 0.0031956, 0.0039129, 0.003635, 0, 0, 0, 0.0006557, 0.0026482, 0.0025723, 0.0025917, 0.0024677, 0, 0, 0, 0.0024634, 0.0021325, 0.0019893, 0.0013797, 0, 0.0007558, 0.0026344, 0.0024414, 0, 0.0014178, 0.0011577, 0, 0.002503, 0.0023286, 0, 0.0021783, 0, 0, 0.0027025, 0.0031429, 0.0035458, 0.0035394, 0, 0, 0.0028737, 0.0030719, 0, 0.0003088, 0.0005965, 0.0002777, 0.0003866, 0.0004001, 0.0028655, 0, 0.0021714, 0.0022972, 0.0025132, 0.0003325, 0.000355, 0, 0.0007006, 0, 0, 0, 0, 0.002717, 0, 0.0005833, 0.00042, 0.0004431, 0.0002458, 0, 0, 0.0023682, 0.0019414, 0.0016029, 0.0002707, 0.0002883, 0, 0.0027142, 0.0025711, 0.0027232, 0.0034501, 0.003667, 0, 0, 0.0022505, 0, 0.0028576, 0.0028006, 0.0028019, 0, 0.0029159, 0.0028398, 0.0037747, 0.0034284, 0.0032054, 0.0024054, 0.0019567, 0.0018527, 0, 0.0025815, 0.0023567, 0, 0.003175, 0.003179, 0.00252, 0.0024213, 0.0023754, 0.0027263, 0.0026101, 0.0024385, 0.0003035, 0, 8.48e-05, 0.0002782, 0.0002422, 0, 0, 0.0022986, 0.0028165, 0.0030745, 0, 9e-07, 0.0002427, 0, 0, 0, 0.0034366, 0.0031201, 0.0026908, 0, 0, 0, 0, 0.0027954, 0.0034322, 0.0029372, 0.0026568, 0, 0.0004836, 0.0026818, 0, 0, 0, 0.0019582, 0, 0.0027358, 0.0026033, 0, 0, 0.0024604, 0.0026006, 0.0025578, 0.0027834, 0.0024797, 0, 0, 0.0021556, 0.0025506, 0.0027652, 0.003139, 0.0025588, 0.0018756, 0, 0.0022235, 0.0015856, 0.0001787, 0, 0.000212, 0.0004124, 0.0018437, 0.0014425, 0, 0.0023474, 0.0027624, 0, 0, 0.0007019, 0.0029835, 0, 0, 0.0023385, 0, 0, 0, 0.0026066, 0.0022618, 0.0025787, 0.0031984, 0.0021484, 0.0005601, 0, 0, 0.0029646, 0.0020797, 0.0013743, 0, 0.0027518, 0.002009, 0.0017762, 0, 0.0040968, 0, 0, 0.0026964, 0.0027377, 0.0032178, 0.0029389, 0.0030936, 0.0032562, 0.0023691, 0, 0, 0.0005664, 0.0022289, 0.0018635, 0.0020246, 0.0020611, 0, 0, 0.0002216, 0, 0, 0.0034463, 0.0023374, 0.002342, 0.0006995, 0.0026619, 0.0028499, 0.0023253, 0.001961, 0, 0.0021264, 0.0019906, 0.0017978, 0, 0.0021995, 0, 0, 0, 0.002685, 0.0020991, 0, 0, 0.0028717, 0.0028979, 0, 0, 0.0006018, 0.0023875, 0.0024527, 0, 0.0030306, 0.0026344, 0, 0.0022515, 0.0020483, 0.0021833, 0.0022918, 0.0022467, 0.0029964, 0.0030965, 0, 0, 0, 0, 0, 0.002326, 0.0024014, 0.0021839, 0.002522, 0.0023682, 0.0021455, 0, 0.0028464, 0.0007826, 0.0024796, 0.0022524, 0, 0, 0, 0.0023893, 0.0021571, 0.0020627, 0, 0.0035756, 0.0031804, 0.0029371, 0.0028872, 0.0028473, 0.0026312, 0, 0.00343, 0.0035179, 0, 0.0027338, 0.0026385, 0, 0.0020118, 0, 0, 0, 0, 0.0015353, 0, 0.0027648, 0.0029055, 0.0029186, 0, 0, 0, 0.0025307, 0.0025665, 0.002177, 0, 0.002658, 0.0023154, 0.0022007, 0, 0.0019237, 0, 0.0024697, 0.0025211, 0.0026158, 0.0028792, 0.0022341, 0.0017569, 0.0015856, 0, 0, 0], [0, 1.97e-05, 7.1e-06, 0, 8.39e-05, 2.8e-06, 0, 9e-07, 0, 0, 5.4e-06, 0.0002181, 0, 0.0032042, 0.0026628, 0.0032291, 0.0025414, 0, 0.002422, 4.8e-06, 0.0003036, 0, 0, 0, 0.0017069, 0, 7.69e-05, 0.0005961, 0, 0.0002129, 1.2e-05, 0, 0.0004985, 4.64e-05, 0.0007029, 0.0034142, 6.1e-06, 0.0023193, 0.0010961, 0.0005073, 0.000206, 0, 2.57e-05, 0.0022524, 0, 0, 1.9e-06, 2.54e-05, 0.0020854, 3.46e-05, 0, 2.1e-06, 0.0020488, 2.1e-06, 0.0007143, 0.0025252, 0, 0.0037304, 0, 1e-05, 0, 0, 5.7e-06, 0, 0, 0.0038239, 2.09e-05, 0.0027423, 0.0024692, 0.0004362, 0.0027655, 0, 0, 0.0027143, 2.37e-05, 0.0003517, 0, 0, 0.0014491, 0, 0.003299, 2.2e-06, 0, 0.0028159, 0, 0.002167, 0.0006206, 1.28e-05, 5.2e-06, 0, 0.002918, 0.0004793, 0, 0, 7.6e-05, 0.0004304, 0.0025638, 0.0033907, 0.0030183, 0, 0.0030046, 0.0036401, 1.77e-05, 0.0005567, 0, 0.0023957, 0.0023065, 0.0023456, 0.0026695, 7.54e-05, 0.0019241, 1.17e-05, 0.0021849, 0.0004795, 0.0023505, 0.0024419, 0.0026661, 0.0020779, 8.97e-05, 0.0025637, 0.0021567, 0.0029708, 0.0034481, 0.0029905, 0.0022016, 0.001824, 0, 0.0023047, 0, 0.002412, 0.0019514, 0, 0.0020737, 0, 0.0035136, 0.0002945, 0, 3.97e-05, 0, 0.0004931, 0.0001734, 0.0003372, 3.71e-05, 3.32e-05, 3.09e-05, 0.0011622, 0, 0.0030922, 0.0027106, 0.002757, 0, 7.99e-05, 0.0005695, 0, 0.0002997, 0.0004733, 0, 0, 0.0001113, 0, 0.0021439, 0.0020788, 0, 0, 0.0028655, 0.0003016, 0.0002901, 0.0001221, 0.00011, 1.12e-05, 9.2e-06, 0, 0.0003481, 0.0028344, 0.0024788, 0.0024367, 0, 0.0026652, 0.0005067, 0.0003569, 0.0004867, 0.0005181, 0.0002996, 0.0003916, 0.0003462, 0.0030063, 0, 0.002779, 0, 0.0025255, 0.0004014, 0.0002429, 0.0002371, 0.0001159, 0, 0, 0.0021342, 0.0018499, 0, 0.0036617, 0, 0.0001594, 0.0002578, 5.43e-05, 0.0001752, 0.0005275, 0.0033513, 0.0030988, 0.0025056, 0.002037, 0.0017398, 0, 0, 0.0001399, 0.0003713, 0.0023871, 0.0020573, 0, 0.001788, 0.0017355, 0, 2.26e-05, 0, 0.0027153, 0.002627, 0.0022325, 0, 0.0021063, 6.9e-06, 0.0003911, 0, 0, 0.0021393, 0.0028432, 0, 0, 0, 0.0021564, 0, 0.0027487, 0.0035765, 0.0037438, 0.0027906, 0, 0, 0, 0.0022633, 0.0025426, 0.0027502, 0.0021395, 0.0016044, 0, 0.002329, 0, 0.0022107, 0, 1.48e-05, 0, 0.0004195, 0.0002411, 0, 0.0001301, 0, 4.51e-05, 0, 0, 0, 0, 0.0028753, 0.0029828, 0.0009859, 0.0001643, 6.09e-05, 2.98e-05, 0, 2.07e-05, 1.93e-05, 0.0008146, 0, 0.0023033, 0.0021995, 0.0019707, 0.0017681, 0, 0, 0.0009802, 0, 0.0003596, 0.000316, 0.0011511, 0.0032136, 0.0027015, 0.0024574, 0, 0.0020402, 0.0005092, 0.000391, 7.76e-05, 0, 0, 0.0009405, 0.0026565, 0.0023441, 0.002642, 0, 0, 0.0002258, 4.01e-05, 3.1e-05, 0, 0.0005931, 0, 0.0019804, 0.0025791, 0.0026073, 0, 1.98e-05, 0, 4.88e-05, 0.0014266, 0.0025817, 0, 0.0027073, 0.0022354, 0.0015048, 2.81e-05, 1.86e-05, 0.0006847, 0.0035812, 0.0031962, 0.0025576, 0, 0.0028917, 3.2e-05, 0, 0, 0.0027551, 0.0026155, 0.0025189, 0.00261, 0.0006076, 0.0023566, 0.0009902, 0.0009494, 0, 0.0028645, 0.0026075, 0, 0, 0.0036258, 0.0021988, 0.0023632, 0.0024301, 0, 0, 0, 0.0021668, 0.0020643, 0, 0.0026363, 0.0033863, 0.0008074, 0, 0.0002658, 0.000133, 0, 1.45e-05, 2.95e-05, 0.0010438, 0.0024474, 0.0025227, 0, 0.0026304, 0.002613, 0.000528, 0.0008662, 0.0006756, 0.0006678, 0, 0.0007867, 0.0010675, 0.0028969, 0.0032325, 0, 0.0026007, 0.0025482, 0, 0, 0.0005132, 0.0002116, 0.0005166, 0.0006682, 0, 0, 0.0029229, 0.0031254, 0.0024225, 0.0005199, 0.0002912, 0.0003571, 0.0004706, 0, 0.0030033, 0.0027051, 0, 0.0025002, 0, 0.0004178, 0, 0.0004507, 0.0009761, 0.0031749, 0, 0.0039694, 0, 0, 0, 0, 0.0015213, 0, 0, 0, 0.0026734, 0, 2.18e-05, 0, 0.0021374, 0.0021285, 0.0022184, 0.0023497, 0.0026663, 0.0008539, 0.0022558, 0.0017703, 0.0015137, 0, 0.0026287, 0.0018484, 0.0024916, 0.0025162, 0, 0, 0.0029186, 0, 0.0031364, 0.0028207, 0.0027983, 0, 0, 0.0035667, 0.0031107, 0.002238, 0.0005316, 0.0004887, 0.0005362, 0.0005309, 0, 0.0004044, 0.0005277, 0.002466, 0, 0.0052223, 0, 0, 0.0002205, 0.0003106, 7.28e-05, 2.64e-05, 0.000196, 0.0006226, 0.0038258, 0.0026875, 0.0029783, 0.0024341, 0.0026264, 0, 5.57e-05, 2.78e-05, 0, 0.0010094, 0, 0.0025172, 0, 0.002713, 0.0026076, 3.69e-05, 0, 0, 0.0006218, 0, 0.002437, 0, 0.0031606, 0, 2.1e-06, 0, 0, 0.002624, 0.0023488, 0, 0.0027968, 0.0022089, 2.2e-06, 0.0006791, 0.0027873, 0, 0.0035296, 0.0039396, 0, 0.0006128, 0.0029122, 0.0025642, 0.0028548, 0.0029472, 0.0036961, 0.0032087, 0, 0, 0.0032352, 0, 0, 0.0030283, 0.0031993, 0, 0.0038885, 0, 0, 0.0012372, 0, 0.0012587, 0, 0.0003702, 0, 0, 0.0009307, 0.0003727, 0.0043695, 0.0028522, 0.0018145, 0, 0.001853, 0.0003172, 0.0004168, 0.0006648, 0.0007853, 0, 0.0021813, 0, 0.0026445, 0.0021409, 0, 0, 0.0003568, 0.0006922, 0.0005533, 0.002646, 0.0023058, 0.0024244, 0, 0.0021966, 0.0004532, 0.0003901, 0.0004787, 0.0028204, 0.0028241, 0, 0.0027227, 0.0026092, 0, 0.0005193, 0.0024581, 0, 0, 0, 0.0027073, 0.0008218, 0.0020402, 0.0018946, 0.001817, 0, 0.0026949, 0.0027492, 0.0025169, 0.0025049, 0, 0.0024423, 0, 0.0019534, 0.0020044, 0.0019996, 0.0020962, 0.0025929, 0.0024324, 0.0024345, 0.0021699, 0, 0, 0.0003319, 0, 0.0004154, 0, 0, 0.0031117, 0, 0.0026266, 0, 0.0005951, 0.0001443, 0.0003424, 0.0003721, 0.0013867, 0, 0, 0.0031501, 0, 0, 9.7e-05, 0.0004233, 0, 0.002953, 0.003482, 0.0030936, 0.0032394, 5.94e-05, 0.0003678, 0.0033269, 0.0029567, 0, 0.0006917, 0, 0, 0.0029962, 0, 0, 0.0022234, 0.0021413, 0, 0, 0.0021342, 0.0022845, 0.002499, 0.0024198, 0, 0, 0.0026167, 0.0031552, 0.0035301, 0.0022536, 0.0022319, 0.0015414, 0.0017326, 0.0002892, 8.42e-05, 0.0001181, 0, 0, 0.002526, 0.0025182, 0.0027568, 0.0027037, 7.1e-06, 2.8e-05, 0, 0, 0, 0, 0, 0.0029625, 0, 0, 0.0019292, 0, 0.0027527, 0.0032087, 0, 0.0004949, 0.0028911, 0.0026694, 0, 0, 0.0026776, 0.0023927, 0.0028203, 0.0031562, 0, 0.0025882, 0.0024663, 0, 0.002842, 0.0023615, 0.0019479, 0.002413, 0.003232, 0.0024877, 0.002356, 0.0026841, 5.5e-06, 3.6e-05, 0.0006379, 0.0026538, 0.0033802, 0, 0.0034948, 0.0029516, 1.59e-05, 0.0006522, 0, 0.003419, 0.0023843, 0.002339, 0.0025305, 0.0004632, 0, 0.0026066, 0.0019449, 0.0021525, 0.0027718, 0.0031115, 0.0029496, 0.0029006, 0.0022057, 0.002156, 0.0025857, 0.0034164, 0.0037047, 0, 0.0020079, 0, 0.0033793, 0.0034539, 0.0032054, 0.0026749, 4e-06, 0, 0.0007659, 0, 0.0026498, 0, 0.0024848, 0.0004979, 0.0036312, 0.0033147, 0.0032342, 0.0027088, 0, 0.0024688, 0.0030558, 0.0026143, 0, 0.0016891, 0.0014891, 0, 0, 0.0018634, 0.0019793, 0.0020709, 0, 0.0023709, 0.0026646, 0.0032188, 0.0004766, 0.0020657, 0, 0, 0.0019059, 0.0019553, 0.0019514, 0.0017381, 0, 0.003767, 0.0027997, 0.003115, 0, 0, 0.0036322, 0.0032187, 0.0029694, 0, 0.0028299, 0.0026144, 0.0020981, 0.0028191, 0.0032565, 0, 0.0018109, 0.0017403, 0, 0, 0.0030605, 0.0024584, 0.0024644, 0, 0, 0.0037392, 0.0028193, 0.0030309, 0, 0.0020383, 0, 0, 0, 0, 0.0014054, 0.0014827, 0, 0, 0.0023971, 0.0025594, 0, 0.002358, 0, 0, 0.0020465, 0.0027314, 0.0025742, 0]]}})
      ok  90.0 s  auprc=0.7395832213551322
  [3/10] telecom_churn seed=44 ...
D:\Data\Harold\github\hsbc-quantum-fraud-2026\.venv\Lib\site-packages\eqc_models\base\results.py:172: UserWarning: Cannot evaluate objective value in results for <class 'eqc_models.ml.classifierqboost.QBoostClassifier'>. Method not implemented.
  warnings.warn(f"Cannot evaluate objective value in results for {model.__class__}. Method not implemented.")
Runtime of _build_weak_classifiers_sq: 2.57 seconds!
Built 816 weak classifiers!
Runtime of get_hamiltonian: 2.93 seconds!
2026-10-06 07:52:45 - Dirac allocation balance = 1484 s
2026-10-06 07:52:45 - Job submitted: job_id='6ac4e10d358b23d0cb3719e3'
2026-10-06 07:52:46 - QUEUED
2026-10-06 07:52:48 - RUNNING
2026-10-06 07:54:19 - COMPLETED
2026-10-06 07:54:22 - Dirac allocation balance = 1399 s
SolutionResults(solutions=array([[0.0000e+00, 0.0000e+00, 0.0000e+00, ..., 0.0000e+00, 3.1194e-03,
        3.5012e-03],
       [0.0000e+00, 0.0000e+00, 0.0000e+00, ..., 0.0000e+00, 3.7362e-03,
        0.0000e+00],
       [0.0000e+00, 4.8000e-06, 0.0000e+00, ..., 2.2432e-03, 2.2566e-03,
        0.0000e+00],
       ...,
       [0.0000e+00, 0.0000e+00, 0.0000e+00, ..., 3.1987e-03, 0.0000e+00,
        0.0000e+00],
       [0.0000e+00, 0.0000e+00, 0.0000e+00, ..., 0.0000e+00, 0.0000e+00,
        2.3535e-03],
       [0.0000e+00, 0.0000e+00, 0.0000e+00, ..., 2.2405e-03, 2.3009e-03,
        2.3939e-03]]), energies=array([-1880.2260742, -1880.1512451, -1880.0058594, -1880.0031738,
       -1879.9294434, -1879.7390137, -1879.7272949, -1879.6796875]), counts=array([1, 1, 1, 1, 1, 1, 1, 1]), objectives=None, run_time=[8314328194, 8079698563, 14526373863, 7982400894, 14726342201, 8738199234, 8675168991, 13319251060], preprocessing_time=4566636562, postprocessing_time=[0, 0, 0, 0, 0, 0, 0, 0], penalties=None, device='dirac-3_normalized_qudit', raw_solutions=None, time_units='ns', response={'job_info': {'job_id': '6ac4e10d358b23d0cb3719e3', 'job_submission': {'problem_config': {'normalized_qudit_hamiltonian_optimization': {'polynomial_file_id': '6ac4e108d190799f598b188a'}}, 'device_config': {'dirac-3_normalized_qudit': {'num_samples': 8, 'relaxation_schedule': 2, 'sum_constraint': 1}}}, 'job_status': {'submitted_at_rfc3339nano': '2026-10-06T11:52:45.151Z', 'queued_at_rfc3339nano': '2026-10-06T11:52:45.152Z', 'running_at_rfc3339nano': '2026-10-06T11:52:45.296Z', 'completed_at_rfc3339nano': '2026-10-06T11:54:19.029Z'}, 'job_result': {'file_id': '6ac4e16ad190799f598b18ad', 'device_usage_s': 85}}, 'status': 'COMPLETED', 'results': {'counts': [1, 1, 1, 1, 1, 1, 1, 1], 'energies': [-1880.2260742, -1880.1512451, -1880.0058594, -1880.0031738, -1879.9294434, -1879.7390137, -1879.7272949, -1879.6796875], 'solutions': [[0, 0, 0, 0, 1.3e-06, 0, 0, 0, 0, 0, 0, 0, 0.0026774, 0.002111, 0.0020794, 0, 0, 0.0024358, 0, 0, 0, 0.003142, 0, 0, 0, 0, 0.0018797, 3.07e-05, 0.0008125, 0, 0, 0, 0.0002745, 0, 0, 0.0004722, 0.0003646, 0.003079, 0.0028812, 0.0007849, 0.0005607, 0, 4e-07, 0, 0.0023515, 0, 0, 0.0026462, 0.0005683, 0.0031164, 0, 0.0015848, 0, 0, 0, 0.002091, 0, 0, 0, 0.0025166, 0.0021339, 0.002033, 0.0005721, 0, 0.0023707, 0.0020658, 0.0024438, 0.0025011, 0, 0, 0, 0.0019681, 0.0019106, 0, 0, 0, 0.0022374, 0, 0.0035064, 0, 0.0030241, 0.0023626, 0, 0, 0, 0.0020766, 0.000344, 0.0004457, 0.0006324, 0, 0, 0, 0.0025108, 0.0022536, 0.0001517, 0, 0, 0.0019137, 0, 0, 0.0028009, 0, 0, 0, 0.0022257, 0, 0, 0.0024612, 0, 0.0027081, 0, 0.0025051, 0.0031707, 0.0021873, 0.0004207, 0.0031525, 0.0022501, 0.0020773, 5.7e-05, 0.0018565, 0, 0.0031416, 0.0033277, 0.002821, 0, 0, 0.0025944, 0, 0.0023948, 0.0022663, 0.0021995, 0.0005459, 0.0025145, 0.0029001, 0.0027903, 0, 0, 0, 0.0002952, 0, 9.06e-05, 1.35e-05, 0, 0, 0, 0, 0.0032378, 0.0023564, 0.002206, 0.0026194, 0.0025224, 6e-07, 0.0006073, 0, 0.0002678, 0, 0, 0, 6.75e-05, 0, 0, 0.0026929, 0.0029609, 0.0029081, 0, 0.0003311, 0, 0, 0, 0, 0, 0, 0.000575, 0, 0.0021161, 0.002124, 0.0018732, 0, 0.0004153, 0, 0, 0.0006505, 0.0003762, 0.0004012, 0, 0.001642, 0, 0.0015811, 0.0015171, 0, 0.0003244, 0.0003041, 0.0003505, 0.0001347, 0.0005497, 0.0005645, 0.0023902, 0.002658, 0.0031766, 0.0030903, 0.0022785, 0.0001235, 1.19e-05, 0, 3.27e-05, 0, 0.0014284, 0.0016934, 0.0017052, 0, 0.0022761, 6.5e-05, 0, 7.28e-05, 0.0004435, 0.0026242, 0.0029439, 0, 0.0021935, 0.001927, 0, 0, 0.0009245, 0.0040517, 0.0027042, 0.0027084, 0.0027825, 0, 0, 0.000448, 0, 0.0022695, 0.0020589, 0, 0.0019939, 0.0006106, 0.0023683, 0.0024357, 0, 0.0018391, 0.0015587, 0, 0, 0.0023726, 0.0027575, 0.0024744, 0, 0.0018575, 0.0022232, 0.0023794, 0, 0.0030387, 0.0025165, 0, 0, 0, 0, 0.0007948, 0, 0.0003721, 0.000478, 0, 0, 0, 0.0011227, 0.0025075, 0.0022269, 0.0023273, 0.0020587, 0.0022085, 0.000427, 5.97e-05, 0, 0, 0, 0, 0, 0.000907, 0.0031754, 0, 0, 0, 0, 0.0010326, 0.0008956, 0, 0, 0, 0.0005696, 0.0008823, 0.002153, 0.0019652, 0.0026595, 0.0029076, 0.0024351, 0, 0.0003395, 7.72e-05, 2.5e-06, 5e-07, 0, 0, 0.0020827, 0.0021948, 0.0021494, 0, 0.0002208, 0, 0, 0, 0.0008438, 0.0025622, 0.0021474, 0, 0.0014115, 0, 0, 0, 0, 0.000775, 0.0011631, 0, 0.0019688, 0.0024713, 0.0025914, 0, 0, 0.0010701, 0.0026511, 0.0024225, 0.0028771, 0.0024666, 0.0020892, 0, 0.0009692, 0, 0.0037764, 0.0027759, 0, 0, 0.0009065, 0.0029659, 0.0025037, 0, 0.0026112, 0.0031564, 0.0036551, 0, 0.0027796, 0.0029228, 0, 0.0027869, 0, 0, 0.0023591, 0.0024835, 0.0022535, 0.0026512, 0.0025738, 0.0020935, 0, 0.0007231, 0.0003517, 0.0001058, 0, 0, 0, 0, 0.0011113, 0.0026033, 0.002707, 0.0026027, 0, 0.002484, 0.0009288, 0.0007605, 0, 0, 0, 0.0010744, 0.0008326, 0.003208, 0.0027873, 0.0026904, 0.0022169, 0.0017141, 0, 0.0005934, 0.0006302, 0, 0.0003654, 0, 0.0012454, 0, 0.0025243, 0.0025758, 0, 0.0004182, 0.0001468, 7.46e-05, 0.0005575, 0.0009614, 0.0026601, 0.0025086, 0, 0, 0.0021691, 0.0006038, 0.0001886, 0.0007825, 0.0010698, 0.0031098, 0, 0.0024892, 0.0028062, 0.0030502, 0, 0, 0.0009356, 0.0022806, 0.0025577, 0, 0, 0.0010074, 0, 0.0010062, 0.0037967, 0.003364, 0.0031885, 0, 0.0018401, 0.0008778, 0.001289, 0, 0.0020061, 0.0022799, 0.0017301, 0, 0, 0.002206, 0, 0, 0.0032017, 0.0032257, 0, 0.0022339, 0.002368, 0, 0.0026165, 0.0019823, 0.0020811, 0.0021165, 0.0004142, 0.0004839, 0.000432, 0.0002854, 0.0002075, 0.0002625, 0, 0.0023004, 0.0025389, 0.0022177, 0.0019569, 0.001904, 0, 5.58e-05, 0, 0, 5.43e-05, 0.0004219, 0.001283, 0.0013884, 0, 0.0016851, 0.0015545, 0, 0, 0, 0, 0, 0.0016139, 0, 0.0031133, 0.0028363, 0.0025826, 0, 0, 0, 0.0004795, 0.001425, 0, 0, 0, 0.0025809, 0, 0, 0.0003808, 0, 0.003484, 0, 0.0023942, 0.0011502, 0, 0.0007023, 0.0033578, 0.0026465, 0.0029963, 0.0030873, 0, 0.0008741, 0.0023237, 0.0020313, 0.0021706, 0.0024855, 0.0020228, 0.0017618, 0, 0, 0.0032311, 0.0034254, 0, 0, 0.0033685, 0.0030618, 0.0024842, 0, 0.0020893, 0.002586, 0.0022978, 0.0021898, 0.000551, 0.0004493, 0.0006865, 0.0004336, 0, 0.0005831, 0.0027704, 0, 0.0028837, 0.0018405, 0.0019253, 0.0005059, 0.0006306, 0, 0, 0.0004865, 0.0021394, 0, 0, 0.0023886, 0.0022492, 0, 0, 0.0004766, 0.0003027, 0, 0.0023923, 0.0026853, 0, 0.0018502, 0, 0, 0.0007571, 0.0025213, 0, 0.0019583, 0.0030531, 0.0035228, 0.0004445, 0.0007563, 0.0033163, 0, 0.0035962, 0, 0.0020559, 0, 0, 0.002682, 0.0028497, 0.0023703, 0.0022918, 0.001986, 0.0024136, 0.00278, 0.0026376, 0.0021813, 0, 0.0028358, 0.0026931, 0.0021777, 0.0024478, 0.0024524, 0, 0.0022268, 0, 0.0018975, 0, 0.0001867, 0, 0.0004187, 0.000594, 0.0027739, 0.0021009, 0, 0.0025087, 0, 0.0001132, 0, 0, 0.0002535, 0, 0.0028433, 0, 0.002528, 0.0020169, 0, 0, 0, 0.0023188, 0.0016922, 0.0015797, 0, 0.0030368, 2.1e-06, 0.0008157, 0.0025763, 0, 0.0018119, 0.0015079, 0.0012646, 0, 0.0021553, 0.0020725, 0.0021874, 0.0024162, 0.0018089, 0, 0.002674, 0.0018724, 0.0015001, 0, 0, 0.0022047, 0.0026462, 0.0019421, 0, 0.0023286, 0.0021196, 0.0019468, 0.002415, 0.0020747, 0.000133, 4.2e-06, 0.000167, 0.0006151, 0.0031018, 0.0031118, 0.0031686, 0.0029763, 0, 0, 0, 0.0005451, 0.0014398, 0, 0.0024904, 0, 0, 0, 0.0006098, 0.0026584, 0, 0.002935, 0.0024689, 0, 0.0007206, 0.0027732, 0.0027217, 0.0027045, 0.0034328, 0.0025163, 0.0025051, 0.0019576, 0.0017408, 0, 0.0016758, 0, 0.0018041, 0.0020526, 0.0020143, 0, 0.0033255, 0.0027489, 0.0027616, 0.0032712, 0.0030119, 0, 0, 0, 0.0025634, 0.0022111, 0.0020605, 0.0024357, 0.002372, 0, 0.0007093, 0.0019403, 0.0016327, 0.0020123, 0.003196, 0.0034761, 0, 0.0020799, 0.0020103, 0, 0, 0.003248, 0.0024865, 0.0019749, 0, 0.0015725, 0.001387, 0, 0.003093, 0, 0.0023845, 0.0024517, 0.0024059, 0, 0.0023701, 0, 0, 0, 0.0007243, 0.0026318, 0.0026163, 0, 0.0028484, 0.0030195, 0.000889, 0.002433, 0.0021613, 0.0020855, 0.0020676, 0, 0.0025348, 0, 0.0025466, 0.0022146, 0.0017379, 0.0017174, 0, 0.0025204, 0.0024902, 0, 0.0026466, 0.0030816, 0.0022523, 0.0026462, 0.0039202, 0.0011949, 0, 0.0020762, 0.0017712, 0, 0.0019774, 0.0018915, 0.0017701, 0, 0, 0.0010774, 0, 0, 0.003062, 0.002872, 0.0026552, 0.0029431, 0.002882, 0.0030944, 0.0025294, 0.0023882, 0.0028967, 0.0025978, 0.0025029, 0.0020749, 0.0016289, 0.0023142, 0.0030158, 0.0030734, 0, 0.0031947, 0.0031122, 0.0022059, 0, 0, 0.0020586, 0.0022328, 0.001866, 0, 0.002765, 0, 0, 0, 0.0027014, 0.003121, 0.0031011, 0, 0.0038545, 0, 0.0019943, 0.0021905, 0, 0.0024758, 0, 0.0031194, 0.0035012], [0, 0, 0, 0, 0, 0, 0, 0, 0, 0, 0, 0.0004538, 0.0026998, 0, 0.0036878, 0, 0.002324, 0.0020478, 0, 0, 0, 0, 0, 0, 0, 0, 0.0024454, 1.5e-06, 0.0006319, 0.0001505, 0.0002371, 0, 0.000421, 0.0017321, 0, 0, 0, 0.0027584, 0.0026572, 0.0006362, 0.0007867, 0.0022467, 0, 0, 0.002334, 0, 0, 0.0012861, 0.0005161, 0.0020395, 0, 0.0009694, 0, 0.0018761, 0, 0, 0, 0, 0, 0.0028384, 0, 0.0024784, 0, 0, 0.0031325, 0.002382, 0.0022388, 0, 0.0004822, 0.0030063, 0.0032895, 0, 0.0017949, 0, 0, 0, 0, 0, 0.0024981, 0.0024206, 0.0032434, 0.0034874, 0, 0, 0, 0.0019078, 0, 0, 0.0005807, 0, 0, 0.0026804, 0, 0, 0.0001595, 0.0020694, 0, 0.0022599, 0, 0.0024598, 0.0019815, 0, 0.001565, 0.0002933, 0.0011257, 0, 0.0016746, 0.0014837, 1e-07, 0.0018252, 0, 0.0012356, 0, 0.0018177, 0, 0, 0.0029377, 0, 2.41e-05, 0.0017809, 0, 0.0025142, 0, 0.0017537, 0.0026361, 0.00261, 0, 0.0021948, 0, 0.0034257, 0.002883, 0.000351, 0, 0.0028184, 0.0028939, 0.0002719, 0, 0, 0, 0.0002958, 0.0001806, 6.7e-05, 0, 0, 0, 0.0009829, 0.0026401, 0, 0.0027554, 0.0029541, 0.0027716, 0, 0.0008938, 0.0007588, 0.0003909, 0.000426, 0, 0, 0.0002, 0.0008154, 0.0021735, 0.0018567, 0, 0, 0, 0, 7.74e-05, 0, 0, 0, 0, 0, 0, 0.0033289, 0.0029788, 0.00248, 0.0022297, 0.0018451, 0.0003399, 0, 0.0003225, 0.0005491, 0.0003007, 0.0004059, 0.0003159, 0, 0.0024673, 0.0032741, 0.0023628, 0.0020293, 0.0003298, 0.0002472, 0.0003215, 6.92e-05, 0.0001955, 0, 0.0019657, 0, 0.0027668, 0.0034523, 0.0036921, 0, 1.03e-05, 0, 0.0001458, 0.0005644, 0.0025571, 0.0023815, 0.0023665, 0.0022925, 0, 0, 0, 0, 0.0002211, 0, 0.0027313, 0.0028864, 0, 0.0013133, 0, 0, 0, 0, 0.0026407, 0.0022474, 0.0018971, 0.0017359, 0, 0, 0.0021237, 0.0018201, 0.0020143, 0.0023958, 0.0023978, 0.0007317, 0, 0.0028546, 0, 0.0020806, 0, 0, 0, 0.0019813, 0.0029939, 0.0031928, 0, 0.0042498, 0.0037397, 0, 0, 0.0023171, 0, 0.0034744, 0.0030943, 0.0027258, 0, 0, 0, 0.0002204, 0.0002443, 0, 0, 0, 0, 0.0034947, 0.0037398, 0.0040551, 0, 0.0018396, 0, 0, 0, 0, 0, 0, 0, 0.0006947, 0.0008987, 0, 0, 0, 0, 0, 0.0007408, 0.0007051, 0.000656, 0.0005152, 0.0006116, 0.0008244, 0.0019792, 0.002248, 0.0032141, 0.0039457, 0.0033576, 0, 0.0001869, 5.43e-05, 9.5e-06, 3.53e-05, 0.0009744, 0, 0, 0.0025765, 0.0020004, 0, 0.0003033, 0, 0, 0, 0, 0.0018411, 0.0017266, 0.0022269, 0.0030619, 0.0030491, 0, 0, 0, 0, 0.0025709, 0.0023107, 0.0030026, 0.0030384, 0.0027166, 0, 0, 0.000796, 0.0021283, 0, 0.0030923, 0.0028231, 0, 0, 0.0007357, 0.002542, 0.0029344, 0, 0, 0, 0, 0.0024196, 0, 0.0028451, 0.0023444, 0, 0.0022768, 0.002441, 0.0026706, 0, 0.0022365, 0.0031228, 0.0029667, 0.0023804, 0, 0.002653, 0.0024374, 0.0027623, 0.0036077, 0.0036492, 0, 0.0009659, 0, 0, 0, 0, 0, 0, 0, 0.0028563, 0.0027758, 0.0027209, 0.0029957, 0.0024812, 0.0007898, 0.0007014, 0.0006015, 0.0009042, 0.0007304, 0.0008139, 0, 0.0026983, 0.0027485, 0.0022542, 0.0018808, 0, 0.0008142, 0.0005575, 0.0005854, 0.0003688, 0.0005499, 0, 0.0027052, 0, 0.0026893, 0.0019689, 0.0014336, 0.0003823, 0, 6.78e-05, 0.0002224, 0, 0.0015142, 0, 0, 0.0027411, 0.0021244, 0.0004996, 0.0001632, 0.0005616, 0.0008675, 0.0017284, 0, 0.0032274, 0.0028218, 0.0024841, 0, 0, 0.0012208, 0.0029349, 0.0029014, 0.0035646, 0.0036585, 0, 0, 0.001131, 0.0027662, 0.0027672, 0.0027017, 0, 0, 0.0006603, 0, 0.0023185, 0, 0, 0.0025512, 0.0023383, 0.0026774, 0.0026324, 0.0021212, 0.0017382, 0, 0, 0.0015879, 0, 0.0026595, 0.0025407, 0, 0.001998, 0, 0, 0.0002799, 0.000306, 0.0002556, 0, 0.0001772, 0.0003114, 0.0005379, 0.0024742, 0, 0, 0, 0.0023082, 0, 0.0001219, 2.53e-05, 0, 0, 0.0006048, 0.0027201, 0.0025392, 0.0026344, 0, 0, 0, 0, 0, 0, 0.0004601, 0.0023793, 0.0027847, 0.0028311, 0, 0.0021348, 0, 0, 0, 0.000631, 0.0031194, 0, 0, 0.0035133, 0, 0, 0, 0, 0, 0.0029163, 0.0022637, 0.0027495, 0.0029846, 0, 0.0006576, 0.0014051, 0, 0.0031311, 0, 0.0011441, 0, 0.0022625, 0.0026785, 0, 0, 0, 0.0021092, 0.0026421, 0.003047, 0.002851, 0.0025241, 0, 0.0021753, 0.0024068, 0.0030334, 0.0032187, 0, 0, 0.0028093, 0.002648, 0.0026625, 0.0005097, 0, 0, 0.0003968, 0.0004024, 0, 0, 0, 0.002693, 0.0027947, 0.0024699, 0.0004033, 0.0006913, 0.000486, 0, 0.0004625, 0.0023653, 0, 0.0021701, 0.0025321, 0.0023802, 0, 0.0003744, 0, 0.0004373, 0.0021076, 0.0018506, 0.0016936, 0, 0.0004964, 0, 0, 0.0008242, 0.0031831, 0.0030279, 0.0021681, 0.0016413, 0, 0.0003821, 0.0006654, 0.002341, 0.0020019, 0.0027962, 0.0031904, 0.002917, 0, 0.002046, 0, 0, 0.0023431, 0, 0, 0.0022714, 0.0030231, 0.0028037, 0.0026901, 0.003452, 0.0030705, 0.0025823, 0.0020458, 0.0020367, 0.0020606, 0.0025319, 0.0023203, 0.0025125, 0.0021478, 0.0003327, 0.0003564, 0, 0.0005067, 0.0004834, 0.0018823, 0.0020068, 0.002132, 0.0021518, 0, 0.000192, 3.82e-05, 0, 0.0005624, 0.0026052, 0, 0.0029486, 0.002931, 0, 0, 0.0002569, 0.0007918, 0, 0.0027038, 0.0027627, 0.0026905, 0, 0, 0, 0, 0.0015244, 0, 0.0025045, 0.0017824, 0.0006171, 0.0016505, 0.0017682, 0.002078, 0.0020694, 0, 0.0021002, 0.0026114, 0.0024476, 0.002333, 0.002216, 0.0021787, 0.0022099, 0.0021256, 0, 0, 0.0022398, 0.0022124, 0, 0, 0.0014515, 0.0002504, 0, 0, 0.0006286, 0, 0.0021034, 0.0025459, 0.0028274, 0, 0, 0, 0.001021, 0, 0.0016763, 0.0022664, 0.0027744, 0.0023942, 0, 0.0006211, 0.0015277, 0, 0.0023883, 0.0027047, 0.0027162, 0.0007927, 0.002849, 0.0022391, 0, 0.0021757, 0.0021732, 0.0026412, 0.0028444, 0.0026946, 0.0024914, 0, 0.0027824, 0.0022469, 0.002257, 0.0022863, 0.0028058, 0.0026227, 0.0019512, 0, 0.002378, 0.0023833, 0, 0, 0.0006689, 0.0030428, 0, 0, 0.0028103, 0.0021893, 0, 0.0006427, 0.0024205, 0, 0.0024215, 0.0027351, 0.0027131, 0, 0.0032252, 0.002646, 0.0022409, 0.0020601, 0.0020811, 0.0024751, 0.0020938, 0.001952, 0, 0.0020917, 0, 0.0026539, 0, 0.0018063, 0.0023054, 0.0022934, 0.0025476, 0.002121, 0, 0, 0, 0.0008413, 0.0020825, 0.0020157, 0.0023393, 0.0023992, 0.0020603, 0.001086, 0.0029301, 0.0022757, 0.001969, 0, 0.0031346, 0.0031102, 0, 0, 0, 0, 0.0020755, 0.0017548, 0.0017527, 0, 0, 0, 0.0025092, 0, 0.0022354, 0.0020815, 0, 0.0022973, 0.0025641, 0.0023637, 0.0021819, 0, 0.0019383, 0, 0.0018509, 0.001107, 0.0024648, 0.0027171, 0.0029109, 0.0025939, 0, 0.0018666, 0.0021668, 0.0023893, 0.0017853, 0, 0.0032816, 0.0026665, 0.0026481, 0.0023426, 0, 0.0016383, 0.0018127, 0.0025594, 0.0029406, 0.0028501, 0, 0, 0.0017751, 0.0021047, 0.0020068, 0, 0.0032589, 0.0026994, 0, 0.00332, 0.0032772, 0.0032777, 0.0031259, 0.0030011, 0.0026252, 0.0024347, 0.0024779, 0.0021831, 0.002542, 0.0028469, 0.0024066, 0.0021528, 0, 0, 0.0037362, 0], [0, 4.8e-06, 0, 0, 0, 0, 1e-07, 0, 1e-07, 0, 0, 0.0002859, 0.0023219, 0.0020533, 0.0027197, 0.002672, 0.0023213, 0, 2.26e-05, 0, 5e-07, 0.0026658, 2.9e-06, 1.89e-05, 0, 2e-07, 0.0034338, 8.68e-05, 0.0006734, 0, 0.0001416, 1.91e-05, 0.0004717, 0, 4.9e-06, 0.0002061, 0, 0.0020521, 0.0021793, 0.000612, 0.0006536, 0.0022312, 0, 0, 0.0035019, 0, 1.53e-05, 0.0015158, 0, 0.0020394, 0, 0.0023045, 0, 0.0039854, 0, 0, 2e-07, 0, 2.3e-06, 0.0026074, 0.0020256, 0.0016675, 0.0006081, 1.3e-06, 0.0013329, 0.0015968, 0, 0.0024195, 0.0003948, 0.0007971, 0, 0.0025349, 0, 0.0004453, 0, 1.9e-06, 0.0020985, 7.7e-06, 0.0030826, 0, 0.0034165, 0.003329, 0, 0, 5.6e-06, 0, 0, 0.000282, 0.0003468, 2e-07, 3e-07, 0, 0.0019134, 0.0013267, 0.0002507, 0.0010695, 0, 0, 0, 0.0026064, 0.0025219, 9.9e-06, 0, 0, 0, 0.00234, 0.0018584, 0.0018324, 7.69e-05, 0, 3e-07, 0, 0, 0, 0.0003028, 0.0033349, 0.0029489, 0.0026577, 0, 0.0024091, 0.0022545, 0, 0, 0.0021642, 0.0022501, 0.0024296, 0.0025569, 0.002184, 0.0022943, 0.0027712, 0.00232, 0.0004205, 0.002678, 0.0029053, 0, 0.000211, 3.58e-05, 8.2e-06, 0.0004476, 0.0002967, 0.0001292, 6.63e-05, 0, 4.5e-06, 1.5e-05, 0.0007009, 0.0028342, 0.0022545, 0.00273, 0.0028453, 0, 0, 0, 0.0005156, 0.0002758, 0.000312, 5.74e-05, 1.9e-05, 0.000105, 0.0003737, 0, 0.0024933, 0.0023473, 0, 0.002524, 0.0003078, 0.0001091, 4.86e-05, 0, 0, 4e-07, 0, 0.0004803, 0.0027629, 0.0030955, 0.0028763, 0.0029395, 0.0021007, 0.0003176, 0, 0.000359, 0.0008062, 0.000341, 0.000587, 0.0003717, 0, 0.0029484, 0.0029186, 0, 0.002542, 0.0003232, 0.0002329, 0, 0.0001102, 0.0002207, 0, 0, 0.0023519, 0.0028066, 0.0022368, 0, 0.0001648, 0.0001183, 2.93e-05, 0, 0.000236, 0, 0.0019445, 0.0026463, 0.0030117, 0, 0, 1.81e-05, 6.71e-05, 0.0004032, 0.0012573, 0.0032092, 0.0026122, 0.002536, 0.0025123, 6e-07, 1.24e-05, 0, 0.0028446, 0.0025039, 0.0028167, 0.0030589, 0, 0, 0.000519, 0.0019519, 0.0021646, 0.0027452, 0.0028566, 0, 0.0006615, 0.0022302, 0.0018607, 0, 0.0027084, 0.0027149, 0, 0.0024024, 0.0028534, 0.0030239, 0, 0, 0.0032095, 0, 0.0028971, 0.0018986, 0, 0.0030646, 0, 0.0030317, 0, 0, 0.0012801, 0, 0.0001682, 0.0003188, 1.59e-05, 3.7e-06, 1.19e-05, 0.0011956, 0, 0.0021657, 0.0025982, 0, 0.0026897, 0.0004548, 0.0001677, 3.01e-05, 1.08e-05, 2e-06, 3e-06, 2.1e-06, 0.0006374, 0.0017796, 0.0027664, 0, 0.0030115, 0.0029399, 0, 0.0006343, 0.0006366, 0.0003979, 0.0002988, 0.0003378, 0.0007156, 0.0037637, 0.0024944, 0.0024171, 0.0025042, 0, 0.0003046, 0.0002076, 6.49e-05, 3.45e-05, 0, 0.0007468, 0.001781, 0, 0, 0.0022872, 0.0022169, 0.0001459, 7.8e-06, 0, 7.9e-06, 0.0006838, 0.0022013, 0.0023878, 0.002462, 0, 0.0015557, 0, 3.4e-06, 4.2e-06, 0.0007646, 0, 0.0028389, 0.0037673, 0.0030329, 0.0025351, 0, 0, 0.00084, 0.0024539, 0.0023638, 0.002184, 0, 0.0024661, 0, 0, 0, 0, 0, 0.0022884, 0.0020649, 0.0005106, 0, 0.0016736, 0, 0.0026407, 0.0028085, 0, 0, 0.0015006, 0, 0.0015649, 0.0017485, 0, 0, 0.0034626, 0.0033326, 0, 0.0028377, 0.0023471, 0.0025845, 0.0027437, 0, 0.0004103, 0, 0.0001082, 1.7e-06, 3e-07, 1.2e-05, 0.0009085, 0.0024961, 0.0031507, 0.003382, 0.0031953, 0, 0.0009043, 0.0005041, 0, 0.0004686, 0, 0.0013137, 0, 0.0029058, 0.0027754, 0.002941, 0.0028505, 0, 0.0007221, 0, 0.0005594, 0.0002949, 0, 0, 0.0030247, 0.0027413, 0, 0, 0.0017223, 0.0005008, 0, 9.07e-05, 0.0004976, 0.0007265, 0, 0.0038214, 0.003667, 0, 0, 0.0006797, 0.0001298, 0, 0.0006814, 0, 0.0018633, 0, 0.0022382, 0.0024949, 5e-07, 3.08e-05, 0.0010322, 0.0022318, 0.0015679, 0.0025778, 0.0029742, 0.002817, 7.5e-06, 0.0009575, 0, 0.0022892, 0.0032441, 0.0028303, 0.0023765, 0, 0.0023362, 0.0022532, 0, 0.0023525, 0, 0.0028246, 0.0023142, 0.0025796, 0.0029709, 0.0033199, 0.0035789, 0.0025872, 0, 0.0031336, 0, 0.001973, 0, 0, 0.0023614, 0.0027214, 0.0005307, 0.0005674, 0.0005164, 0.0003575, 0.0002333, 0.0002876, 0, 0.0020077, 0.0022235, 0.0024146, 0.0021115, 0.0017599, 0.0002939, 0.0001468, 0, 9.5e-06, 4.2e-05, 0.0001657, 0, 0.0020078, 0.0025741, 0.0026891, 0, 0.0001004, 0, 5.2e-06, 2.26e-05, 0.0004803, 0.0018627, 0.0015887, 0.0014964, 0, 0.0016906, 7.3e-06, 0, 7.4e-06, 0.0003732, 0, 0.0009708, 0, 0.002025, 0.0020902, 0, 5e-07, 0.0008659, 0, 0.0024972, 0.0027852, 0.002883, 0.0021828, 0, 0.0004726, 0.0024118, 0, 0.0023386, 0.0026954, 0.0025806, 0, 0.0021049, 0.0022519, 0.0026513, 0.0032782, 0.003052, 0.0018954, 0.0014478, 0, 0.0024162, 0.0020241, 0.0019424, 0.0016984, 0, 0, 0.0018178, 0.001624, 0, 0, 0, 0.0038489, 0.000424, 0, 0, 0.0003301, 0, 0, 0, 0.0027069, 0.0024327, 0.0025797, 0.0026854, 0.0003715, 0, 0.0003817, 0, 0.0004243, 0, 0, 0.0013756, 0, 0.0033639, 0.0006662, 0.0003386, 0.0003881, 0.0003569, 0.0025112, 0.0028813, 0.0031654, 0, 0.0025787, 0.0003331, 0.0003627, 0.0006042, 0.0024187, 0.0027231, 0.0020678, 0.0022546, 0.0022952, 0, 0.0005426, 0.0020995, 0.0021867, 0, 0.0034336, 0.0032303, 0.0008744, 0.0038247, 0.0030001, 0.002048, 0.002657, 0.0024834, 0.0029197, 0.0031275, 0.0031087, 0.0034663, 0.0021632, 0.0024417, 0.0029705, 0.003003, 0.0024084, 0.0021626, 0.0026256, 0.0025187, 0.0023061, 0.0026599, 0.0021925, 0.0003393, 0, 0.0001025, 0, 0, 0, 0.0025225, 0.0022918, 0, 0.0024588, 0.0002533, 0.0001157, 0.0002611, 0.0003496, 0.0020638, 0.0027164, 0.0029282, 0.0031817, 0.003171, 2e-05, 0, 0, 0.0014637, 0, 0, 0.0027659, 0.0025514, 3.76e-05, 0.0004854, 0.002175, 0, 0.0028134, 0, 0.0022764, 0.0007281, 0.0027235, 0.0022922, 0, 0.0021266, 0, 0.0021452, 0.0020515, 0, 0, 0.0004157, 0, 0, 0, 0.0017672, 0, 0.002943, 0.0034433, 0.0029988, 0.0026962, 0.0026115, 0.0001832, 5.94e-05, 0.0001572, 0, 0.0026788, 0.0028209, 0, 0, 0.0029633, 1.1e-06, 1.01e-05, 0, 0.0029421, 0.0025646, 0, 0.0029197, 0.0032775, 0, 0.0003874, 0.0017901, 0.0022999, 0.0027911, 0.0026007, 0, 0.0007009, 0.002341, 0.0017405, 0.0024604, 0.003109, 0, 0.0008384, 0, 0, 0.0022839, 0, 0, 0.0020834, 0.001976, 0.0029123, 0.0035475, 0.0031076, 0.0028465, 0, 0.0030156, 0, 9e-07, 3.9e-06, 0.0006469, 0.0024897, 0.0022573, 0, 0.0017912, 0.0011698, 0, 0.000564, 0.0024366, 0.0022871, 0, 0.0036239, 0, 0.0005805, 0.0023293, 0.0025028, 0, 0, 0.003126, 0, 0.0026602, 0.0025069, 0, 0.0027476, 0.0029006, 0.0026233, 0.0023091, 0.0027173, 0.0026539, 0.0020676, 0.0026498, 0.003502, 0.0030727, 0.0025926, 0, 0.0007854, 0.0023188, 0.0022344, 0.0023295, 0, 0.0029698, 0, 0.0029426, 0, 0.002153, 0, 0.0014334, 0, 0.0024017, 0.0021054, 0, 0.0016252, 0, 0, 0, 0.003255, 0, 0.0027171, 0.0021072, 0.00247, 0.0029468, 0.0019901, 0.0007544, 0.0031309, 0, 0.0030747, 0.0024368, 0.0020264, 0.0020121, 0, 0.0019889, 0.0027134, 0.0034654, 0.0025954, 0.0019922, 0, 0.0037563, 0.0028973, 0.0024033, 0, 0.003008, 0, 0.0019958, 0, 0.0017776, 0, 0.002652, 0, 0.0030641, 0.0027487, 0.0025967, 0.0024294, 0, 0.001762, 0, 0, 0.0021008, 0.001628, 0, 0, 0.0028955, 0.0032552, 0, 0.0020153, 0, 0, 0.0019249, 0.0020969, 0.0021198, 0, 0.0031484, 0.0022153, 0.0024777, 0.002694, 0, 0.0022432, 0.0022566, 0], [0, 0, 0, 0, 0, 0, 0, 0, 0, 0, 0, 0.0003713, 0.0022801, 0.0021708, 0.0021741, 0.0029004, 0.0029637, 0, 0, 0, 0, 0.0023526, 0, 0, 0, 0, 0.0014461, 0, 0, 0.0001378, 0.0003137, 0, 0.0005582, 0, 0, 0.0006203, 0, 0.0025542, 0, 0.0008714, 0.0009153, 0, 0, 0, 0.0017932, 0, 0, 0.0018683, 0.000317, 0, 0, 0.0045158, 0, 0, 0, 0.0027763, 0, 0, 0, 0, 0.0031315, 0.0032813, 0.0006385, 0, 0.0024578, 0, 0, 0.0029663, 0.0004301, 0.0010534, 0.002018, 0.0027657, 0.0030433, 0.0004095, 0, 0, 0.0029672, 0, 0.0021557, 0.0026466, 0.0024541, 0.0016764, 0, 0, 0, 0.003152, 0.0003888, 0, 0, 0, 0, 0.0023063, 0.0024794, 0.0027402, 0.0001008, 0.0017403, 0, 0.0020269, 0.0003849, 0.002846, 0.0031933, 0, 0.002916, 0.0003007, 0.0015817, 0, 0.0020773, 0, 1e-07, 0.001323, 0, 0, 0, 0.0017408, 0.0002315, 0, 0.0019386, 0.0021229, 1e-07, 0, 0.0022035, 0.0027655, 0.0033599, 0.0029794, 0.0027026, 0, 0, 0.0031396, 0.0035628, 0.0031155, 0.0021081, 0.0005207, 0.002353, 0.0021759, 0.0019463, 0.0002206, 0, 0, 0.0004173, 0.0002207, 0, 3.02e-05, 0, 0, 0, 0.001008, 0.0022086, 0.0025441, 0.0035076, 0.0027885, 0.0019639, 0, 0.0004233, 0, 0, 0.0004184, 0, 0, 0, 0.0006575, 0, 0.0021279, 0.0025328, 0.0025753, 0.0023134, 0.0003804, 4.61e-05, 0, 0, 0, 0, 0, 0.00049, 0.0032792, 0.0037257, 0, 0.0024574, 0, 0.0002634, 0.0002424, 0.0002164, 0.0004524, 0.0004387, 0.0007433, 0.0004918, 0.0020634, 0, 0.0029676, 0.0028453, 0, 0.000215, 0.0001354, 0, 4e-07, 0, 0.0005921, 0.0042653, 0, 0.0039725, 0.002199, 0.0014963, 0, 2.23e-05, 0, 0, 0.0004806, 0.0030414, 0.0023463, 0.0019781, 0.0017797, 0, 1e-07, 0, 4.2e-05, 0.0001285, 0, 0.0036739, 0.0025555, 0.0032167, 0.003796, 0, 0, 0.0004623, 0.0021524, 0.0023404, 0.0020611, 0, 0.0030202, 0, 0.0007877, 0, 0.0024604, 0.0025414, 0.0019984, 0.0017954, 0, 0, 0, 0.0030655, 0.0033458, 0.0033681, 0.0028379, 0.0022864, 0, 0.003006, 0.0024987, 0.0021512, 0.0023351, 0.0028261, 0.0024744, 0.002482, 0.00215, 0.0020252, 0, 0.0021709, 0.0016366, 0, 0.0008649, 0, 0.0002573, 0.0002314, 0, 0, 0, 0.0008997, 0.0025443, 0.0030545, 0.0030577, 0.0028232, 0.0021577, 0.0004971, 6.98e-05, 0, 0, 0, 0, 0, 0, 0.0021768, 0.0032495, 0, 0, 0.0022709, 0.0005775, 0, 0.0003968, 0, 0.0002688, 0.0002261, 0, 0.0028012, 0.0030667, 0.0030686, 0.0027914, 0, 0.0005834, 0.0005231, 0.0001026, 0, 0, 0.0007742, 0.0027794, 0.0026059, 0.002445, 0, 0.0037416, 0.0003441, 0, 0, 0, 0.0009209, 0.0028466, 0, 0.0025545, 0.0018699, 0, 0, 0, 0, 0.0008423, 0.0026618, 0.0026845, 0.0030885, 0.0030186, 0.0025321, 0, 0, 0, 0.001306, 0, 0, 0, 0.0024051, 0, 0, 0.0027552, 0, 0.0019278, 0.0021454, 0.0018636, 0.0008075, 0.0024794, 0.0030777, 0.0030788, 0.0035833, 0.0033832, 0.0030884, 0.0030132, 0.0025794, 0.0028229, 0.0028938, 0.0028421, 0.0034234, 0.0026045, 0.0020518, 0, 0.0024999, 0, 0, 0.0006849, 0, 0.0007207, 0, 0.0003061, 0, 0, 0, 0, 0, 0.0023649, 0.0028768, 0.0033868, 0, 0.0017401, 0.000671, 0.0007622, 0.0009284, 0.0008702, 0.0004668, 0, 0.0009848, 0.0026726, 0.0026911, 0, 0.0020125, 0.0017136, 0.0005478, 0, 0.0011351, 0, 0.0005917, 0.0006845, 0.0024167, 0, 0.0021118, 0.0019505, 0, 0, 0, 9.27e-05, 0.0001939, 0, 0.0030826, 0.0029179, 0, 0, 0.0025618, 0.0006434, 0.0002268, 0.0008381, 0.000835, 0.0013084, 0, 0.0031364, 0.0029271, 0.002732, 0, 0, 0, 0.002889, 0.002962, 0, 0.003083, 0, 0, 0.0009015, 0, 0.0025539, 0.0019245, 0.0017264, 0.0021041, 0.0011492, 0.0023962, 0.0020637, 0.0016543, 0, 0.0027996, 0, 0.0026954, 0.0024399, 0.0017601, 0.0019044, 0.002324, 0.0033915, 0.0029639, 0, 0.0025349, 0.0025355, 0.0026884, 0, 0.0030109, 0.0027914, 0.0003597, 0.0003156, 0, 0.0004255, 9.49e-05, 0, 0.0005359, 0.0024867, 0.0021232, 0, 0.0025152, 0.0022405, 0.0003086, 7.35e-05, 3e-06, 0, 0, 0, 0.0016635, 0, 0, 0.0024799, 0.0022431, 0, 0, 0, 0, 0.000529, 0.0028597, 0.0032657, 0.002785, 0.0024869, 0, 0, 0, 0, 0.0004595, 0.0030084, 0.0019228, 0, 0.0035454, 0.0027452, 0, 0, 0.0006414, 0.0029054, 0.0029641, 0, 0, 0.002705, 0, 0.0005373, 0.001525, 0, 0.0023066, 0.0020071, 0, 0.0006072, 0.0019344, 0, 0, 0.0033334, 0, 0, 0, 0.0026766, 0, 0, 0.0017655, 0, 0.0020747, 0.0022494, 0.0022577, 0, 0, 0.0026203, 0.0021473, 0, 0.0005582, 0.0003802, 0.0004377, 0.0003963, 0.0006881, 0.0004162, 0.002792, 0.0025358, 0, 0.0025385, 0.0023337, 0.0004468, 0, 0.0004979, 0.0007768, 0, 0, 0.0023649, 0, 0.0027305, 0.002438, 0.0005308, 0.0004663, 0.0005773, 0.0004762, 0.0019709, 0.0021084, 0.0025446, 0.0028674, 0, 0.0002871, 0.0003632, 0.0006739, 0.0019227, 0, 0.0018648, 0, 0.0026198, 0.0003798, 0.0005537, 0.0017891, 0.0022627, 0.0021393, 0, 0.0023818, 0.0006885, 0.0027837, 0.0030126, 0, 0.003332, 0.0027151, 0.0025112, 0.0026925, 0.0033141, 0.0030764, 0.0024438, 0.0022927, 0, 0.0018978, 0.0026815, 0.0027502, 0.002867, 0.0023064, 0.0023221, 0.0022797, 0.0017814, 0, 0, 0, 0.0003674, 0.0004502, 0.0027685, 0.0023357, 0, 0.00302, 0, 0.0001776, 0, 0.0003668, 0.0002295, 0, 0.0026387, 0.0022565, 0.0019034, 0.0017144, 0, 0.0001801, 0.0006148, 0.0016988, 0.0018723, 0.0026288, 0.0020524, 0, 7e-07, 0.0006035, 0.001853, 0, 0.0022912, 0.0018331, 0, 0, 0.0014746, 0, 0.0028151, 0, 0, 0.0023148, 0, 0.0026511, 0.0024746, 0.0024386, 0.0026243, 0, 0.0026265, 0, 0, 0.0014036, 0.0020074, 0, 0.002208, 0.0020192, 0.0002413, 0, 2.53e-05, 0, 0.0016098, 0, 0, 0.0019095, 0.0017477, 0, 0, 0.0009012, 0, 0, 0.0019475, 0, 0, 0, 0, 0.001688, 0, 0.0011112, 0, 0.002081, 0.0007562, 0.0021441, 0, 0, 0.0024129, 0, 0.0021279, 0, 0.0023877, 0.0025429, 0, 0.0019977, 0, 0.0027728, 0.003084, 0.00274, 0.0024554, 0.0021754, 0, 0, 0.0028541, 0, 0, 0.0003673, 0, 0.0021293, 0.0023717, 0, 0.0016082, 0, 0.0005762, 0.0024984, 0, 0, 0, 0, 0.0005255, 0, 0.0030746, 0.0024049, 0.0026298, 0.0024847, 0, 0.0023844, 0.0024683, 0.0030213, 0.0024819, 0.0021404, 0, 0, 0.0032586, 0.0031435, 0, 0, 0, 0.0018933, 0.0018313, 0, 0.0003292, 0, 0, 0.0017211, 0.0021554, 0.0020665, 0.0008367, 0.0015573, 0, 0.0026816, 0.0031777, 0.0032987, 0.0031947, 0.0029572, 0, 0.0030065, 0.0024, 0.0026907, 0.002942, 0.0025366, 0.0023755, 0, 0.0031913, 0, 0.001948, 0, 0.0010456, 0, 0.0027155, 0.0023993, 0.0027274, 0.0028037, 0, 0.0029778, 0.0029299, 0, 0.0017996, 0.0024459, 0.0030087, 0.0023918, 0.0028417, 0.0035971, 0.0034358, 0, 0, 0.0038748, 0, 0.0021816, 0, 0, 0.0015753, 0.0012312, 0, 0, 0, 0, 0.0025544, 0.0022119, 0, 0.0018008, 0.0021548, 0.0028996, 0.0029418, 0, 0.0030711, 0.001859, 0.0024887, 0.0030906, 0.0023697, 0, 0.0027004, 0.0026876, 0.0021879, 0.0023451, 0.0025467, 0.0027999, 0.0033628, 0.0031247, 0, 0.0018266, 0.001862, 0.0019464, 0.0018636], [0, 0, 0, 0, 0, 0, 0, 0, 0, 0, 0, 0.000527, 0.0030815, 0, 0.0032641, 0.0026586, 0, 0.0012032, 0, 0, 0, 0.0019504, 0, 0, 0, 0, 0.0019468, 0, 0.0005523, 0.0001701, 0.000314, 0, 0.0005632, 0.001788, 0, 0.0004067, 0.000357, 0, 0.0023638, 0.0007694, 0.0007161, 0, 0, 0, 0.0029338, 0, 0, 0.0028661, 0, 0.0025982, 0, 0.0028332, 0, 0.00216, 0, 0.0029856, 0, 0, 0, 0.0032284, 0.003234, 0, 0.0007726, 0, 0.0030868, 0, 0.0025419, 0.0023608, 0, 0.0030074, 0.002649, 0, 0, 0.0006301, 0, 0, 0, 0, 0.0030223, 0.0032642, 0, 0.0023781, 0, 0, 0, 0.0012334, 0, 0.0003943, 0.0004172, 0, 0, 0.0025901, 0.0022164, 0.002229, 0.0001689, 0.0023338, 0, 0, 0.0004131, 0.0024827, 0.0025583, 0, 0.0029983, 0, 0, 0.0013792, 0.0019508, 0.002476, 0, 0, 0, 0.0034399, 0, 0.002765, 0.0004123, 0.002276, 0.0023492, 0, 3.8e-05, 0.0015647, 0, 0.0026259, 0.002333, 0.002954, 0.0035092, 0, 0, 0.0023109, 0.001817, 0.0020175, 0.0023699, 0.000548, 0, 0.0015196, 0, 0, 0, 0, 0.0007251, 0.0003939, 0.0002211, 0, 0, 0, 0, 0.000918, 0.0028613, 0.0033459, 0, 0.0027059, 0.0023436, 0, 0.0009454, 0.000958, 0.0005084, 0.000399, 0, 0, 0.0002788, 0.0009264, 0.0019765, 0.0033125, 0.0028358, 0.0021103, 0.0021118, 0.000382, 0, 0, 0, 0, 0, 0, 0.0006162, 0.0020154, 0, 0.0025018, 0.0023431, 0.0021478, 0.0004038, 0, 0, 0.0005208, 0.0004839, 0.0006773, 0.0006088, 0.0031613, 0.0032911, 0.0036376, 0.0034986, 0, 0, 0.0002393, 0.0003317, 9.05e-05, 0.0003903, 0.0004831, 0, 0.0030384, 0.0029162, 0.0027274, 0, 0.0001495, 5.71e-05, 0, 0.0002979, 0.0006048, 0.0021325, 0.0023047, 0.0024773, 0, 0.0015055, 4.09e-05, 0, 9.89e-05, 0.0005666, 0.0018416, 0.0023115, 0.0021723, 0.0025217, 0.0025725, 0, 0, 0, 0.0019411, 0.0019404, 0.0019104, 0, 0.0019443, 0, 0.000502, 0.0014879, 0, 0, 0.0030332, 0.003099, 0, 0.0016336, 0, 0.0022933, 0.0027516, 0.0022602, 0.0021486, 0, 0, 0, 0.0020948, 0.00178, 0, 0.0025211, 0.002071, 0.0018009, 0, 0, 0.0026253, 0.0022659, 0.0019928, 0, 0, 0, 0.0002489, 0.0002247, 0, 0, 0, 0.0015337, 0, 0, 0.0024629, 0.0022175, 0.0019104, 0.00046, 0, 0, 0, 0, 0, 0, 0.0005282, 0, 0, 0, 0.0036823, 0.002411, 0.000831, 0.000967, 0, 0.0006894, 0.0007299, 0.0005846, 0.0008882, 0.0029019, 0.0027371, 0, 0.001924, 0, 0, 0, 1.9e-05, 4e-07, 0, 0, 0.0027988, 0.0023568, 0, 0, 0.002986, 0, 0, 0, 0, 0, 0.0039922, 0.0032808, 0.003257, 0, 0, 0, 0, 0, 0, 0.0032471, 0.0028801, 0.0028313, 0, 0.002508, 0, 0, 0.0011559, 0, 0.0025647, 0.0027752, 0.0031032, 0.0029571, 0, 0.0008739, 0.0027472, 0.0019599, 0.0025416, 0.002724, 0.0024855, 0, 0.0023548, 0.001948, 0, 0.0030261, 0.0023658, 0.0021437, 0, 0.0022445, 0.0022349, 0, 0.0019197, 0, 0.0034986, 0.003383, 0.0030596, 0, 0.0033271, 0.0029494, 0.0027298, 0.0021189, 0.0007222, 0.0003978, 0.0001912, 0, 0, 0, 0, 0.0009457, 0.0028516, 0.0025223, 0, 0.0021647, 0.0025219, 0.0006343, 0.0008078, 0.0006561, 0, 0, 0.0012288, 0.0008308, 0, 0.0025162, 0.0016573, 0, 0.0027234, 0, 0, 0, 0.0005782, 0.0006764, 0.0006064, 0, 0.0023584, 0, 0.0035244, 0, 0.0006422, 0.0002423, 6.63e-05, 0, 0.0010305, 0, 0, 0.0027094, 0.00262, 0, 0, 0.0001541, 0, 0.0011116, 0.0031969, 0.0033803, 0.0027199, 0.0022934, 0.0018612, 0, 0, 0.0012318, 0.0026574, 0.0029909, 0.0032168, 0.0029281, 0, 0, 0.0010116, 0.0028289, 0.0029205, 0.0025584, 0.0026621, 0.0032407, 0.0015099, 0.0025478, 0.0020136, 0, 0.0027128, 0.0025147, 0.0031914, 0.0034584, 0.002981, 0.0027591, 0, 0, 0.0022203, 0, 0.0024973, 0.0028402, 0.0030263, 0.0020029, 0.0026333, 0.0030664, 0.0025511, 0, 0.0001791, 0, 0, 0, 0.0004341, 0, 0, 0.0022561, 0.0021208, 0.0016708, 0.0013332, 0.0002959, 0.0001203, 9e-07, 0, 0, 0, 0.0016795, 0, 0.0020993, 0.0022884, 0.0024158, 0, 0, 0, 0, 0.0003618, 0, 0.0018531, 0.0022637, 0.002238, 0, 0, 0, 0, 0, 0.0025048, 0.0022201, 0, 0.0021228, 0.0014388, 0, 0, 0.0007054, 0, 0.0016388, 0, 0, 0.0016836, 0, 0, 0.0032909, 0.0033991, 0.0030739, 0, 0.0023323, 0.0005794, 0.0020692, 0.0025115, 0.0030025, 0.003118, 0, 0.00353, 0.0031582, 0.0028717, 0.0023862, 0.0022614, 0.0030486, 0.0025392, 0.0024118, 0, 0.0022406, 0.003067, 0.0032308, 0, 0.0034168, 0.0028469, 0.0003663, 0.0003329, 0.0005378, 0.0003441, 0.0003774, 0.0002439, 0, 0.0036011, 0.0039555, 0.0025638, 0.002057, 0.000304, 0, 0.0003881, 0.0005081, 0.0004913, 0.0026619, 0.002825, 0.0029377, 0, 0, 0, 0.0004622, 0.0006922, 0.0005634, 0.0025102, 0.0026085, 0.0033736, 0.0036865, 0.0033109, 0.0004564, 0.000347, 0, 0.0037285, 0.0037967, 0, 0, 0, 0, 0, 0.0025571, 0, 0.001017, 0, 0, 0, 0.0021843, 0, 0.0032207, 0.0030273, 0.0025074, 0.002308, 0.0016562, 0, 0, 0.0018952, 0, 0, 0.0027093, 0, 0.0020328, 0.0014455, 0, 0, 0.0024553, 0.0022182, 0, 0.0004309, 0.0002178, 0.0002517, 0, 0.0020902, 0.0020876, 0, 0.001885, 0.0022608, 0.0004537, 0.0001747, 0.000492, 0.0006054, 0.0028984, 0, 0, 0, 0.0008292, 0, 0.0003027, 0.001159, 0, 0.0018215, 0.0024149, 0.0035583, 0.0036958, 0, 0, 0.0027333, 0, 0, 0, 0.0021571, 0.0006856, 0.002026, 0.0024656, 0.0033384, 0.0031585, 0, 0.0016827, 0.0013119, 0, 0.0023626, 0.0024484, 0, 0.0022203, 0.0019217, 0, 0.0021109, 0.001871, 0.0026234, 0.0028697, 0.0028117, 0.0028173, 0.0001791, 1e-07, 8e-07, 0, 0.0017263, 0, 0.0016342, 0, 0, 0, 0, 0.0007455, 0.0029666, 0.0033373, 0.0032531, 0.0022622, 0.00183, 0, 0.0003409, 0, 0.0022405, 0.0023424, 0.0023374, 0, 0.000728, 0.001852, 0.0011218, 0, 0, 0.0024952, 0.0026864, 0, 0.0035441, 0.0023981, 0.0019188, 0, 0, 0, 0.0023658, 0, 0.0027558, 0.0018662, 0.00253, 0.0028203, 0.0021878, 0, 0, 0.000583, 0.0024439, 0.0023292, 0, 0.0045555, 0, 0, 0, 0.0012587, 0, 0.0030049, 0.0033682, 0.0029703, 0.0008182, 0.0022168, 0.0023628, 0.0025479, 0, 0.0029605, 0, 0.0022958, 0.0023758, 0.0025236, 0.002262, 0, 0.0025484, 0.0026017, 0, 0.0028917, 0, 0.0021611, 0.0018698, 0, 0.0026101, 0, 0, 0, 0.0024861, 0.0023095, 0.0017874, 0, 0.0008768, 0.0023547, 0.0023323, 0, 0, 0.0019519, 0.0017875, 0.0016282, 0, 0.0018396, 0.001592, 0, 0, 0, 0.0022659, 0.0021862, 0, 0.0028606, 0.0029888, 0.0020587, 0.0017399, 0, 0.0027962, 0.0025256, 0.0020344, 0.0021162, 0.0026346, 0.0030396, 0, 0.001841, 0.0019131, 0, 0.0025136, 0.0020106, 0.0019253, 0, 0, 0.0021073, 0.0021871, 0.0026405, 0.0026774, 0, 0, 0, 0.0029061, 0.002529, 0.0026566, 0.0029881, 0, 0.0023405, 0.0019364, 0.0021943, 0.0024229, 0, 0.0034443, 0.0025211, 0.0021914, 0, 0.003089, 0, 0.0022694, 0.0026478, 0.0024263, 0, 0, 0.0024269, 0.0019162, 0, 0.0026475, 0.0027881, 0.0025417, 0, 0, 0.0023163, 0.0026295, 0, 0.0020988], [0, 0, 0, 0, 0, 0, 0, 0, 0, 0, 0, 0, 0.0013451, 0, 0.0033449, 0.0022858, 0.0020415, 0, 4e-07, 0, 0, 0.0020565, 0, 0, 0, 0, 0.0027804, 3.13e-05, 0.0007299, 0.0002159, 0.0004729, 0, 0, 0.0013631, 0, 0.0003288, 0.0003336, 0.002469, 0.0025136, 0.0008276, 0.000725, 0.0017299, 0, 0, 0.0038254, 0, 0, 0.0024204, 0.0004786, 0, 0, 0.0038, 0, 0, 0, 0.0015784, 0, 0, 0, 0.0023006, 0.0025127, 0.0026595, 0.0005635, 0, 0.003203, 0.0036647, 0, 0.0033282, 0.0005424, 0.0028088, 0.0028298, 0.0030287, 0.0025873, 0, 0, 0, 0.0013918, 0, 0, 0, 0, 0.0035266, 0, 0, 0, 0.0018052, 0.0003697, 0, 0.0005784, 0, 0, 0, 0.0032243, 0, 0.0001566, 0.0033417, 3e-07, 0.0026444, 0.00035, 0, 0.001762, 0, 0, 0.0003519, 0.0026681, 0.0020215, 0.0018326, 0.0018789, 0, 0.0024559, 0, 0.0025802, 0, 0.0018421, 0.000337, 0, 0.0013963, 0, 3.86e-05, 0.0020592, 0.0014426, 0, 0, 0, 0.0021795, 0.0017351, 0, 0.0036949, 0, 0, 0.0018138, 0, 0, 0.0028514, 0.0025067, 0.0003554, 0, 0, 0.0004544, 0.0002227, 0, 5.02e-05, 0, 0, 0, 0, 0.0040803, 0.0035873, 0, 0.0017803, 0.0025352, 1e-05, 0.0008777, 0.0009017, 0.0004018, 0.0003255, 1.09e-05, 2e-07, 0.0002568, 0.0007597, 0.0023583, 0.0023856, 0.0027732, 0.0028901, 0, 0.0003146, 0.0001482, 3e-06, 1.5e-06, 0, 0, 0, 0, 0.0023469, 0.0032109, 0.0034387, 0.0031104, 0, 0.0002897, 0, 0.0002581, 0.0004821, 0, 0.00051, 0.000558, 0.0028661, 0, 0.0014268, 0, 0.0014414, 0, 0.0001576, 0, 8.19e-05, 0.0003535, 0, 0, 0.0019848, 0.0024655, 0.0021494, 0.0016937, 0.0001803, 6.3e-05, 3e-07, 8.16e-05, 0, 0, 0.0018617, 0, 0, 0, 0, 0, 0, 0, 0, 0.0018055, 0, 0.0032865, 0.0033368, 0, 0, 0.0008746, 0.0031111, 0.0034195, 0.003546, 0, 0.0018042, 0, 0.0002685, 0, 0, 0.0025951, 0.0024962, 0, 0.0005437, 0.0014332, 0, 0.0017603, 0, 0, 0, 0.002302, 0.0022151, 0, 0, 0.0029257, 0.0025081, 0.0024983, 0.0024262, 0, 0.0034353, 0.0027595, 0.002163, 0, 0.0027345, 0, 0.0009986, 0.000523, 0, 0.0003296, 0, 0, 0, 0, 0.0031772, 0.0026849, 0.0023636, 0, 0.0022994, 0.0005275, 0.0001064, 4e-07, 0, 0, 0, 0, 0.0007166, 0, 0, 0.0024559, 0.0027144, 0.0022622, 0, 0, 0.0004303, 0, 0.0002911, 0.0004757, 0.0008977, 0.0034133, 0, 0.0022378, 0.0025827, 0.0027432, 0, 0.0004568, 0, 2.66e-05, 6.44e-05, 0.000896, 0.0028849, 0.0026948, 0.0025881, 0, 0.0015246, 0.0002564, 0, 0, 0, 0.000894, 0.0023743, 0, 0.0029202, 0.0031551, 0.0024651, 0, 0, 0, 0, 0.0027585, 0.0025063, 0.0025872, 0, 0, 0, 0, 0.0005851, 0, 0, 0.0034565, 0.0025827, 0, 0, 0.0011543, 0.0033109, 0.0027351, 0, 0, 0.0022198, 0, 0.0022663, 0.0026009, 0.0029437, 0.0020839, 0, 0.0025041, 0.0023591, 0.0020092, 0, 0.0032341, 0.0036698, 0.0026859, 0.0022775, 0.0024601, 0.0024646, 0, 0.0023846, 0.0024149, 0, 0.0039486, 0.0006355, 0, 0.0001943, 0.0001077, 0, 0, 0, 0.0008695, 0, 0.002566, 0, 0.001193, 0.0024037, 0.0006677, 0, 0, 0.0005805, 0.0005968, 0.0007656, 0, 0.0021165, 0.0030423, 0.0032022, 0.0030961, 0.00285, 0, 0.0005821, 0.0005151, 0, 0.0007141, 0.0008199, 0.0019028, 0, 0.0046405, 0.0028628, 0.0021171, 0.0006106, 0.0001654, 7.15e-05, 0.0001683, 0, 0.0023215, 0.0017114, 0, 0.0019658, 0.0019302, 0, 0.0001102, 0.0002019, 0, 0.0024831, 0.0023834, 0.002581, 0.002037, 0, 0, 7e-07, 0.0015517, 0.0032817, 0.0027746, 0.0023794, 0.0035263, 0.0046203, 0, 0.0009791, 0.0024149, 0.0019738, 0.0020188, 0.0022089, 0.0024241, 0.0014663, 0.003821, 0.0027322, 0.0022889, 0.0017271, 0, 0, 0.002625, 0, 0, 0.0022187, 0.0024122, 0.0018352, 0, 0, 0, 0.0033601, 0.0035284, 0.0028004, 0.0031097, 0.0034626, 0.0003953, 0.0004154, 0.000376, 0.0003001, 0.0001245, 0, 0, 0.0024344, 0.0020787, 0, 0.0026094, 0, 0.0003067, 0, 0, 0, 0, 0.0005164, 0.0024859, 0.0024813, 0.0023392, 0.0030315, 0.0029326, 0, 0, 0, 5.8e-06, 0.0004794, 0.0017521, 0, 0, 0.0023822, 0.0020831, 0, 0, 0, 0, 0.0019421, 0.0019293, 0.0019749, 0, 0, 0, 0, 0.0009017, 0.0033813, 0.0031764, 0.0028462, 0, 0.0028506, 0, 0.0007316, 0.0025118, 0, 0.0034329, 0.0026471, 0.0023262, 0, 0.0023619, 0.0022133, 0, 0.0022677, 0.0023606, 0.0022439, 0, 0, 0.0021188, 0, 0, 0.0030297, 0.003128, 0.0030594, 0, 0, 0.0033557, 0.0026846, 0.0022287, 0.0023671, 0.0005028, 0.0002972, 0, 0.000464, 0, 0, 0.0028038, 0.0024707, 0, 0.0026594, 0.0020191, 0.0003312, 0, 0.0009945, 0, 0.0005151, 0.0027498, 0.0031324, 0.0030497, 0, 0.002655, 0.0005699, 0, 0, 0.0005076, 0, 0.0028981, 0.0028449, 0.002401, 0, 0.0004157, 0.0003579, 0, 0.0023889, 0.0022794, 0.0023982, 0.0023961, 0, 0.0004773, 0.0006497, 0.0025896, 0.0020109, 0, 0.0029285, 0.0019917, 0.0006609, 0.0024593, 0, 0.0023095, 0.0022321, 0, 0.0028334, 0.0029892, 0.003162, 0.0026029, 0.0022837, 0.0022616, 0.002128, 0, 0.0022591, 0, 0.00187, 0, 0, 0.002709, 0.0022807, 0.0004912, 0, 0.0001193, 0, 0.0004471, 0.0019382, 0.0025761, 0.0027036, 0, 0.001975, 0.0004138, 0.0001385, 0.0003993, 0.0002614, 0, 0.002269, 0.0021397, 0.0020525, 0, 0, 0, 0.0008006, 0.0036951, 0, 0.0018583, 0.0016099, 0.0015272, 0, 0.0008088, 0, 0, 0.0015069, 0, 0.0022413, 0.000766, 0, 0.0029125, 0.0030445, 0.0029256, 0.0031292, 0.0028356, 0.0025889, 0.0027526, 0.0032835, 0.0032148, 0, 0.0025448, 0.0027515, 0.0024085, 0.0020015, 0, 0, 0.000805, 0, 0.0019641, 0.0001269, 1.9e-06, 0, 0.0002302, 0, 0, 0.0025117, 0.0019011, 0, 0, 0, 0.0010517, 0, 0.002438, 0, 0.0010127, 0, 2e-07, 0.0006279, 0.0024626, 0.0021216, 0.0019225, 0, 0, 0.0005348, 0, 0.0022524, 0.0028312, 0.0028188, 0, 0.0026667, 0.0023529, 0.0019836, 0, 0, 0.0027013, 0, 0.0048419, 0, 0.0028236, 0.0025158, 0.0023882, 0, 0, 0.0037904, 0, 0, 0.0008249, 0.0024807, 0.0025358, 0, 0, 0.0031927, 0, 0.0006672, 0.0031274, 0.0026817, 0.0023725, 0, 0, 0.0004939, 0, 0, 0, 0.0023542, 0.0027214, 0.0026027, 0.0029783, 0.0025285, 0.0024267, 0.0023366, 0.0024016, 0, 0.002865, 0.0024102, 0, 0, 0, 0.0023839, 0.0023276, 0, 0, 0.0011326, 0.0035128, 0.0029908, 0.0029902, 0.0031768, 0.0031079, 0, 0.0029345, 0, 0.0026227, 0.0026894, 0.0028838, 0.0032556, 0.0030923, 0.0025735, 0.0021226, 0.001933, 0, 0.0026662, 0.0025413, 0.0025863, 0, 0, 0.0023487, 0.0022304, 0.0026958, 0.0032079, 0.0008686, 0.0020043, 0, 0.0029676, 0.0023543, 0.0023453, 0.0031431, 0.0026161, 0.0024767, 0.002985, 0.0022173, 0.0017383, 0, 0.0029075, 0.0032215, 0.0036178, 0.0032893, 0, 0.0026346, 0.0024764, 0.0024024, 0.002051, 0.0016525, 0, 0.0026813, 0, 0.0025987, 0.0021822, 0, 0.0014273, 0, 0, 0, 0.0024094, 0.0021512, 0.0019676, 0, 0.0032757, 0, 0, 0.0018575, 0.0025395, 0.002942, 0.002622, 0.0021393, 0, 0, 0.0031965, 0, 0.0026689, 0.0029286, 0.0033904, 0.0033673, 0.0031987, 0, 0], [0, 0, 0, 0, 0, 0, 0, 0, 0, 0, 0, 0.0002784, 0, 0, 0, 0.0028928, 0.0020324, 0.0019146, 0, 0, 0, 0, 0, 0, 0, 0, 0.002319, 6.42e-05, 0, 0, 0, 0, 0.0005036, 0.0028198, 0, 0.0003918, 0.0001895, 0, 0.0034326, 0.000956, 0, 0.0020307, 0, 0, 0, 0, 0, 0.0020196, 0.000398, 0, 0, 0, 0, 0.0012085, 0, 0, 0, 0, 0, 0.0018581, 0, 0.0018207, 0, 0, 0.0023526, 0.0025162, 0.0030254, 0.0032424, 0.0005115, 0.0027853, 0.0026126, 0.0024642, 0.0026271, 0.0004292, 0, 0, 0.0018821, 0, 0.0029365, 0.0027089, 0.0027246, 0.0024573, 0, 0, 0, 0, 0, 0.0004932, 0.00065, 0, 0, 0.0024744, 0.0026271, 0.0026876, 0, 0.0018883, 0, 0.0020612, 0.0004622, 0.0028915, 0.0027897, 0, 0, 0.0002822, 0, 0.0023845, 0, 0.0032698, 1e-07, 0.001238, 0, 0, 0.0034838, 0.0036994, 0.0003936, 0.0028662, 0, 0, 3.63e-05, 0.0018399, 0.0026577, 0.0033623, 0, 0, 0.0030737, 0.003028, 0.0031025, 0, 0, 0.003322, 0, 0, 0, 0, 0.0021878, 0, 0, 0, 0.000799, 0.0003474, 0.0002086, 8.41e-05, 0, 0, 0, 0.0010592, 0.002858, 0.0021067, 0, 0.0018036, 0.0017532, 0, 0, 0.000992, 0.0006353, 0.0007701, 0, 0, 0.0002624, 0.0007775, 0.0028271, 0, 0.0024462, 0.0023891, 0, 0.0003591, 0.0001812, 0, 0, 0, 0, 0, 0, 0.002146, 0.0018878, 0, 0.0032471, 0.0029506, 0, 0, 0, 0.0005896, 0.0006146, 0.0011208, 0.0005275, 0.0026612, 0, 0, 0.0039972, 0.0024395, 0.0003541, 0.0003648, 0.0003056, 3.9e-05, 0, 0.0004649, 0.0018386, 0, 0, 0.0026277, 0.0025315, 0, 0, 0, 0.0001552, 0.0004959, 0.0022714, 0.0025232, 0.0023852, 0.0018496, 0, 3e-06, 0, 0, 0.0005428, 0.0022423, 0, 0.0022889, 0.0022304, 0.0018925, 0, 0, 0.0007952, 0.0029137, 0.0036624, 0.0032063, 0.0031732, 0.0031055, 0, 0, 0, 0, 0, 0.0021016, 0, 0, 0.0026862, 0.002308, 0.0016996, 0, 0.0029121, 0, 0.0017583, 0.0027261, 0.0027186, 0.0026054, 0.0028823, 0.0026797, 0, 0, 0.0022002, 0, 0.0020622, 0.0020256, 0, 0.0025925, 0, 0, 0.000971, 0.0002096, 0.000256, 0, 0, 0, 0.0014078, 0.0024262, 0, 0.0025242, 0.0025886, 0, 0, 7.95e-05, 0, 0, 0, 0, 0, 0, 0, 0, 0.0030392, 0.0022423, 0.0022157, 0.0006031, 0.0005966, 0, 0, 0, 0.0003073, 0, 0.0027439, 0.0015924, 0, 0.0019794, 0.0022024, 0.0005393, 0.0005545, 0, 0, 0, 0.0008037, 0, 0.0023556, 0.002622, 0.0030828, 0.0029098, 0.0002935, 0, 0, 0, 0.0009157, 0.0037467, 0, 0.0029599, 0, 0, 0, 0, 0, 0, 0.0017033, 0, 0.0035478, 0, 0, 0, 0, 0, 0, 0, 0.0022491, 0, 0.0025211, 0, 0, 0, 0.0017369, 0, 0.0014499, 0.0011202, 0, 0.0022627, 0.0018202, 0.0024666, 0.0029724, 0, 0, 0.0033984, 0.0035949, 0, 0.0037441, 0, 0.0031132, 0.0032372, 0.0028928, 0.0026409, 0, 0, 0.0021072, 0.0022076, 0.001965, 0, 0, 0.0002477, 0.0001781, 0, 0, 0, 0, 0.0024306, 0.0028409, 0.0029155, 0.0023322, 0.0020722, 0, 0.000753, 0.0008985, 0.0008826, 0, 0.0006249, 0.0008807, 0.0021646, 0.0021678, 0.002489, 0.0028192, 0.0030965, 0.0005506, 0, 0.0006355, 0, 0.0006982, 0.0008655, 0.0028402, 0.0027307, 0, 0.0028157, 0.0022975, 0, 0.0001011, 6.47e-05, 0.0003737, 0.0006053, 0.0015728, 0, 0, 0.0031983, 0.002908, 0, 0.0002016, 0, 0.0003213, 0, 0.0027724, 0.0028284, 0, 0.0029126, 0, 0, 0, 0.0023851, 0.0023387, 0, 0.002218, 0, 0, 0.0009057, 0.0023399, 0.0023333, 0.0019458, 0, 0.0024447, 0.0009731, 0, 0.0022262, 0, 0.0029539, 0, 0, 0.0025412, 0.0024259, 0.0021908, 0.002701, 0.0031593, 0.0036602, 0.0023578, 0.0019075, 0, 0.0031385, 0, 0.0019973, 0.0018106, 0, 0, 0.0004691, 0.0004069, 0, 0.0001878, 0, 0.0006426, 0, 0.0019331, 0.0028411, 0.0030733, 0.0022673, 0.0003305, 0, 0, 0, 0, 0.0002708, 0, 0.0023672, 0.0022934, 0.0020414, 0, 1e-07, 0, 0, 0, 0.0005779, 0.0028144, 0.0031407, 0, 0.00342, 0, 0, 0, 0, 0.0005184, 0.0025528, 0.0020948, 0.0021027, 0.0025359, 0.0023321, 0, 0, 0.0007968, 0.0022061, 0.0024356, 0.0023856, 0, 0.0022369, 0, 0.0005237, 0, 0.0024081, 0.0024526, 0, 0.0026822, 0.0007201, 0.0029186, 0.0029904, 0, 0.0020917, 0, 0.0028748, 0.0032588, 0.0032238, 0, 0.0020198, 0.0017385, 0, 0, 0.0030978, 0, 0.0008945, 0, 0.0025101, 0.0029275, 0.0028271, 0.0004657, 0.0003464, 0.0002809, 0, 0.0005161, 0.00055, 0.0035603, 0.0020342, 0.0025984, 0.0029504, 0.0023686, 0.0003986, 0.0007106, 0.0004905, 0.0005007, 0, 0, 0.0024529, 0.0031096, 0.0026737, 0.0025079, 0.0006272, 0.0004264, 0, 0, 0.0023856, 0.0025204, 0.0032216, 0.0031593, 0.002325, 0.0004943, 0.0005011, 0.0006505, 0.0017081, 0.001798, 0.0026972, 0.0030647, 0, 0.0002896, 0.0005627, 0.0025738, 0.0030945, 0.0036808, 0, 0.002187, 0.0008018, 0.0025272, 0.0022156, 0, 0.0022296, 0, 0, 0.0024284, 0.0026835, 0, 0.0036915, 0.0037638, 0, 0, 0, 0.0022323, 0.002415, 0.0025456, 0, 0.0010362, 0, 0.000345, 0.0005386, 0.0003207, 0.000458, 0.0005006, 0.0027475, 0.0027368, 0.0026094, 0, 0.0018551, 0.0003684, 0.0001464, 0.0004893, 0.000527, 0, 0.0030566, 0, 0.0014144, 0, 0, 0.0001779, 0.0006564, 0.0018938, 0.0018568, 0, 0.0019081, 0.0019108, 0, 0.0003032, 0, 0.0023879, 0.0022128, 0.0022032, 0.0019917, 0, 0.0023442, 0.0016505, 0.0018987, 0.0021559, 0.0025146, 0.0029431, 0.0028282, 0, 0, 0.0022358, 0.00249, 0.0023695, 0, 0.0023161, 0.002134, 0, 0.0021622, 0.0020863, 0, 0, 0.0001124, 0, 0.000106, 0.0004761, 0.0021327, 0.0019202, 0, 0.0025351, 0.0032745, 0, 0, 0, 0.003897, 0.0040435, 0, 0, 0.0024263, 0, 0, 0.0036123, 0.0034448, 0, 0.0023183, 0, 0.000717, 0.0027516, 0.001522, 0.0015821, 0.0022072, 0.0026856, 0.0030512, 0.0024285, 0.0019597, 0.0014837, 0, 0.0033508, 0.0038102, 0.0034291, 0.0031135, 0.0032769, 0.0030153, 0, 0, 0.0024971, 0.0022017, 0, 0, 0, 0.0028008, 0, 0.0031292, 0.0029397, 0, 0, 0.0005594, 0.0021508, 0.0022395, 0, 0.0015014, 0, 0, 0, 0.0030338, 0.0028479, 0, 0.0023992, 0.0024993, 0, 0, 0.0026017, 0.0026053, 0.0026175, 0.0025943, 0.0026243, 0, 0.0040894, 0.0034313, 0.00324, 0, 0.0033434, 0, 0, 0.0009545, 0.002989, 0, 0, 0.0030938, 0, 0.0009301, 0.0021173, 0.0022735, 0.0027694, 0.0031006, 0.0029049, 0.0027365, 0, 0.0022508, 0.0024555, 0.0020012, 0.0022145, 0.0028953, 0.0030482, 0.0031337, 0.0031219, 0, 0.0021008, 0.0020579, 0.0026069, 0.0027508, 0, 0.0027881, 0.0027208, 0.0029144, 0.0030488, 0.0026604, 0, 0.0030952, 0.002833, 0.0030254, 0.0027145, 0.0024844, 0.002091, 0.0017678, 0, 0.0024451, 0.0019935, 0, 0.0028332, 0.0025083, 0, 0, 0.0024924, 0, 0.0041059, 0, 0, 0, 0.0019516, 0.0023014, 0, 0, 0.0020652, 0, 0, 0, 0.0032421, 0.0030768, 0, 0.0027407, 0.003279, 0.0031483, 0.0030456, 0.002672, 0.0031695, 0.0038801, 0.003458, 0.003227, 0.0031536, 0, 0, 0.0024429, 0.0026145, 0, 0, 0.0023535], [0, 0, 0, 0, 7e-07, 0, 0, 0, 0, 0, 0, 0.0003806, 0.0026613, 0, 0, 0, 0.0026463, 0.0031151, 1.8e-06, 0, 0, 0.0041943, 0, 0, 0, 0, 0.0011998, 1.02e-05, 0.0011756, 0.000123, 0, 0, 0, 0.0015259, 0, 0.0002898, 0.0003027, 0.0026314, 0.0022939, 0, 0, 0, 4e-07, 0, 0.0026686, 0, 0, 0.0023884, 0.0005145, 0.0027725, 0, 0.002664, 0, 0.0014065, 0, 0.0038614, 0, 0, 0, 0.0027295, 0.0024909, 0, 0.0003423, 0, 0, 0, 0.0035207, 0.0027069, 0.0005123, 0.0025963, 0.0026811, 0.0027405, 0.0027607, 0.0003609, 0, 0, 0.0020954, 0, 0.0025508, 0.0027282, 0, 0, 0, 0, 0, 0.0015614, 0.0003215, 0.0002844, 0, 0, 0, 0, 0.0029358, 0.00289, 0.0001548, 0.0020094, 0, 0.0006742, 0, 0, 0, 0, 0.0014659, 0.0003676, 0.0011295, 0, 0.0025656, 0.00228, 0, 0.0021638, 0, 0.0020321, 0.0024897, 0.0025272, 0.000332, 0.0029295, 0.0025769, 0.0022623, 2.59e-05, 0.0028325, 0.0024374, 0.0026501, 0.0026468, 0, 0, 0.001807, 0.0021519, 0.0027761, 0.0026537, 0.0030503, 0.0025269, 0.0003607, 0, 0.0026838, 0.0021623, 0, 1e-07, 0, 0.0004435, 0.0002681, 0.0001563, 4.38e-05, 0, 0, 0, 0.0008916, 0.0024337, 0.0033684, 0.0040572, 0.0037962, 0, 0, 0, 0, 0.0002555, 0.0002783, 9e-07, 0, 0.0001651, 0.0009061, 0.0027022, 0.0023304, 0.0021667, 0, 0.0036707, 0, 9.37e-05, 3e-07, 0, 0, 0, 0, 0.0005087, 0, 0.0029332, 0.0018641, 0, 0.0025542, 0.0003346, 0.0004051, 0.0003076, 0, 0.0003905, 0.0006078, 0, 0.0019995, 0, 0, 0.0029898, 0.0020929, 0.0002897, 0, 0.0002701, 4.15e-05, 0.0001134, 0, 0, 0.0032135, 0, 0, 0, 0.000129, 5.04e-05, 0, 0, 0.0004983, 0.0024917, 0.0021996, 0.0020163, 0, 0.002516, 5.52e-05, 0, 6.6e-06, 0, 0.0022109, 0.002344, 0, 0.0031442, 0.003175, 0, 0, 0.0006482, 0.0023988, 0, 0, 0, 0.0024327, 0, 0.0005864, 0, 0.0021019, 0.0023053, 0.0024092, 0.0025656, 0.0007201, 0.0019258, 0.0023608, 0.0024052, 0.0030394, 0.0022893, 0.0018215, 0, 0.0032554, 0.0020913, 0.0016255, 0.0013518, 0, 0, 0.0022074, 0, 0.0017609, 0, 0, 0, 0.0026209, 0, 0, 0.0005399, 0.000245, 0.0003256, 0, 0, 0, 0, 0, 0.0025993, 0.0026756, 0.0025702, 0, 0, 1.3e-05, 0, 0, 0, 0, 0, 0.0005923, 0.0013627, 0, 0.0032303, 0.0028805, 0, 0.0006521, 0.0006711, 0.0006655, 0.000596, 0, 0.0002725, 0, 0.0032149, 0.0028654, 0, 0, 0, 0.0002464, 0.0002149, 4.24e-05, 5.1e-06, 1.87e-05, 0.0009503, 0.0010998, 0.0028498, 0.0035338, 0.003127, 0.0030459, 0.0002303, 0, 0, 0, 0.0007789, 0, 0.0033998, 0.0034446, 0.0030624, 0, 0, 0, 0, 0.0003903, 0, 0, 0, 0.0024759, 0.0021112, 0, 0, 0.0011424, 0, 0.0030097, 0.0031677, 0.0027238, 0.0022789, 0, 0, 0.0030586, 0.0025031, 0.0024303, 0, 0.0019067, 0.0008292, 0.0025725, 0, 0.0037636, 0.0033522, 0.0024456, 0.0022035, 0.0017125, 0, 0, 0.0016312, 0.0017158, 0, 0.0019133, 0, 0.002846, 0.0028125, 0.0024993, 0, 0.0027101, 0.0023781, 0.0006779, 0.0004317, 0.0002305, 0.0001069, 0, 0, 0, 0.0006234, 0.0027793, 0.0041438, 0.0038661, 0, 0.0025737, 0.0004768, 0, 0.0007194, 0.0008429, 0.0006793, 0.0008614, 0, 0.0028184, 0, 0.0020808, 0.0026802, 0.0029593, 0.0006854, 0.0003719, 0, 0.000365, 0.0004995, 0.0005807, 0, 0, 0.0023304, 0.00228, 0.0018367, 0.0005159, 0, 3.28e-05, 0.0002211, 0, 0, 0.0021647, 0.0026354, 0.002487, 0.002303, 0.0006337, 8.99e-05, 0.0003808, 0.0008348, 0.0015331, 0, 0.0021574, 0, 0.0025211, 0, 1e-07, 0.0011715, 0.0025328, 0.0022839, 0.0024141, 0.0022203, 0, 0, 0.0009037, 0.0033301, 0, 0.0031758, 0.002562, 0, 0.0007881, 0.0022349, 0.0027477, 0.0033225, 0.0036103, 0, 0.002431, 0.0030735, 0.0032174, 0.0029149, 0, 0, 0, 0, 0.0020791, 0.0020227, 0, 0, 0.0019469, 0.0025486, 0.003197, 0.0004156, 0.000415, 0.0002736, 0, 0.0001492, 0.0001804, 0, 0.003577, 0.003469, 0, 0.0033701, 0.0019825, 0.000318, 0, 0, 0, 2.4e-05, 0.0005128, 0.0027237, 0, 0, 0.0023924, 0.0023299, 4.33e-05, 0, 0, 3.1e-06, 0.0006974, 0, 0.002209, 0.0023845, 0, 0, 0, 0, 0, 0.0002855, 0, 0.002954, 0.0035339, 0.0027086, 0.0022752, 0, 0, 0, 0, 0.002885, 0.0031632, 0, 0, 0, 0.000572, 0.0022516, 0, 0.0030627, 0.0024891, 0.0021175, 0, 0.0026596, 0.0024548, 0, 0.0021363, 0.0026696, 0.0033643, 0, 0.0032694, 0.00292, 0, 0.0020865, 0.0025603, 0.0028675, 0.0029494, 0.0025573, 0, 0, 0.0022573, 0.002569, 0.002151, 0.0003665, 0.0002114, 0, 0.0002572, 0.0002937, 0, 0.0029648, 0, 0.0017701, 0, 0, 0.0003411, 0.0004951, 0.0004077, 0, 0.0005285, 0.0019953, 0.0020215, 0.0026121, 0.0026814, 0.0022246, 0.0004903, 0.0002273, 0, 0.0001789, 0, 0.002097, 0.0030699, 0.0026583, 0.0024115, 0, 0.0005259, 0.0004313, 0, 0, 0.0029832, 0, 0.0023148, 0.0003909, 0.0005963, 0.0021186, 0.0018087, 0.0023733, 0.0025573, 0, 0, 0.002565, 0.0026965, 0.0031249, 0.0023491, 0.0020942, 0.0018978, 0.0023648, 0.0029247, 0.0032337, 0.0030712, 0, 0.0025858, 0, 0.001261, 0, 0.0018492, 0.00161, 0, 0.0028799, 0.0031271, 0.0003956, 0, 0, 0.0004911, 0, 0.0026669, 0.002792, 0.0030122, 0.0026539, 0.0024544, 0.0002952, 0, 0.0004506, 0, 0, 0, 0, 0.0022083, 0.0009113, 7e-07, 0.0003057, 0.0010201, 0, 0.0017294, 0, 0.0028666, 0.0026707, 1e-07, 0, 0.0036908, 0, 0.0028366, 0, 0.001833, 0, 0, 0.0028733, 0, 0.002333, 0.0029865, 0.002593, 0.0019277, 0, 0.0026197, 0, 0, 0.0027213, 0.0021664, 0.0020805, 0, 0, 0.0017862, 0.0022943, 0.0026493, 0.0017849, 0.0001036, 3.8e-06, 0.0001219, 0.0004981, 0.0020893, 0, 0, 0.0028709, 0.0025671, 0, 0, 0.0003627, 0, 0.0023069, 0.0027731, 0.0031284, 0.002834, 0, 0.0002611, 0, 0.0026818, 0.0029176, 0.0023446, 0.0025256, 0.0007293, 0, 0.0022772, 0.0021513, 0.0026218, 0.0026598, 0, 0.0029849, 0.0028294, 0, 0, 0.0024705, 0, 0.0025287, 0, 0, 0.003263, 0.0027797, 0.002951, 0.003171, 0.002771, 0, 0, 0.0005452, 0, 0.0027101, 0.0030615, 0.0029808, 0, 0, 0.0009541, 0, 0, 0.0025935, 0.0022083, 0.0020872, 0.0008588, 0.0031969, 0.0037631, 0.0035687, 0.0032465, 0.002428, 0.0026876, 0.0025729, 0.0029031, 0.0031568, 0, 0.0027718, 0.0025538, 0.0024468, 0.0033981, 0.003766, 0, 0.0029078, 0.0024928, 0.0023743, 0.0020988, 0, 0.0007855, 0.002879, 0, 0, 0, 0.0015689, 0.0008601, 0.0029747, 0.0027402, 0, 0, 0, 0.0013478, 0, 0.0025135, 0.0026356, 0, 0, 0.0021015, 0, 0.0025808, 0.0026318, 0, 0, 0.0024464, 0, 0.0037175, 0.0007555, 0.0025052, 0, 0, 0.0026529, 0, 0.0028973, 0.002468, 0.0019624, 0, 0.0027846, 0, 0.0027515, 0.0018222, 0.0019093, 0.0024017, 0.0025453, 0.0027301, 0.0030325, 0.0029872, 0, 0, 0.0024839, 0.0021811, 0.0020773, 0, 0, 0.0029246, 0.0037238, 0, 0, 0, 0, 0.0027439, 0.0026047, 0, 0.0025538, 0, 0.0025482, 0.0033837, 0, 0.0048291, 0.0035205, 0.0033517, 0.0033029, 0, 0, 0.0038995, 0.0031191, 0.0026749, 0.003296, 0.0032278, 0.0029186, 0.0022405, 0.0023009, 0.0023939]]}})
      ok  85.0 s  auprc=0.7663769746824373
  [4/10] telecom_churn seed=45 ...
D:\Data\Harold\github\hsbc-quantum-fraud-2026\.venv\Lib\site-packages\eqc_models\base\results.py:172: UserWarning: Cannot evaluate objective value in results for <class 'eqc_models.ml.classifierqboost.QBoostClassifier'>. Method not implemented.
  warnings.warn(f"Cannot evaluate objective value in results for {model.__class__}. Method not implemented.")
Runtime of _build_weak_classifiers_sq: 2.55 seconds!
Built 816 weak classifiers!
Runtime of get_hamiltonian: 2.86 seconds!
2026-10-06 07:54:45 - Dirac allocation balance = 1399 s
2026-10-06 07:54:45 - Job submitted: job_id='6ac4e184358b23d0cb3719e4'
2026-10-06 07:54:45 - QUEUED
2026-10-06 07:54:48 - RUNNING
2026-10-06 07:56:19 - COMPLETED
2026-10-06 07:56:21 - Dirac allocation balance = 1315 s
SolutionResults(solutions=array([[0.0000e+00, 0.0000e+00, 0.0000e+00, ..., 3.5547e-03, 0.0000e+00,
        2.9803e-03],
       [0.0000e+00, 0.0000e+00, 0.0000e+00, ..., 2.6837e-03, 2.2384e-03,
        0.0000e+00],
       [0.0000e+00, 0.0000e+00, 0.0000e+00, ..., 0.0000e+00, 0.0000e+00,
        0.0000e+00],
       ...,
       [1.0000e-06, 1.3400e-05, 0.0000e+00, ..., 1.7410e-03, 1.8054e-03,
        0.0000e+00],
       [0.0000e+00, 0.0000e+00, 0.0000e+00, ..., 2.5015e-03, 2.4199e-03,
        2.3565e-03],
       [0.0000e+00, 0.0000e+00, 0.0000e+00, ..., 3.2121e-03, 2.4495e-03,
        2.0179e-03]]), energies=array([-1880.3560791, -1880.0634766, -1880.0476074, -1879.9916992,
       -1879.9672852, -1879.9580078, -1879.9438477, -1879.7255859]), counts=array([1, 1, 1, 1, 1, 1, 1, 1]), objectives=None, run_time=[14593849182, 8264513969, 14761672020, 8276597977, 8791635513, 8940300941, 11381643295, 8522932053], preprocessing_time=4523447514, postprocessing_time=[0, 0, 0, 0, 0, 0, 0, 0], penalties=None, device='dirac-3_normalized_qudit', raw_solutions=None, time_units='ns', response={'job_info': {'job_id': '6ac4e184358b23d0cb3719e4', 'job_submission': {'problem_config': {'normalized_qudit_hamiltonian_optimization': {'polynomial_file_id': '6ac4e17fd190799f598b18af'}}, 'device_config': {'dirac-3_normalized_qudit': {'num_samples': 8, 'relaxation_schedule': 2, 'sum_constraint': 1}}}, 'job_status': {'submitted_at_rfc3339nano': '2026-10-06T11:54:44.533Z', 'queued_at_rfc3339nano': '2026-10-06T11:54:44.533Z', 'running_at_rfc3339nano': '2026-10-06T11:54:44.745Z', 'completed_at_rfc3339nano': '2026-10-06T11:56:17.565Z'}, 'job_result': {'file_id': '6ac4e1e1d190799f598b18d2', 'device_usage_s': 84}}, 'status': 'COMPLETED', 'results': {'counts': [1, 1, 1, 1, 1, 1, 1, 1], 'energies': [-1880.3560791, -1880.0634766, -1880.0476074, -1879.9916992, -1879.9672852, -1879.9580078, -1879.9438477, -1879.7255859], 'solutions': [[0, 0, 0, 0, 0, 0, 0, 0, 0, 0, 0, 0.0004376, 0, 0.0023214, 0.0032642, 0.0029702, 0.0022152, 0.0022177, 0.0021783, 4.04e-05, 0, 0.002445, 0, 0, 0, 0, 0.0008064, 0, 0, 0.0004936, 0, 0, 0.0023092, 0.0001087, 0, 0, 0, 0.0031257, 0, 0, 0.0004711, 0.0025561, 0.0009905, 0, 0.0021004, 0.0022228, 0, 0, 0, 0, 0.0003937, 0, 0.0015886, 0, 0, 0, 0, 0.0006214, 0, 0.0023375, 0.0026451, 0, 0.0019045, 0.0023554, 0.0024125, 0, 0, 0.0027848, 0.002713, 0, 0, 0, 0.0018724, 0.0016826, 0, 0.0005291, 0.0029204, 0, 0.0013073, 0.0013752, 0, 0, 0.0019538, 0, 0, 0.0023843, 0.0006402, 0, 0, 0, 0.0031762, 0, 0.0032168, 0, 0.0013853, 0, 0.0024044, 0.0004981, 0.0021185, 0, 0.0003515, 0.0024838, 0.0028858, 0, 0.001793, 0.0024295, 0.00218, 0, 0, 0, 0, 0.0029444, 0.0025375, 0, 0, 0.0028411, 0.0026521, 0, 0, 0, 0, 0, 0.0018718, 0, 0, 0.0019675, 0.0026045, 0.00269, 0.0029419, 0.0031759, 0, 0.0003236, 0, 0.0007364, 0.000222, 0, 8.13e-05, 0, 0.0012738, 0.0006705, 0.0003193, 8.7e-05, 0, 0, 0, 0.0008839, 0.0020629, 0.0023561, 0.0029227, 0.0026305, 0.0020703, 0.0001879, 0.0007818, 0, 0, 0.000409, 0.000107, 0, 0, 0.0004677, 0, 0.0017257, 0.0015413, 0, 0.0022968, 0, 1.06e-05, 0, 0, 0, 0, 0, 0.000436, 0.0023595, 0.002801, 0, 0.0031959, 0, 0.0002298, 0.0002648, 0, 0.0005514, 0.0002815, 0, 0.0004249, 0.0021701, 0, 0.002967, 0.0026779, 0.0017914, 0.0002377, 0.0001658, 0.0002761, 0, 0.0002282, 0, 0, 0.0021924, 0.0026102, 0.0024391, 0, 0.000179, 0, 5.7e-06, 4.82e-05, 0, 0.0030169, 0.0026032, 0.0025238, 0, 0.0029901, 0.0003127, 0, 5.17e-05, 0.0004645, 0.0027916, 0.0029111, 0, 0.0030514, 0.0027807, 0, 0, 0.0008704, 0.0022856, 0.0021723, 0.002151, 0.0020847, 0.002011, 0, 0.0002621, 0, 0.0021498, 0.0021083, 0.0021315, 0.0021076, 0.0007771, 0.0018928, 0.0026234, 0.002858, 0, 0.0023304, 0, 0.0030341, 0, 0.0030295, 0.0020457, 0.0017387, 0, 0.0032016, 0.0026576, 0.002296, 0.0021978, 0, 0.0024977, 0.00301, 0.0030543, 0, 0, 0, 0.0002284, 0.0001337, 0, 0, 0.0001539, 0.0011823, 0.0027767, 0, 0.0024889, 0.0022962, 0.002278, 0.0005507, 8.7e-06, 0, 0, 0, 0, 0, 0.0012325, 0.0022232, 0, 0.0028439, 0.0027153, 0.0017712, 0, 0, 0.0005422, 0.0004523, 0.0003549, 0.0004818, 0.0008873, 0.0021189, 0.0022972, 0, 0.0031961, 0, 0, 0, 6.09e-05, 0, 0, 0.000805, 0.0033008, 0.0026527, 0.0020359, 0, 0.0022516, 0.0001167, 0, 0, 1e-07, 0.000761, 0.0015052, 0.0011289, 0, 0.0036416, 0.0035509, 0, 0, 0, 0, 0.0015453, 0, 0.0034363, 0.0022483, 0.0017786, 0, 0, 0, 0.0016936, 0.0019419, 0.0021545, 0, 0.0015773, 0, 0, 0.0024466, 0.0025643, 0, 0, 0.0025944, 0.0006069, 0, 0.0024041, 0.003282, 0.0038219, 0.0033856, 0.0029617, 0.0027922, 0.0019655, 0.0009076, 0, 0.0022229, 0.0021758, 0.0021361, 0, 0.0025752, 0, 0, 0, 0.0027283, 0.0020961, 0.000558, 0, 0.0001301, 0, 0, 0, 0.0001098, 0.0007988, 0.0022443, 0, 0, 0.0030021, 0, 0, 0.0004418, 0.0003544, 0, 0.0006408, 0.00136, 0.0010794, 0, 0, 0.0026851, 0.0015749, 0.0017495, 0.0006907, 0.0008234, 0.0011229, 0, 0, 0.0008585, 0, 0.0024761, 0, 0.0039187, 0.0032561, 0.0006233, 0, 9.48e-05, 0.0005476, 0.0010327, 0.0028806, 0.0026812, 0, 0.0024735, 0.0023996, 0, 9.6e-06, 0.0003996, 0, 0.0025671, 0, 0, 0.001909, 0.0021136, 0, 4.84e-05, 0.001698, 0.0027723, 0.0027439, 0.0029392, 0, 0.0023578, 0, 0, 0, 0.002967, 0, 0.0026204, 0.0018298, 0.000696, 0.0017852, 0.0023226, 0.0026574, 0.00252, 0, 0.0031623, 0.0029286, 0, 0.0025967, 0.0023289, 0.0018146, 0, 0.0025738, 0.002569, 0.0025017, 0, 0.0033785, 0.0024239, 0.0023685, 0.0020327, 0.0001746, 0, 0, 0.0001935, 0, 0.0007137, 0.0004021, 0, 0.0027475, 0.0019397, 0, 0.0016016, 0.0001952, 4.66e-05, 0, 0, 1.89e-05, 0.0003856, 0, 0, 0.0023007, 0.0025888, 0.0024269, 0, 0, 0, 0, 0.0004953, 0.0018358, 0.0017861, 0.0021671, 0.0025418, 0.0022427, 0, 0, 0, 0.0004507, 0.0026791, 0.0026463, 0, 0.0024537, 0.0024629, 0, 0, 0.0007641, 0.00191, 0.0017359, 0, 0, 0.0025394, 0, 0.0004296, 0.0027941, 0.0026851, 0.0026509, 0.0029853, 0.0019976, 0.0009282, 0.0024276, 0.0024804, 0.0027209, 0, 0.0025324, 0, 0.00252, 0.0025708, 0.0020549, 0, 0, 0, 0.001574, 0.0026236, 0.0033797, 0, 0, 0, 0.0017712, 0.0015706, 0, 0.0003123, 0.0006305, 0, 0.0005157, 0.0002703, 0, 0.0020942, 0.0025281, 0.002635, 0, 0.0002064, 0, 0.0003513, 0, 0, 0, 0.0032769, 0.0032878, 0, 0, 0.0006264, 0, 0, 0.0002664, 0, 0.0021298, 0.0023675, 0.002326, 0.0019769, 0.0004804, 0, 0.0007424, 0.0020164, 0.0023606, 0.0019234, 0.0016319, 0.0015412, 0.0002817, 0.0002109, 0, 0, 0, 0, 0.0018929, 0.0007117, 0.0017887, 0.0018539, 0.0015062, 0, 0, 0.0028973, 0, 0.0025411, 0, 0.0025284, 0, 0.0029747, 0.0017231, 0.0023238, 0.0032795, 0.00307, 0.0029442, 0.0024873, 0.0027612, 0.0029079, 0.0002771, 0.0001993, 1.59e-05, 0, 0, 0, 0.0024118, 0.0020697, 0.001753, 0, 0.0004237, 2.4e-06, 0.0002371, 0, 0.0032842, 0, 0.0029439, 0.0033021, 0.0030257, 0, 0, 0.0007029, 0.0029898, 0.0026559, 0, 0.0023618, 0, 0, 0.0005095, 0.0014341, 0, 0.0018613, 0.0023023, 0.0020261, 0.000797, 0.0023826, 0.0023905, 0.0018484, 0.0015514, 0, 0, 0.0030306, 0.0033902, 0.0022239, 0.0016655, 0, 0.0013834, 0, 0.0023634, 0.0027883, 0.0031155, 0.002948, 0.0029963, 0.0018898, 0.0008424, 0, 0, 0, 0.0003645, 0.002534, 0.0028206, 0.0027133, 0, 0.0018302, 0, 0, 0.0006852, 0.0020647, 0.0025249, 0.0027356, 0, 0.0024133, 0, 0.0004354, 0.0028932, 0.002851, 0.0024396, 0.0023392, 0, 0, 0.0039773, 0, 0.0023431, 0.0025706, 0.0021522, 0, 0.0031974, 0.0020573, 0.0018266, 0.001726, 0, 0.0022575, 0.0018908, 0.0018149, 0.0015244, 0, 0.0021719, 0, 0.0009976, 0, 0, 0, 0.0007896, 0.0023862, 0.0024712, 0, 0.0021503, 0.001925, 0, 0.0005083, 0.003581, 0.0031248, 0.0023896, 0.0018178, 0, 0, 0.0024005, 0.0015064, 0.0023593, 0.0024272, 0.002236, 0.0027616, 0.0029225, 0, 0.0028034, 0.0022111, 0, 0.0020623, 0.0023845, 0, 0.0019608, 0.0023804, 0.002546, 0.0022434, 0.0025494, 0.0023948, 0, 0.0006005, 0.0018622, 0.0026613, 0.0027599, 0.0020283, 0.0017011, 0.0008421, 0.0025403, 0.0020908, 0, 0.0026493, 0.0022466, 0, 0.0028402, 0, 0, 0, 0.0019384, 0.0016934, 0.0016164, 0, 0, 0, 0.0009269, 0, 0.0026457, 0.0024067, 0.0007356, 0.0019801, 0.0018021, 0, 0, 0.0023874, 0.0027504, 0.0029842, 0.0028829, 0.0021495, 0.0027335, 0.0030286, 0, 0.0026564, 0.0027778, 0.0022012, 0.0021662, 0.0024316, 0.0026622, 0.0024563, 0.0028597, 0.0028014, 0.0032042, 0.0027717, 0.0029315, 0.0026594, 0.0026074, 0.0022517, 0.0023753, 0.0028661, 0.0029585, 0, 0.0014107, 0, 0, 0.0017717, 0.0022709, 0.0021716, 0.0022775, 0.0026013, 0.002513, 0, 0.0026882, 0.0027194, 0.0028338, 0.0024913, 0.0033956, 0.0037395, 0.0033899, 0, 0.0026991, 0.0023268, 0.0029354, 0.0035547, 0, 0.0029803], [0, 0, 0, 0, 0, 0, 0, 0, 0, 0, 0, 0, 0.0022169, 0.00273, 0.0029987, 0.0022013, 0.0018437, 0, 0.0034037, 6.13e-05, 0.0022035, 0.0021467, 0, 0, 0, 0, 0, 0.0004862, 0, 0, 0, 0, 0, 0, 0.0003483, 0.0005376, 0, 0.0023013, 0, 9e-06, 0.0002575, 0, 0.0005835, 0, 0.0015398, 0, 0, 0, 0, 0, 0.0002968, 0, 0.0029542, 0, 0.00343, 0, 0, 0.000546, 0, 0.0024016, 0.0026484, 0, 0.0030414, 0.0030542, 0.0033522, 0.0038831, 0.0004215, 0.0023166, 0.002779, 0, 0.0009343, 0, 0, 0, 0, 0.0004731, 0.0024569, 0, 0, 0.00381, 0.0036592, 0, 0.0017658, 0, 0, 0, 0.000679, 0, 0, 0.0002976, 0, 0, 0.001823, 0, 0.002627, 0, 0, 0.0004071, 0.002269, 0.0016094, 0.0002937, 0.0025226, 0.0026712, 0, 0, 0, 0.0028626, 0, 0, 0, 0, 0.0031354, 0.0028953, 0.0002895, 0, 0.0024136, 0, 0.0026614, 0, 0.0026638, 0.0022589, 0.0024705, 0.0024878, 0.002268, 0, 0.0020991, 0.0026098, 0.0025037, 0.0017325, 0.0019469, 0.0020042, 0.000344, 0, 0, 0.0002762, 0.0017273, 0, 0, 0, 0, 0.0003458, 9.78e-05, 0, 0, 0, 0.0008305, 0.0022493, 0.0029277, 0.0033377, 0.0021824, 0.0014655, 0, 0.000469, 0, 0, 0.0004639, 0.0001006, 0, 0.0002105, 0, 0, 0.0029712, 0, 0.0019353, 0, 0.0002501, 3.84e-05, 9.6e-06, 0, 0, 0, 0, 0.0002989, 0, 0.0009332, 0, 0.0026428, 0, 0.000316, 0.0004612, 0.0003877, 0.0008327, 0.0003074, 0, 0.0004454, 0.0031936, 0, 0.0026815, 0.0022726, 0.0019407, 0, 0.00031, 0.0005247, 0, 0.0001821, 0, 0.0026433, 0.0026577, 0.0017057, 0.0018977, 0.0018705, 0, 0, 2e-07, 9.17e-05, 0, 0, 0.0025247, 0.0023314, 0.0022671, 0, 0.0003159, 0, 0, 0.0004489, 0.0029849, 0, 0.0017102, 0, 0.0022359, 0, 0, 0.0007517, 0.003318, 0.0030904, 0, 0.0028675, 0.0028038, 0, 0, 0, 0.0027671, 0.0021722, 0.0025471, 0.0021608, 0.0008824, 0.0026627, 0, 0.0025713, 0.0022832, 0, 0.0030298, 0.0026655, 0, 0.0029428, 0.0025566, 0.0028082, 0.0020411, 0.0022729, 0.0024763, 0.0024944, 0.0028903, 0.0037607, 0.0026775, 0, 0.0024323, 0, 0.0006804, 0.0004906, 0.0004205, 0.0002114, 0, 0, 8.55e-05, 0.0007397, 0.0018247, 0.0022634, 0.0026755, 0.003149, 0.0029487, 0, 0, 0, 0, 0, 0, 0, 0.0007521, 0, 0, 0.0026714, 0.0024579, 0, 0.0005308, 0.0005407, 0.000553, 0.0002541, 0.0001406, 0, 0.0004241, 0, 0.0028688, 0, 0.0029214, 0.0025983, 0, 0, 5.67e-05, 0, 0, 0.0008844, 0.001919, 0, 0, 0, 0.0027817, 0.0003782, 2e-07, 0, 0, 0, 0.003138, 0.0035514, 0.0026252, 0.0023588, 0, 0, 0, 0, 0.0009387, 0.0017545, 0.0016969, 0.0024324, 0.0026729, 0.00239, 0, 0, 0.0010087, 0.0031608, 0, 0.0029788, 0.0031593, 0, 0, 0.0011706, 0, 0.0021935, 0.0015802, 0.0014242, 0, 0.0015264, 0, 0.0017576, 0.0018365, 0, 0.0006635, 0, 0.0035674, 0.0021629, 0.0009426, 0, 0.0015813, 0, 0, 0.0010987, 0, 0.0023604, 0.0023421, 0.0026552, 0.0028985, 0.0024819, 0.0006268, 0.0003118, 7.83e-05, 0, 0, 0, 9.17e-05, 0.0008841, 0, 0.0023582, 0.0027516, 0.0029449, 0.0026218, 0.0008641, 0.0010486, 0.0006609, 0, 0.0006139, 0.0011386, 0.0008094, 0.0023845, 0.0021192, 0, 0.0030035, 0.0031779, 0.0007187, 0.0008149, 0.0012844, 0.0002471, 0.0008331, 0.0010181, 0.0026971, 0, 0.0021568, 0.0023852, 0.0026154, 0.000675, 0.000424, 6.92e-05, 0.0003268, 0, 0.0020492, 0, 0.002813, 0.0028123, 0, 0.000405, 0, 0.0005551, 0.0008793, 0.0025658, 0.0026559, 0.0031334, 0.0026177, 0.0023218, 0, 8.9e-06, 0.0011588, 0, 0, 0, 0.0023442, 0.0024732, 0, 0.0007836, 0.0025757, 0.0024258, 0.0024933, 0.0034006, 0.0024743, 0.0011523, 0.0027692, 0.0027665, 0.0027717, 0.0030812, 0.0025281, 0.0020074, 0, 0.0023761, 0.002562, 0.0020553, 0, 0, 0.0017363, 0.001991, 0.0018261, 0.0021749, 0.002336, 0.0021824, 0.0020435, 0, 0.0002851, 0.0003827, 0.0003207, 0.0004877, 0.0001572, 0.0005597, 0, 0, 0.0021655, 0, 0.002548, 0.0024468, 0.0002311, 0, 0, 0, 4.1e-06, 0.0006423, 0, 0.0026326, 0.0028955, 0.0025974, 0.0018369, 1.3e-06, 0, 0, 0, 0, 0.0019293, 0, 0, 0, 0.0013033, 0, 0, 0, 0, 0.0029493, 0.0024734, 0.0020399, 0.0024565, 0.001528, 0, 0, 0.0007685, 0.0019814, 0.0022209, 0.0021084, 0, 0, 0, 0.0004346, 0.0031031, 0.003346, 0.0028404, 0.0026024, 0, 0.0004853, 0, 0.0030274, 0.0035851, 0, 0, 0.0027132, 0.0028141, 0.0027373, 0, 0.0036798, 0.0023865, 0.0018747, 0, 0, 0.0023247, 0.0016872, 0, 0.0027713, 0.00329, 0, 0.0003164, 0.0003288, 0.0005251, 0.0001131, 0, 0, 0.0023166, 0.0016989, 0.0018866, 0.0020857, 0, 0, 0.0003578, 0.0001855, 0, 0, 0.0026983, 0.0034573, 0.0035579, 0.0036871, 0.0022958, 0.0006218, 0.0002562, 0.000417, 0.0002208, 0, 0.0027682, 0.0027182, 0.002868, 0.0023919, 0, 0.0008422, 0, 0, 0.0021941, 0.0021454, 0.002751, 0.0028324, 0.0003659, 0, 0.0016967, 0.0021274, 0.0023449, 0.0023556, 0.001925, 0, 0, 0, 0, 0.0016751, 0, 0.001749, 0.0019685, 0.0024618, 0.0025113, 0, 0.0024789, 0.0023415, 0.0021606, 0.0024967, 0.0029535, 0.0029498, 0, 0.0028322, 0.0026074, 0, 0.0002544, 0, 9.75e-05, 0.0004003, 0.0003771, 0.0023414, 0.0031231, 0.0033459, 0.0028129, 0.0022854, 0, 3e-07, 0.00045, 0.0004518, 0.0026389, 0.0032526, 0.0027271, 0.002814, 0.0027985, 0, 0, 0, 0.0017095, 0.0020189, 0, 0.0034398, 0, 0, 0.0004768, 0.0019168, 0, 0.0024433, 0, 0.0019147, 0.0008983, 0.0024345, 0, 0.0017955, 0.001934, 0, 0.0029263, 0.002951, 0.0026503, 0.0023114, 0.0020779, 0.0025929, 0.0023569, 0.0027829, 0.0023637, 0.0019401, 0, 0.0029333, 0.0020995, 0.001838, 0.0016594, 0.0002657, 0, 5.48e-05, 0, 0, 0, 0, 0.0030027, 0.0021707, 0, 0, 0.0006477, 0.0032806, 0.0026753, 0, 0, 0.0022427, 0, 0.0002874, 0, 0, 0.0034656, 0.0032945, 0, 0.0008977, 0.0037054, 0.0029752, 0.0026743, 0, 0.0013377, 0, 0.0016799, 0, 0, 0, 0.0023301, 0.0027443, 0.0026734, 0.0022739, 0, 0.0015772, 0.0021331, 0.0024484, 0.002581, 0.0022872, 0, 0, 0.0007486, 0.0026174, 0.0031476, 0.0022607, 0.0023608, 0.0022767, 0, 0.0004894, 0.0026448, 0.0022958, 0, 0.0020215, 0, 0.000549, 0, 0.0020426, 0.0025094, 0, 0, 0.0036673, 0.0039646, 0, 0.0015544, 0.0023991, 0.0026985, 0, 0.0021479, 0.0022598, 0.0025284, 0.0026515, 0.0023073, 0.001656, 0.0018047, 0.0017622, 0, 0, 0, 0.0027508, 0.0031284, 0.0029001, 0.0030912, 0.0009242, 0.00294, 0.0030102, 0, 0.0023532, 0.0020105, 0.0031038, 0.0038028, 0, 0.0013957, 0, 0.0011535, 0, 0, 0.003197, 0.0027927, 0.0025984, 0, 0, 0, 0.001331, 0, 0.0030152, 0.0027074, 0.0029759, 0.0026747, 0.0023284, 0, 0, 0, 0.0028063, 0.0029185, 0, 0.0034345, 0, 0, 0.0026969, 0.0023916, 0.0019511, 0, 0.0039441, 0.0034932, 0.0024424, 0.0021228, 0, 0, 0, 0.0030145, 0.0026862, 0, 0, 0.0020716, 0, 0.0015039, 0.0019191, 0.0022423, 0.0023082, 0, 0.0025453, 0.0027186, 0.0025008, 0.0024564, 0, 0, 0, 0.0028191, 0.002911, 0, 0.0022797, 0, 0.0033091, 0.0029456, 0.0027621, 0.0032257, 0.0026837, 0.0022384, 0], [0, 0, 0, 0, 0, 0, 0, 0, 0, 0, 0, 0.0004275, 0.0026936, 0.0029942, 0.0027228, 0.0027169, 0.0023812, 0.0028331, 0.003116, 3.24e-05, 0, 0, 0, 0, 0, 0, 0, 0, 0, 0.0004095, 0, 0, 0.0034535, 8.3e-05, 0.0002737, 0.0004778, 0, 0.0026633, 0, 0, 0, 0.0018227, 0, 0, 0, 0, 0, 0, 0, 0, 0, 0, 0, 0.0021366, 0, 0, 0, 0, 0, 0, 0.0019497, 0, 0, 0.0026367, 0, 0, 0.0003905, 0.0011014, 0.0007795, 0, 0, 0, 0.0026203, 0.0022579, 0, 0.0004807, 0.0023948, 0, 0.0021803, 0.0021656, 0.002284, 0, 0, 0, 0, 0, 0.0003306, 0, 0, 0.000475, 0.0024109, 0.0004176, 0.0017387, 7.57e-05, 0, 0, 0.0020108, 0.0003028, 0, 0, 0, 0.0026835, 0.0033418, 0, 0.0035865, 0.0034711, 0, 0.0013722, 0, 0, 0.0016416, 0, 0.0023429, 0.0002371, 0, 0.0023236, 0.002545, 0.0023337, 0, 0, 0.0030763, 0.0032548, 0.0021998, 0.0022019, 0.002003, 0.0021134, 0.0029323, 0.0030552, 0.0028483, 0.0024305, 0, 0, 0.0024973, 0.0023037, 0, 0, 1.3e-06, 0, 0.0006028, 0.0003794, 0, 6.55e-05, 0, 0, 0, 0.0014813, 0.0023973, 0.0024846, 0.0017355, 0.0016464, 0.0016831, 0, 0.0006864, 0.0006137, 0.000459, 0.0003619, 5.73e-05, 0, 0.0003035, 0.0008691, 0, 0.0023775, 0.0023495, 0, 0.0012363, 0, 2.42e-05, 2.05e-05, 0, 0, 0, 0, 0.0001512, 0, 0.0032122, 0, 0.0020035, 0, 0.0002442, 0.0001904, 0, 0.0005885, 0.0002895, 0.0005472, 0, 0.0026475, 0, 0.0029292, 0, 0.0019549, 0.0002387, 0.0001834, 0.0003293, 0, 0, 0.0004676, 0.0028283, 0.003274, 0.0035901, 0, 0.000993, 9.52e-05, 0, 0, 0, 0.0002752, 0, 0.0021081, 0.0023911, 0.0033569, 0.0030432, 0, 0, 0, 0, 0, 0.0020733, 0.0016835, 0, 0.0026319, 0, 0, 0, 0, 0.0041073, 0.0038016, 0.0027185, 0, 0, 0.0004239, 0.0025931, 0, 0.0007158, 0, 0.0029636, 0.0009047, 0, 0, 0.0030049, 0.0025195, 0.002665, 0.0024692, 0.0023414, 0.0014308, 0, 0, 0.0022391, 0.0021066, 0.0022087, 0.0023909, 0.0028253, 0.0020173, 0.0022993, 0.0027076, 0.0028507, 0.0026424, 0, 0.0006781, 0.0002136, 0, 0, 0, 0, 0, 0.0011161, 0.0022915, 0, 0.0021618, 0.0026459, 0.0028118, 0, 0, 0, 0, 0, 0, 0, 0.0010335, 0, 0.003143, 0.0036243, 0.0030507, 0, 0.0010402, 0.0009274, 0, 0.0003305, 0.0002951, 0, 0.000548, 0, 0.0033514, 0.0029126, 0.00275, 0.0023377, 0.0007052, 0.0006644, 0.0001, 0, 0, 0.001155, 0.002961, 0.0026907, 0.0021294, 0.0019616, 0.0021823, 0.0002856, 0, 0, 0, 0.000955, 0.0024579, 0.0018687, 0.0021624, 0.002639, 0.0024732, 0, 0, 0, 0, 0.0023523, 0.0023039, 0.0023284, 0, 0, 0, 0, 0.0009601, 0.0022021, 0.0019436, 0, 0.0019327, 0, 0, 0.000977, 0.0024198, 0.0019833, 0.002328, 0.0020672, 0, 0.0007641, 0.0030666, 0.0037584, 0.0037014, 0.0031926, 0, 0.0026799, 0.0022067, 0, 0.002119, 0, 0.0026193, 0, 0.0023467, 0.001892, 0.002318, 0.0027996, 0.0024908, 0.0026326, 0.00283, 0.0023674, 0.000626, 0, 5.9e-05, 0, 0, 0, 0, 0, 0.0031263, 0, 0, 0, 0.0028468, 0.0005588, 0.0005629, 0, 0.0011973, 0, 0.0010136, 0.0005677, 0, 0.0023167, 0.0026573, 0.0025682, 0.0020973, 0.0005512, 0.0003609, 0.0005519, 0.0004203, 0.0012919, 0, 0.0027273, 0.0023045, 0.0022705, 0.0024045, 0, 0.0004114, 0.0001708, 2.25e-05, 0, 0, 0.0018625, 0.0019202, 0, 0.0015158, 0.0016978, 0.0005088, 0, 0.0004259, 0, 0.0025542, 0, 0, 0.0025456, 0.0024719, 0, 0, 0.0010586, 0.0023376, 0.0020678, 0.0019294, 0, 0.0012693, 1e-06, 0.0007052, 0.0021793, 0, 0.0026712, 0, 0, 0.0013401, 0.0025663, 0.0025908, 0.00274, 0, 0, 0, 0.0032435, 0.0030532, 0.0026281, 0, 0, 0, 0.0031474, 0.0026329, 0.0026592, 0.0025536, 0.0021508, 0.0020892, 0.0024009, 0.0022286, 0, 0.0002373, 0.0001505, 0, 0.0001045, 0.00034, 0.0004517, 0.0032892, 0.0030998, 0.0033179, 0.002832, 0, 8.22e-05, 1.96e-05, 0, 0, 0, 0.0004342, 0.0018194, 0, 0.0024205, 0, 0.0032621, 0, 0, 0, 0, 0, 0, 0.003312, 0.0027039, 0.0024381, 0.002062, 0, 0, 0, 0.0004303, 0.0033069, 0.0032623, 0, 0.0033333, 0.0033389, 0, 0, 0.0008211, 0.0024389, 0, 0.0023808, 0, 0.0028752, 0, 0.0002498, 0, 0.0031316, 0.002749, 0.0029818, 0.0032686, 0.0007266, 0.001932, 0.0018908, 0, 0, 0.0025072, 0.0024191, 0.0025777, 0.0023489, 0.0023165, 0.001688, 0.0018216, 0.002125, 0, 0.0015289, 0.00257, 0.0019059, 0.0022253, 0.0021436, 0.0019649, 0.0016533, 0, 6.37e-05, 0, 0.0002446, 0.0004492, 0, 0.0032772, 0.00262, 0.0025761, 0, 0.0012674, 0.0003426, 0.0004813, 0.0002956, 0.0007436, 0.0003205, 0, 0, 0.0019622, 0, 0.001361, 0.0006345, 0.0002014, 0.0003758, 0.0002177, 0, 0.0030165, 0.0033297, 0.003174, 0, 0.0004771, 0.0003599, 0.0004946, 0.0016304, 0.0019508, 0, 0, 0.0022674, 0.0003614, 0.0004743, 0.0028215, 0.0017332, 0.0017466, 0.0019193, 0, 0, 0.0014344, 0, 0.0025719, 0.002666, 0, 0.0023925, 0.0025604, 0.0026063, 0.002939, 0.0029452, 0, 0, 0, 0, 0.0027403, 0, 0.0036239, 0, 0.00218, 0.0021381, 0, 0.0007972, 3.7e-06, 0, 0, 0, 0.0028969, 0.0029524, 0, 0.0025719, 0.0004972, 0, 0, 0.0004306, 0, 0.0015257, 0.0020189, 0.0019644, 0, 0, 0, 0, 0.0037959, 0.0033833, 0.0027397, 0, 0.0036387, 0, 0.0004332, 0.0026817, 0.0026794, 0, 0.0027339, 0, 0.0009288, 0.0026701, 0.0024885, 0.0030798, 0.0034131, 0.0025042, 0.0026709, 0.0026601, 0.003086, 0.0030373, 0, 0.0028927, 0.0025791, 0.0019673, 0.0024443, 0.0023292, 0, 0, 0.0016922, 0.0022598, 0.0022012, 0, 0, 0.0001368, 0, 0, 0.0036536, 0.0025983, 0.0020012, 0.0018121, 0, 0, 0, 0, 0, 0.003431, 0, 0.0023967, 0, 0.0004089, 0.0025693, 0, 0.0025037, 0.0027001, 0.002455, 0, 0.0025345, 0, 0.0023894, 0.0025444, 0.0024089, 0.0022632, 0, 0.0035545, 0.0019593, 0.0014815, 0, 0.0029618, 0.0028755, 0, 0.0022084, 0.001752, 0, 0.0030369, 0.0022431, 0.0018654, 0, 0, 0, 0.0026391, 0.0026672, 0.0021536, 0.0018442, 0, 0, 0.0004042, 0.0022344, 0.0025191, 0.0030252, 0.0028378, 0.0028623, 0.0006886, 0.0025587, 0.0031962, 0.0027279, 0.0023077, 0.0026881, 0.0023886, 0, 0.002112, 0.0021356, 0, 0.002159, 0.0024282, 0.0025737, 0.0023812, 0.0022368, 0, 0, 0.0028415, 0.0029983, 0, 0, 0.0005963, 0.002347, 0.0024356, 0.0031156, 0.0027132, 0, 0.000544, 0.0021548, 0.002282, 0, 0.0040093, 0.0038652, 0.0021246, 0.0013429, 0, 0.0037609, 0, 0.0022159, 0, 0.0024959, 0.0018068, 0.002347, 0.0030898, 0.0025605, 0.0024145, 0.0031344, 0.0036842, 0.0005707, 0, 0, 0.0029065, 0.0030786, 0.0021367, 0.0029553, 0.0030204, 0.0031449, 0.0028052, 0, 0.0030125, 0.0025198, 0, 0, 0.0015799, 0.0027203, 0.0023268, 0.0024728, 0.0025964, 0.0025218, 0.0021684, 0.0016531, 0, 0.0027998, 0.0028326, 0.0027301, 0, 0.0024996, 0, 0, 0.0013518, 0, 0, 0.0016969, 0, 0.0012431, 0, 0.0026976, 0.002491, 0.0022114, 0, 0.0031785, 0.0040044, 0, 0.002883, 0.0023595, 0, 0, 0.0027432, 0, 0.0025699, 0.0023812, 0, 0, 0], [0, 0, 0, 0, 0, 0, 0, 0, 0, 0, 0, 0, 0.0028137, 0, 0, 0, 0.0017989, 0.002186, 0.0020998, 9.81e-05, 0.0026946, 0.0027842, 0, 0, 0, 0, 0.0023873, 0.0004071, 0, 0.0003956, 0, 0, 0.0019717, 6.29e-05, 0.0002398, 0, 0, 0.0014952, 0, 1.7e-06, 0.0003617, 0.0027465, 0.00076, 0.0005412, 0.0022517, 0.0021497, 0, 0, 0, 0, 0.0004235, 0.0024389, 0.0030369, 0.0030461, 0.0026321, 0, 0, 0, 0, 0.0028152, 0.0027732, 0, 0.0025059, 0, 0, 0, 0.0004025, 0.0024333, 0.002138, 0.0024817, 0.0023265, 0, 0.0026246, 0.0028187, 0, 0.0004242, 0.0027843, 0, 0.0019868, 0, 0.0022054, 0, 0, 0, 0, 0.003504, 0.000946, 0, 0, 0, 0.0038758, 0.0004392, 0.0032825, 9.12e-05, 0, 0, 0, 0.0004674, 0, 0.0024719, 0.0003595, 0.0026211, 0.0026444, 0, 0.0039389, 0, 0, 0.0021262, 0, 0, 0, 0.0024045, 0, 0.0003415, 0.0032953, 0.0029752, 0.0026483, 0, 0, 0.002658, 0.0022755, 0.0020227, 0.0021857, 0.002251, 0, 0, 0, 0.0032782, 0, 0, 0.0021949, 0.0004442, 0.0024172, 0.0025213, 0.0003964, 0.0023423, 0, 0, 0.0004182, 0, 0.000112, 2.48e-05, 0, 0, 0, 0.0007848, 0, 0.002628, 0.0023389, 0.0024613, 0.0022698, 0, 0.0006073, 0.0004198, 0.0004505, 0.00042, 0.0001388, 0, 0.0001752, 0.0004654, 0, 0.0026776, 0.0027999, 0.0027473, 0, 0.0003413, 0, 0, 0, 0, 0, 0, 0.0002919, 0, 0.0023678, 0.0021579, 0.0027029, 0.0028195, 0.0004411, 0.0005035, 0, 0, 0, 0, 0, 0.0021686, 0.0023224, 0.0027167, 0.0028107, 0.0021431, 0.0002791, 0.0001827, 0.0002313, 0, 0.0002808, 0.0003853, 0.0026644, 0.0027168, 0.0024077, 0, 0.0020049, 0.0001574, 8.48e-05, 0, 0, 0, 0.0023703, 0.0028989, 0.0030801, 0.002264, 0.0014304, 0.0002172, 0, 0, 0.0004291, 0.0021041, 0, 0, 0.0035379, 0, 0, 0, 0.0003562, 0, 0.0028357, 0.0024763, 0.0027032, 0.0025357, 0, 0.000408, 0.0031381, 0.0031664, 0.002648, 0.0023573, 0.0020245, 0.0007865, 0.0023356, 0.0019782, 0, 0, 0.0018044, 0.0022129, 0, 0, 0, 0.0031147, 0, 0.0034058, 0, 0.0025538, 0.0026223, 0.0019389, 0.0018455, 0.0027274, 0.0027705, 0.0024498, 0, 0, 0.0006983, 0, 5.73e-05, 0, 0, 0.0001049, 0.0012641, 0, 0.0023077, 0.0020013, 0, 0, 0.0005862, 1e-07, 0, 0, 0, 0, 0, 0.0007, 0.0023363, 0.0021311, 0, 0, 0.0019964, 0.00072, 0, 0.0005489, 0, 0.000226, 0, 0.0007771, 0, 0.0021403, 0.0021359, 0.0015732, 0.0015902, 0.000408, 0, 2.7e-06, 0, 0, 0.0009126, 0.0029172, 0.0023648, 0.0024916, 0.0018358, 0.0015821, 0.0002922, 0, 0, 0, 0.0003541, 0, 0, 0.0036613, 0.0029506, 0.0025441, 0, 0, 0, 0, 0.0026418, 0.0028813, 0.0023248, 0.0021912, 0.0020969, 0, 0, 0.0010701, 0.003178, 0.0026925, 0, 0.0028901, 0.0014202, 0, 0.0008924, 0.0022123, 0.0025846, 0.0026412, 0.0027378, 0.0024151, 0.0009917, 0.0032093, 0.0032369, 0, 0.0027625, 0.0029119, 0.003359, 0.0023553, 0.0023825, 0.0025686, 0, 0, 0, 0.0022249, 0, 0.0012625, 0, 0.0025672, 0.0029542, 0.0027998, 0.0026882, 0.0007263, 0, 5.95e-05, 5.36e-05, 0, 0, 0, 0.0011968, 0.0025827, 0.0027122, 0.0026118, 0.0022325, 0.0020493, 0, 0.0005943, 0.0005829, 0.0008078, 0.0004338, 0, 0, 0.0031034, 0, 0.0022623, 0.0023191, 0.0020871, 0, 0.0005621, 0.0008005, 0.0003019, 0.001093, 0.0009578, 0, 0, 0.0017173, 0.0024971, 0.002328, 0.0006796, 0, 7.75e-05, 0.0005223, 0.0007665, 0.0007863, 0, 0.0020193, 0.0023238, 0.0025001, 0, 0, 0.0005557, 0, 0.0023562, 0.0021093, 0, 0.0021338, 0.0022372, 0, 0, 0, 0.0021075, 0.0020241, 0.0020284, 0, 0.0027283, 6e-07, 0.0008876, 0.0029771, 0.0026818, 0.0025009, 0.0022081, 0, 0.0011929, 0, 0.0029028, 0.002235, 0.0025054, 0.0024292, 0.002655, 0.0028339, 0, 0.0029191, 0.0029863, 0, 0.0021856, 0.0025088, 0.0027374, 0, 0.0029512, 0.0026547, 0, 0.0014702, 0, 0.0002786, 0, 0.0002811, 0.0002296, 0.00012, 0.0004729, 0, 0, 0, 0.0019666, 0, 0.001759, 0.0001558, 0, 0, 0, 1e-06, 0.0003482, 0.0015886, 0.0012753, 0, 0.0023778, 0, 0, 0, 0, 0, 0, 0, 0, 0, 0.001474, 0.0009525, 0, 0, 0, 0.0003012, 0, 0, 0.0013041, 0.002857, 0.003019, 0, 0, 0, 0.0038598, 0, 0.002221, 0.0019234, 0.0016922, 0, 0, 0.0031017, 0.0027652, 0.0020159, 0.0017762, 0.0016149, 0, 0.0029804, 0.0026072, 0, 0.0016662, 0, 0, 0, 0, 0.0027055, 0.0022411, 0.0024019, 0.0023844, 0, 0.0034724, 0.0035896, 0.0030224, 0.0026408, 0, 0.0024388, 0.0025217, 0.0003543, 0.0002332, 0, 0.0002744, 0.0004702, 0, 0.0022205, 0.0018456, 0.0018434, 0.0019007, 0, 0.00038, 0.0003453, 0.0001447, 0, 0.0003481, 0, 0.0031896, 0.0030916, 0.0029713, 0, 0, 0, 0.0005416, 0.0004251, 0.002882, 0, 0, 0.0022177, 0.0024455, 0.0006272, 0, 0.0007161, 0, 0.0023015, 0, 0, 0.0021282, 0.0002988, 0.00023, 0, 0.0005085, 0, 0, 0.0031786, 0.0008659, 0, 0, 0.0025237, 0.0026772, 0.0026163, 0, 0, 0.0031209, 0.0028609, 0.0026395, 0, 0.0044223, 0.0031711, 0.0030557, 0.0032067, 0, 0, 0, 0.0026684, 0.0028212, 0.0004037, 0.0006142, 0, 0.0002172, 0, 0.0031928, 0, 0, 0, 0.0017466, 0.000661, 0, 0.0003888, 0.0004905, 0.0037066, 0, 0, 0, 0, 0, 0, 0.000827, 0.0028484, 0, 0.0019911, 0.0019465, 0, 0, 0.0002171, 0, 0, 0.0022369, 0.003322, 0.0024447, 0.0007291, 0.0018217, 0.0026398, 0.0027603, 0.0030721, 0.0024621, 0.0021984, 0.0024828, 0.0026947, 0.0026606, 0.0027249, 0.0037954, 0.0031834, 0.0028001, 0.0025815, 0.0020499, 0, 0, 0, 0, 0, 0.0002486, 0, 0.0002057, 0.0004068, 0.0021489, 0.0022786, 0, 0.002388, 0, 0, 0, 0.0007538, 0.0027568, 0.0031776, 0.003256, 0.0032219, 0.0023377, 0, 0.0004476, 0.002034, 0.0021825, 0, 0.0024495, 0.002312, 0.0007918, 0.0031038, 0.0025573, 0.0027944, 0.003348, 0.0027005, 0.0028998, 0.0030804, 0.0024975, 0.0023313, 0.0017371, 0, 0.003335, 0.0027837, 0.0031572, 0.0035891, 0, 0, 0.0018524, 0.0021063, 0.0020784, 0, 0, 0.0007041, 0.0023616, 0.0023724, 0.0024012, 0, 0.0025173, 0, 0.0004604, 0.0015502, 0, 0, 0.0020635, 0.0019217, 0, 0.0017788, 0, 0.0028766, 0, 0.0021749, 0.0023108, 0.0027194, 0.0031572, 0.0031938, 0.0029878, 0.0033968, 0.0031904, 0.0029666, 0.0024723, 0.0025296, 0.0028988, 0.0026091, 0.0022668, 0, 0, 0, 0.0007093, 0.0023551, 0.0019209, 0.0016634, 0, 0.0026571, 0.0005426, 0, 0.0023052, 0.0022545, 0, 0.0027237, 0.0029109, 0, 0.002066, 0.0022426, 0.0020727, 0, 0, 0.0035461, 0, 0.0020848, 0.0018328, 0, 0, 0.0025041, 0.0026985, 0.0008088, 0, 0.0012115, 0, 0, 0.0022832, 0.0023512, 0, 0.0029734, 0.0027969, 0, 0, 0, 0.0015694, 0.001804, 0, 0.002167, 0, 0.0028502, 0.0028329, 0.0024398, 0, 0.0035806, 0.0033087, 0, 0.0023938, 0.0027818, 0.0025632, 0, 0.0047763, 0.0033888, 0.0028481, 0.0021708, 0.0019376, 0, 0.0030912, 0.0034032, 0, 0, 0.0018875, 0.0021501, 0.0032155, 0.0031157, 0.0030569, 0.0030265, 0, 0.0029592, 0.0030947, 0.0028744, 0.0024777, 0.0021218, 0, 0.0023065, 0.0024798, 0.0024736, 0], [0, 0, 0, 0, 0, 0, 0, 0, 0, 0, 0, 0, 0.0029134, 0, 0, 0.0021027, 0, 0.0024961, 0.0024192, 0.000112, 0.0031179, 0.00283, 0, 0, 0, 0, 0.0033077, 0.000456, 0, 0.0003434, 0, 0, 0, 0.0001086, 0, 0, 0, 0.0028083, 0, 5.2e-05, 0.0002107, 0, 0.0011003, 0.000512, 0.0024966, 0.0031646, 0, 0, 0, 0, 0, 0.0020016, 0.0022287, 0.0023732, 0, 0, 0, 0.0004907, 0, 0, 0, 0, 0.0023173, 0.0018177, 0, 0.0019329, 0, 0.0034129, 0.0034189, 0, 0.0008881, 0, 0.0019722, 0.0018228, 0, 0.0004079, 0.0010493, 0, 0.0032317, 0.0032669, 0.0029102, 0, 0.0009365, 0, 0, 0, 0.0004744, 0, 0, 0.0001377, 0, 0.0003923, 0.0020483, 0.0001, 0, 0, 0.0027133, 0.0005337, 0.0031157, 0.0025829, 0.0003576, 0.0022012, 0.0023231, 0, 0, 0, 0.0030027, 0.0034811, 0, 0, 0, 0.0022167, 0.002174, 0, 0.0036233, 0.0029686, 0, 0.0031454, 0, 0, 0.0027019, 0.003227, 0.0032701, 0, 0.0013004, 0, 0.0027037, 0.002842, 0.0024992, 0, 0.0020795, 0.0004646, 0.0026149, 0.0028498, 0.0003388, 0.0035636, 3.41e-05, 0, 0, 0, 0.0002556, 7.89e-05, 0, 0, 0, 0.0008347, 0.0023986, 0.0020801, 0.0027711, 0.0027777, 0, 0.0001128, 0.0009193, 0.0005691, 0.0004599, 0, 0.0001264, 0, 0, 0.00099, 0.0038822, 0, 0.0020197, 0.0026476, 0.002815, 0.00029, 4.77e-05, 8.2e-06, 0, 0, 0, 0, 0.000302, 0, 0.0029758, 0.0023236, 0.0021747, 0.0019336, 0.0003036, 0.00041, 0.0002478, 0, 0.0003061, 0.0005712, 0, 0, 0.0017914, 0.0014868, 0.0018609, 0.0022749, 0.0002514, 0, 0.000597, 0, 0.0002863, 0, 0.0025263, 0.0024779, 0.0031129, 0.0028578, 0.0023144, 0, 5e-07, 0, 0, 0.0004692, 0.0020987, 0.0021874, 0.0021112, 0, 0.0028021, 0.0003575, 0, 0, 0, 0.0022459, 0.0027035, 0.0028907, 0.0022143, 0.0016903, 0, 0, 0.0005369, 0, 0.0029091, 0, 0, 0.0020494, 0, 0, 0.0021213, 0.0021051, 0, 0, 0.0012563, 0, 0.0021588, 0.0021533, 0.0020971, 0.0021769, 0.002212, 0.0020093, 0.0024184, 0.0028301, 0, 0, 0.002498, 0.0028259, 0.0028429, 0.0022221, 0, 0, 0, 0.0032735, 0.0028384, 0, 0, 0.0006928, 0, 0.0004463, 0.0002616, 0, 0, 0, 0.0011691, 0.0021141, 0, 0.0020058, 0, 0.0022372, 0, 1e-07, 0, 0, 0, 0, 0, 0.0008052, 0.0015024, 0, 0.0018085, 0.0015037, 0, 0, 0.000922, 0.0008432, 0.0003811, 0.0003248, 0.0004614, 0.00109, 0.0031614, 0.002883, 0, 0.0035246, 0, 0.0003726, 0.0003236, 8.95e-05, 0, 0, 0.0009734, 0.0034384, 0.0033122, 0, 0.0026683, 0.0024369, 0.0003802, 0, 0, 0, 0.0009674, 0.0028224, 0.0027963, 0.0026447, 0, 0.0025811, 0, 0, 0, 0, 0.0022159, 0, 0, 0.0031069, 0, 0, 0, 0.0007208, 0, 0.002087, 0, 0.0033327, 0, 0, 0.000859, 0, 0.0021135, 0, 0.0028335, 0.0025597, 0.0008055, 0, 0.0024495, 0, 0.0019009, 0.0024922, 0.0027085, 0.0032423, 0.0034469, 0, 0, 0, 0.001653, 0, 0, 0.0015838, 0, 0.0024807, 0.0026374, 0, 0.0018739, 0.0006394, 0.0002732, 0.0001006, 0, 0, 0, 0.0001649, 0.0007377, 0.0009942, 0, 0.0024643, 0.002616, 0.0023944, 0, 0.0008102, 0.0007313, 0.0012053, 0.0006122, 0.0007885, 0, 0.0023515, 0, 0.0028125, 0, 0.0024068, 0.0008083, 0.0004305, 0.0005936, 0.0002247, 0, 0.0004892, 0, 0.0026006, 0.0027289, 0.0023919, 0, 0.0004783, 0.0002784, 0, 0, 0.0007729, 0.002243, 0, 0.0016279, 0, 0.0024624, 0.000629, 0, 0.0004088, 0.0007539, 0.0022183, 0.002347, 0.002579, 0.0019117, 0.0014373, 0, 4.34e-05, 0.0018247, 0, 0.0025462, 0.0026497, 0.0026097, 0, 0, 0, 0.0027962, 0.0021572, 0.0027709, 0.0029795, 0.0027156, 0, 0.0026518, 0.0024052, 0.0023762, 0.0024139, 0, 0.0029957, 0.002102, 0.0016254, 0.0017238, 0.0022803, 0.0021743, 0, 0.0027156, 0.0025933, 0, 0.0027923, 0.0024007, 0.0021744, 0, 0.0023842, 0, 0.0002218, 0.000147, 0, 0, 0.0002905, 0, 0, 0, 0.0030916, 0.0028453, 0, 0.0001694, 6.96e-05, 0, 0, 3.59e-05, 0.0004213, 0.0024967, 0.0023524, 0, 0.0026756, 0.0024339, 1.13e-05, 0, 0, 0, 0.000477, 0.0026344, 0, 0.0018941, 0.0022917, 0.0020924, 0, 0, 0, 0, 0.0026149, 0.0026103, 0, 0.0023116, 0.0023342, 0, 0, 0, 0.0017876, 0, 0, 0.0023315, 0, 0, 0.0004601, 0.003388, 0, 0.0025258, 0.0028519, 0.0028477, 0.0008602, 0, 0, 0, 0.0039672, 0, 0.0024554, 0, 0, 0, 0.0015945, 0, 0.003521, 0.0027406, 0, 0, 0.002661, 0.0026847, 0.00269, 0, 0.0024101, 0, 0.0003484, 0.0007881, 0.0003439, 0.0006794, 0, 0, 0.0025023, 0.0027416, 0.0030167, 0.0029765, 0.0004853, 0.0005636, 0.0002959, 0.0004804, 0, 0.0019509, 0.0023723, 0.0026676, 0.0031704, 0.0030148, 0.0007665, 0, 0, 0, 0, 0, 0, 0.002298, 0.0017863, 0.0004631, 0, 0.0007132, 0.0017966, 0.002014, 0.0026581, 0.0033265, 0.0029515, 0.0003746, 0.0004321, 0.0026178, 0.0031885, 0.0027025, 0.0013406, 0.0012948, 0.0007031, 0.0022651, 0.0026581, 0.0029995, 0.0029968, 0, 0, 0, 0.0014259, 0, 0.0032735, 0, 0, 0, 0.0033625, 0, 0.002925, 0.0028446, 0, 0.0033792, 0.0028071, 0, 0.0003089, 1.16e-05, 0, 0.0003729, 0.0024207, 0, 0, 0.0030158, 0.0028629, 0.0005611, 0, 0, 0.0004231, 0.0027681, 0.0029903, 0.0029885, 0, 0.0028108, 0, 0, 0, 0.0025123, 0.0028206, 0.0029602, 0.0027034, 0, 0, 0.0003764, 0.0016598, 0.0017922, 0, 0, 0.0016905, 0, 0.000884, 0, 0, 0.0026098, 0, 0.0020884, 0, 0, 0.0025428, 0.0025434, 0.0027367, 0.0035365, 0.0033884, 0, 0.0031874, 0.0028226, 0.0032735, 0.0035277, 0, 0.0020912, 0.0002211, 0, 0.0003917, 0.0004132, 0.0020851, 0.0025391, 0.0032997, 0.0033458, 0.0025331, 0, 0, 0, 0.0020897, 0.001956, 0, 0.0034825, 0.003373, 0, 0.0001761, 0, 0, 0, 0.0016441, 0.0017623, 0.0008103, 0.0026446, 0, 0.0042326, 0.0029037, 0.0018999, 0.0021284, 0.0024855, 0.0028774, 0.0024999, 0.0021415, 0, 0.0024623, 0.0024801, 0.0020126, 0.0025943, 0.0027758, 0, 0.0030762, 0.003037, 0, 0, 0, 0, 0.0026529, 0, 0.0030782, 0.0031077, 0.003168, 0, 0.0002601, 0, 0, 0.0034336, 0, 0.0016579, 0.0007745, 0.0024267, 0, 0.0026758, 0.002093, 0.001886, 0.0018603, 0, 0, 0.001761, 0.002101, 0.0023428, 0.0011061, 0, 0, 0.0026823, 0.0015116, 0.00285, 0.0030435, 0, 0.001473, 0, 0, 0.0029647, 0, 0.002364, 0.0024808, 0.0030624, 0.0007243, 0.0023042, 0.0025231, 0.0025923, 0, 0.0026775, 0.0024845, 0, 0.0015371, 0, 0.0014344, 0.0011288, 0.0019793, 0.0025969, 0.0029617, 0.0024902, 0.002143, 0.0021638, 0.002377, 0.00242, 0, 0.0007018, 0.0030244, 0.0029512, 0, 0.0017276, 0, 0, 0.0025132, 0.0024587, 0.0026895, 0.0020989, 0.0018367, 0, 0.0015068, 0, 0.001519, 0, 0.0026481, 0.0022725, 0.0024821, 0.0022352, 0, 0, 0.0020961, 0, 0.0029732, 0.0030838, 0.0037382, 0.0036638, 0.0031275, 0.0027578, 0, 0.0025286, 0, 0.0028152, 0.0023928, 0, 0.0038375, 0.0034853, 0.0028181, 0.0030575, 0.0017938, 0.0021361, 0.0029569, 0.0031334, 0.0027114, 0.0025949, 0, 0.003139, 0.0029698, 0.0028194, 0.0026824, 0.0025865, 0.0029287, 0.0030384, 0.0030323], [1e-06, 1.34e-05, 0, 3e-07, 6.11e-05, 0, 0, 2e-07, 7e-07, 3e-07, 7.5e-06, 0.0001969, 0, 0, 0.0026677, 0.0030911, 0, 0.0021559, 0.0016591, 0.0001562, 0.0037973, 0, 1.15e-05, 2.08e-05, 2.9e-06, 3.84e-05, 0, 0, 0, 0.0003757, 0, 4.09e-05, 0, 0, 0.0002609, 0.0005934, 2e-07, 0, 0, 0, 0, 0.0025809, 0.0007845, 0.0004357, 0.0024422, 0.0027924, 6e-07, 1.66e-05, 1e-07, 1.73e-05, 0.0003968, 0.0034537, 0.0027994, 0.0025975, 0, 0, 2.02e-05, 0.0005444, 0, 0.0021645, 0, 8e-07, 0.0020806, 0, 0.0028334, 0, 0.0002875, 0.0022686, 0.0022717, 0.001804, 0, 4e-07, 0.0018861, 0.0016038, 1.18e-05, 0.0002239, 0, 1.39e-05, 0.0035161, 0.0030222, 0.0025072, 8e-07, 0, 6.9e-06, 8.1e-06, 0.0024389, 0, 2.8e-06, 9e-07, 0.0003594, 0, 0.0003149, 0.0026539, 0.0003164, 0.0037819, 1.97e-05, 0.0023607, 0, 0, 0, 0, 0.0018833, 0.0019382, 1.48e-05, 0.0021994, 0.0025116, 0, 0.0021779, 7.72e-05, 4.7e-06, 0, 0.0009574, 0, 0.0004379, 0.0022208, 0.0022374, 0.0028633, 0.003816, 0.0001044, 0.0019006, 0.0018599, 0, 0, 0.0030225, 0.0027969, 0.0021763, 0, 0.0016757, 0.0018082, 0.001896, 0, 0.000271, 0.0017664, 0.0018431, 0.0002724, 0.0024453, 5e-05, 1.21e-05, 0, 0.0002785, 0.000118, 8.47e-05, 0, 1.73e-05, 2.45e-05, 0.0008731, 0.0035435, 0.0034523, 0, 0, 0.0024581, 8.39e-05, 0.0004888, 0.0003695, 0.000337, 0.0003361, 0, 4e-05, 0.0002273, 0.0008018, 0.0023809, 0.0031693, 0.0034364, 0.0037047, 0.0030492, 0.0003036, 0.0001973, 0.0001319, 4.04e-05, 1.18e-05, 0, 0, 0.0003259, 0.00282, 0.0029681, 0, 0.0024437, 0.0023427, 0, 0.0002924, 0.0004117, 0.0007383, 0, 0.0006001, 0.0003247, 0.0006649, 0, 0.0034444, 0.0035354, 0.0025549, 0.0003046, 0.000207, 0.0002868, 0, 0.0002823, 0, 0.0024243, 0.0022017, 0.0018384, 0.0021278, 0.0017645, 0.0001329, 6.4e-05, 0, 0.0001, 0.0003342, 0, 0.0030149, 0.0027891, 0, 0.0022736, 0.0001676, 0, 0, 0.0005867, 0, 0, 0, 0.0027534, 0.0022477, 2.1e-06, 6.6e-06, 0.0005881, 0.0025603, 0.0025897, 0.0030332, 0.0032035, 0.0026784, 7.2e-06, 0.0003023, 0, 0, 0, 0.0027826, 0.0023845, 0, 0.0045797, 0.0035735, 0.0025762, 0, 0, 0.0018904, 0.0014377, 0, 0.0025707, 0.0027406, 0.0032105, 0, 0, 0, 0.002448, 0.0028067, 0.0030048, 0, 0.0027615, 0, 2.56e-05, 0.000719, 0.0004977, 0, 6.68e-05, 0, 7e-06, 2.94e-05, 0.0002659, 0, 0.0023351, 0.0024063, 0.0021466, 0.0021803, 0.0005665, 0, 3.03e-05, 0, 0, 0, 8.6e-06, 0.0008186, 0.0030118, 0.0025256, 0.0025686, 0.002555, 0.0025471, 0.0006832, 0.0007937, 0, 0.0005521, 0, 0.0003982, 0.0008136, 0.0032697, 0, 0.0030425, 0.0028387, 0.0018851, 0.0003673, 0, 0, 2.48e-05, 1.68e-05, 0, 0.0024063, 0.0022915, 0.0025064, 0.002827, 0.0027568, 0, 2.37e-05, 1.28e-05, 0, 0.0007878, 0.0017637, 0.0026135, 0.0026803, 0, 0.0022882, 0, 9.5e-06, 2.28e-05, 0.0009299, 0.0028065, 0.0027918, 0.0023155, 0.0023926, 0.0020767, 4.2e-06, 1.9e-06, 0, 0.0022064, 0.0018238, 0, 0.0022541, 0.0021432, 0, 0, 0.0023503, 0.0026405, 0.0025523, 0.0031999, 0.0028451, 0.0007284, 0.0021252, 0.002381, 0, 0.0016023, 0, 0.0034622, 0, 0.0021032, 0, 0.0025592, 0, 0.0042075, 0.0033166, 0.0026331, 0.0023491, 0.002206, 0, 0, 0.002458, 0.0028112, 0.0006721, 0.000384, 0, 0, 8.4e-06, 1.9e-06, 6.27e-05, 0, 0.0030316, 0.002738, 0, 0.0019853, 0.002092, 0.0004892, 0.0004642, 0.0005164, 0.0012294, 0.0007358, 0, 0.0008336, 0.0036437, 0.0033437, 0.0032634, 0, 0, 0.0005281, 0, 0, 0.0003056, 0.0005332, 0, 0, 0, 0.0021445, 0, 0.00221, 0.000379, 0.0002156, 0, 0.0003568, 0.0008222, 0.0028597, 0, 0.0033406, 0.0026712, 0, 0.000646, 0, 0.0003486, 0.0005455, 0, 0, 0.0020256, 0, 0.0026997, 7.2e-06, 2.69e-05, 0.0012816, 0.0033036, 0, 0.0023049, 0.0012302, 0, 1.88e-05, 0.0007679, 0.0027051, 0.0024433, 0.0029016, 0.0030053, 0.0024154, 0.001241, 0.0027009, 0, 0.0022762, 0.0023687, 0.0028944, 0.0026867, 0, 0.0016065, 0, 0.0026846, 0.0020798, 0, 0.0026138, 0.0033854, 0.0038083, 0.0034737, 0.0028772, 0, 0.0029769, 0.0023246, 0, 0, 0.0002762, 0.0003864, 0, 0.0006064, 0, 0.0023795, 0.0028587, 0.0025831, 0, 0, 0, 0.0001304, 0, 5.3e-06, 0, 0.0005415, 0.0022715, 0.0026755, 0.0022792, 0.0020368, 0, 0, 1.84e-05, 1.29e-05, 2.73e-05, 0.0002781, 0, 0.0031623, 0.0028025, 0.0031627, 0.002923, 0, 0, 4.6e-06, 0.0003118, 0, 0.0020341, 0.0020876, 0.0022164, 0.0015861, 6e-07, 6e-07, 0, 0, 0, 0.0030525, 0.0020988, 0.0017619, 1.31e-05, 0, 0, 0, 0.0028122, 0.0032046, 0.003083, 0.000492, 0, 0.0027858, 0, 0.0033173, 0.0023075, 0.0021033, 0.0022077, 0, 0.0024977, 0, 0.0022161, 0.0020381, 0.0018527, 0, 0.0027999, 0.0023871, 0.0021148, 0.002179, 0.0021906, 0, 0.000288, 0.0002414, 0, 0.0002389, 0, 0.000294, 0.0020468, 0, 0.0029456, 0.0032228, 0.002409, 0.0003373, 0.0006927, 0, 0.0005577, 0.0004315, 0.0014558, 0, 0, 0.002821, 0.0020605, 0.0007783, 0.000309, 0, 0.0003194, 0.0031756, 0.0028389, 0.0025831, 0.0025406, 0.0022192, 0.0004486, 0.0004999, 0.0006368, 0.0030419, 0.0028278, 0.0030204, 0.002641, 0.0022877, 0.0002724, 0.0002759, 0, 0.0034827, 0.0037705, 0, 0.002789, 0.0005995, 0.0024488, 0.0027202, 0.0032731, 0.0024749, 0.0018968, 0, 0, 0.002981, 0.0025843, 0.0027199, 0.0031105, 0, 0.0025656, 0, 0, 0.0028831, 0.0023484, 0, 0.0027658, 0.0021312, 0, 0, 0.0001162, 0.0003018, 0.0003542, 0.0034552, 0, 0, 0.0036225, 0.0025111, 0.000347, 0, 0.0002515, 0.0004302, 0.0019407, 0, 0.0022576, 0.0027477, 0, 4.33e-05, 0.0001198, 0.0007385, 0, 0, 0.0028864, 0, 0.0021255, 0, 0.0003215, 0, 0.0022311, 0.0026091, 0.0030163, 0.002893, 0.0005944, 0.0017218, 0, 0, 0.0019657, 0, 0, 0.0027049, 0.0031593, 0.0033344, 0, 0.0014533, 0, 0.0021523, 0, 0.002393, 0, 0, 0.0023355, 0.0025804, 0.0024731, 0.0002936, 0, 0, 0.0005483, 0, 0.002265, 0.0027746, 0.0026711, 0, 7.1e-06, 2.27e-05, 0, 0.0031977, 0.0034148, 0, 0.0013924, 0, 2.09e-05, 0.0003121, 0, 0.0028553, 0.0028615, 0.0027277, 0, 0.0005738, 0, 0.0011309, 0, 0, 0.0021638, 0, 0, 0, 0.0028904, 0, 0.0023708, 0, 0.0020622, 0.0025159, 0.0023831, 0.0028628, 0.0033617, 0.0026092, 0.0024772, 0.0022604, 1.8e-06, 7.4e-06, 0.0006476, 0.0025448, 0.0020001, 0.0013775, 0, 0, 1.2e-06, 0, 0.0025705, 0.0027452, 0.0031295, 0.0034195, 0.0029364, 0.0006558, 0.0023989, 0, 0.0023445, 0.0027931, 0.0029829, 0.001688, 0.0017006, 0.0013302, 0, 0, 0.0036355, 0.0032107, 0.0030862, 0.0016873, 0.0013002, 0, 0.0021633, 0.0024445, 0.0029703, 0.0032131, 0, 0, 0.0030432, 0.0023789, 0.0028369, 0.0023152, 0.000728, 0.0004684, 0.0013821, 0, 0.0020798, 0, 0.0023847, 0, 0.0023689, 0.0028039, 0.0027621, 0.0026643, 0.0024807, 0, 0.0017393, 0, 0, 0.0017672, 0.002251, 0.0024108, 0.0021841, 0, 0.000531, 0, 0, 0, 0.0022928, 0.0019717, 0.0019704, 0.0024327, 0.0033287, 0.0031382, 0.0022892, 0, 0.0024551, 0, 0.0035279, 0, 0.0016947, 0.0030905, 0.0027188, 0.0021693, 0, 0.0029391, 0, 0.0025776, 0.0018887, 0.0014991, 0, 0.0026268, 0, 0, 0.0024369, 0.0023719, 0.0019577, 0, 0.0019072, 0.0017071, 0, 0.0028175, 0.0024141, 0, 0.0020474, 0.0025345, 0.002301, 0.0021711, 0.0016723, 0, 0.0028639, 0.0030493, 0.0031317, 0.0027229, 0.0028083, 0.0029797, 0.0017763, 0.001741, 0.0018054, 0], [0, 0, 0, 0, 0, 0, 0, 0, 0, 0, 0, 0.0003452, 0, 0.0026702, 0.0022641, 0.0022686, 0, 0.0028387, 0.0029061, 0.0001102, 0.0028729, 0.0035025, 0, 0, 0, 0, 0.0023719, 0.0004798, 0, 0, 0, 0, 0.0024747, 0.0001104, 0, 0.0012842, 0, 0.0026529, 1e-07, 2.8e-06, 0.0001548, 0, 0, 0, 0, 0.0020703, 0, 0, 0, 0, 0, 0.0027404, 0.0020546, 0.0019519, 0.0019009, 0, 0, 0, 0, 0.0027183, 0.0025818, 0, 0, 0, 0.0034647, 0, 0, 0.0020432, 0.0016828, 0, 0, 0, 0, 0.002101, 0, 0, 0.0035954, 0, 0, 0, 0.002206, 0, 0, 0, 0, 0, 0, 0, 0, 0.0004162, 0.0034604, 0.0004742, 0.0016123, 0.0001921, 0.003039, 0, 0.0020561, 0.0004865, 0.0030571, 0.0026632, 0.000338, 0, 0.0012597, 0, 0, 0.0025789, 0.0031242, 0.0030748, 1e-07, 0, 0.0021498, 0, 0.0015642, 0.0004233, 0.0030148, 0, 0.0021045, 0.0020093, 0, 0, 0.002227, 0.0024636, 0.0023584, 0.0022285, 0, 0.0014762, 0, 0.0022696, 0, 0.0025109, 0.0023637, 0.00052, 0.0026933, 0.0023574, 0.0003965, 0.0017954, 7.02e-05, 0, 0.0006934, 0, 0.0002871, 0.0001148, 0, 0, 0, 0.0009241, 0.0024128, 0.0022869, 0, 0.00359, 0.0030059, 0.0001121, 0.0008187, 0, 0.0004453, 0.0003461, 7.55e-05, 0, 0.0002437, 0.0008173, 0.0022624, 0.0024821, 0.0023947, 0.0022426, 0, 0.0003246, 0, 4.54e-05, 0, 0, 0, 0, 0, 0.0026284, 0.0027567, 0.0027673, 0.0022916, 0, 0, 0.0003122, 0.00027, 0.0005208, 0.000261, 0.0004711, 0, 0, 0, 0.0030484, 0, 0.0026344, 0.0002615, 0.0001737, 0, 1.8e-06, 0.0004862, 0.0004788, 0.0018077, 0, 0.002891, 0.0021817, 0.0018589, 0.0002262, 7.48e-05, 1.3e-06, 0.0001557, 0.0002219, 0, 0.0024818, 0, 0, 0.0019897, 0.0002217, 0, 3.81e-05, 0.0005269, 0.0020029, 0.0017417, 0, 0, 0.0024596, 0, 0, 0, 0.0019916, 0.0022766, 0.0024163, 0.0027274, 0.0025715, 0, 0, 0, 0.0024274, 0.002643, 0.0025913, 0.0023085, 0.0007332, 0.002665, 0.0028852, 0, 0.0028097, 0.0030719, 0, 0, 0.0016234, 0, 0.0025969, 0.0036693, 0.0029683, 0.0031172, 0.0034836, 0.0030261, 0.002465, 0.0020329, 0, 0.0025934, 0.0023778, 0, 0, 0.0008695, 0.0004218, 0.0001387, 0, 0, 0.0001194, 0.0005989, 0, 0, 0, 0.0017957, 0.0013407, 0, 4.8e-06, 6e-07, 0, 0, 0, 0, 0, 0.0022178, 0.0021362, 0.0026469, 0.0029852, 0.0023203, 0.0005998, 0, 0.0007032, 0.0004866, 0, 0.0004677, 0.0008582, 0.0025382, 0.0025704, 0, 0.0024007, 0, 0, 0.0002296, 0, 0, 0, 0.0007333, 0.0020103, 0.0021563, 0.0022005, 0.0020215, 0, 0, 0, 0, 7e-07, 0.001003, 0.0035532, 0.0032534, 0.0025459, 0.002323, 0.0021617, 0, 0, 0, 0.0011013, 0.0020192, 0.0020727, 0.0021461, 0, 0.0025421, 0, 0, 0, 0.0026254, 0, 0.0028112, 0, 0.0016121, 0, 0.0009961, 0.0027629, 0.0025107, 0.002938, 0.0028787, 0.002526, 0, 0, 0.0027019, 0.0025539, 0, 0, 0.0031384, 0.0030129, 0.0025856, 0, 0.0006918, 0, 0.0034837, 0.003627, 0.0032465, 0, 0.0023714, 0.002343, 0, 0, 0.00203, 0.0006718, 0, 0, 0.0001346, 0, 0, 8.15e-05, 0.0012008, 0, 0.0025643, 0, 0, 0, 0, 0, 0.000556, 0, 0.0005805, 0.000861, 0, 0, 0.0021588, 0.0023298, 0.0024326, 0.0026488, 0.0006029, 0.0005842, 0.0007642, 0.0003614, 0.0011299, 0.0009413, 0.0026792, 0.0026548, 0.0027425, 0.0024789, 0, 0, 0.0003106, 0, 0.00038, 0, 0, 0.0021891, 0.0021629, 0.0026709, 0.0032061, 0.0006583, 1e-07, 0.0004482, 0.0008299, 0.001827, 0.0020681, 0.0021104, 0, 0.0019462, 0, 4.1e-06, 0.0016316, 0.0036526, 0, 0, 0, 0, 2.2e-06, 0.0002513, 0, 0.0026116, 0.0023924, 0, 0.00321, 0.0013879, 0.0026152, 0, 0, 0, 0, 0.0019374, 0, 0.0031123, 0, 0, 0.0021786, 0, 0.00359, 0, 0.0035366, 0, 0.0021833, 0.0021437, 0, 0.0020717, 0, 0, 0.0002874, 0.0004495, 9.65e-05, 0, 0.0004294, 0.0017521, 0.0014737, 0, 0.0021661, 0, 0.000154, 4.76e-05, 0, 0, 1.24e-05, 0.0005094, 0.0021979, 0.0018647, 0, 0.0026883, 0, 0, 0, 0, 1e-06, 0.0003038, 0, 0.0022207, 0, 0.0022805, 0.0019676, 0, 0, 0, 0.0004643, 0.0027981, 0, 0.003253, 0.0029894, 0.002883, 0, 0, 0.00042, 0, 0.0031382, 0, 0.0027213, 0.0018508, 0, 0.0004615, 0.0037388, 0, 0, 0, 0.0006093, 0.0005403, 0, 0.0024168, 0, 0.0021912, 0.001105, 0, 0.0022088, 0.0028541, 0.0026515, 0.0023217, 0, 0, 0.0027899, 0.0024898, 0.0030397, 0.0031949, 0.0020742, 0.0021031, 0.0019665, 0.0016606, 0.00036, 0.0002324, 0.0003135, 0, 0.0004287, 0.000241, 0, 0.002185, 0.0025745, 0, 0.0012059, 0, 0.0010414, 0.0003048, 0.000434, 0, 0, 0, 0.0025468, 0, 0, 0.0004748, 0.0002542, 0, 0.0004033, 0.00218, 0.0022009, 0.002093, 0, 0, 0.0002501, 0, 0.0009891, 0, 0.0019255, 0.0016614, 0, 0.001501, 0.0003086, 0, 0.0025153, 0.0024349, 0, 0.002573, 0.0024558, 0.0008931, 0.002346, 0.002506, 0.0021336, 0, 0.0029187, 0.0027837, 0, 0.0029855, 0, 0, 0.0022732, 0.0024484, 0.0026214, 0.002851, 0.0022587, 0.0020929, 0.0027515, 0.0027369, 0.0028389, 0.0022752, 0, 0.0002889, 2.31e-05, 0, 0.0005195, 0.002673, 0.0029733, 0.0032171, 0.0021517, 0.0016823, 0, 0, 0.0001038, 0, 0.0031192, 0.0028496, 0.0027031, 0.0033555, 0.003439, 0, 6.62e-05, 0.000373, 0, 0.002371, 0, 0.003033, 0.0029079, 0, 0.0004997, 0.0031393, 0, 0.0025442, 0, 0.001292, 0, 0.0027744, 0.0018485, 0.0015128, 0, 0, 0.003125, 0.0036949, 0.003048, 0.00369, 0.0029729, 0.0025568, 0.002451, 0.0023449, 0, 0, 0.0028965, 0, 0.0016265, 0, 0, 0, 0, 0, 0.0004227, 0.0026252, 0.0025741, 0.0024973, 0.0026371, 0.0022199, 0, 0, 0.0008484, 0.0024406, 0, 0, 0, 0.0026953, 0, 0.0005082, 0.0022623, 0.0019349, 0, 0, 0.003109, 0, 0, 0.0010625, 0, 0.0016239, 0.002191, 0.0024805, 0.0029339, 0.0029575, 0.0032038, 0.0028125, 0, 0.0027378, 0.0025018, 0.0023961, 0, 0.001542, 0.0019273, 0.0021974, 0, 0, 0, 0, 0.0006598, 0.0020433, 0.0023892, 0.0030076, 0.0031525, 0, 0, 0.0004545, 0.0023999, 0, 0, 0.002293, 0.0025821, 0.000941, 0.0040262, 0, 0.0024034, 0, 0.0030538, 0.0027025, 0.0026212, 0.0026035, 0.0031361, 0.0031029, 0.0030491, 0.0026293, 0.0024698, 0, 0.002069, 0.0024948, 0.0022909, 0, 0.0027008, 0.0023961, 0, 0.0007711, 0.0024679, 0, 0.0021514, 0.0019635, 0, 0.0006077, 0.0020228, 0.002867, 0.0030949, 0, 0.0024703, 0.0038028, 0.0035195, 0, 0.0029603, 0.0024299, 0, 0.002206, 0.0026804, 0.0026438, 0.0032483, 0.0035749, 0.0030018, 0, 0.0028206, 0.0025882, 0.0005836, 0.0021178, 0.0037281, 0.0029333, 0.0023205, 0.002118, 0.002951, 0.002434, 0.0020352, 0, 0.0020299, 0, 0.0016762, 0.0019062, 0.0021989, 0.0022378, 0.0031166, 0.0032053, 0.0028627, 0.0036855, 0.0030566, 0.0029768, 0.0028463, 0.0026858, 0, 0.0014487, 0.0011304, 0, 0.0015894, 0.0024903, 0.0028827, 0, 0.0023012, 0, 0.0037048, 0, 0.0033785, 0.0033478, 0.0028849, 0, 0.0027695, 0.0031224, 0.0029115, 0.002824, 0.0032518, 0.0039475, 0.0030077, 0.0022625, 0, 0.0043185, 0, 0.0028019, 0.0025048, 0.0025015, 0.0024199, 0.0023565], [0, 0, 0, 0, 0, 0, 0, 0, 0, 0, 0, 0, 0, 0, 0.0026113, 0.0026228, 0.0028766, 0.0034645, 0.0033949, 0, 0, 0, 0, 0, 0, 0, 0.0026508, 0.0004062, 0, 0, 0, 0, 0.0027316, 8.78e-05, 0.000323, 0.0004937, 0, 0.0025497, 0, 4.59e-05, 0.0002947, 0.0021428, 0, 0.0003601, 0, 0.0025307, 0, 0, 0, 0, 0.0004012, 0.0024809, 0.0020244, 0, 0.0023883, 0, 0, 0.0007625, 0, 0.0025525, 0.0025629, 0, 0.0032318, 0.0028943, 0.0028872, 0.0024364, 0.0003112, 0.0021753, 0.0022226, 0, 0.0015832, 0, 0.002791, 0, 0, 0.0004183, 0.0021649, 0, 0, 0.0018267, 0.0019631, 0, 0, 0, 0, 0.0012932, 0.0005002, 0, 0, 0, 0, 0.0003668, 0.0012474, 7.66e-05, 0, 0, 0.0015161, 0.0003679, 0, 0, 0.0002796, 0.0016009, 0.0014603, 0, 0.0020008, 0.0023202, 0, 0.0021993, 0, 0, 0.0028922, 0, 0, 0.0003088, 0.0030149, 0, 0, 0, 0, 0.0021862, 0.0022713, 0.00302, 0.0033992, 0.0032656, 0, 0.0026843, 0.0024599, 0, 0.0029529, 0, 0.0032176, 0.0004092, 0.0023395, 0.0021372, 0, 0.0030135, 0, 0, 0.0009805, 0, 0.0002177, 2.61e-05, 0, 0, 0, 0.0009485, 0, 0, 0.0028337, 0, 0.0018308, 7.25e-05, 0.0003827, 0.0005023, 0.0004056, 0.0003121, 0.0001099, 0, 0, 0.0009766, 0, 0, 0.0026764, 0.0023208, 0.0021017, 0.0003036, 4.48e-05, 0, 0, 0, 0, 0, 0.0004282, 0.003027, 0.0039643, 0.00406, 0, 0.0023018, 0, 0.0005456, 0, 0.0003157, 0.0002672, 0.0005105, 0, 0.0041106, 0, 0.0018908, 0, 0.0027549, 0.0003039, 0.0002704, 0.0005009, 0, 0.0002871, 0.0004004, 0.0028753, 0, 0, 0, 0.0024233, 0.0001793, 0, 0, 0.000133, 0, 0.0020178, 0.001903, 0.0016785, 0, 0.0024203, 0.0002681, 0, 4.24e-05, 0.000369, 0, 0.0020113, 0, 0.0025402, 0.0020109, 0, 0, 0.0006167, 0.0020653, 0.0023297, 0, 0, 0.002071, 0, 0.0003737, 0.0021995, 0.0029123, 0.0025248, 0.0022575, 0, 0.0007114, 0, 0.0023698, 0.0031874, 0.003378, 0, 0.0021742, 0, 0.0026425, 0.0026456, 0.0024644, 0.0020522, 0, 0.0026771, 0, 0.0026146, 0.0023052, 0.0020894, 0.0027459, 0.0024203, 0.0021233, 0, 0, 0.0005126, 0.000334, 9.27e-05, 0, 0, 0, 0, 0.0029871, 0, 0.0030008, 0, 0, 0.0003705, 0, 0, 0, 0, 0, 0, 0.0009573, 0.0035816, 0, 0, 0.0037599, 0.0027685, 0.0006912, 0, 0.0009576, 0.0004486, 0.0004046, 0.0004858, 0.0009045, 0.0015278, 0.0014507, 0, 0, 0.0017073, 0.0003575, 0.0003044, 6.7e-05, 0, 0, 0.0007587, 0.0027715, 0.0027275, 0, 0.0025614, 0.0019311, 0.0003612, 0, 0, 0, 0.001109, 0.0028196, 0, 0.0020186, 0.0018434, 0.0016473, 0, 0, 0, 0.0007544, 0.0024925, 0.002844, 0.003203, 0.0026836, 0, 0, 0, 0.0007483, 0.0019819, 0.0031243, 0.0034811, 0.0029176, 0.0024914, 0, 0.0010205, 0.0024052, 0.0021687, 0.0028653, 0.0035039, 0.0032559, 0, 0, 0.0024185, 0.0019465, 0, 0.0029298, 0.0030377, 0, 0, 0.0019332, 0, 0.0022877, 0.002649, 0.0030577, 0.0032965, 0, 0.0030795, 0.0024916, 0.002189, 0, 0.0041715, 0.0005786, 0.0003182, 0, 0.0001209, 0, 0, 0.0001183, 0.0007711, 0.0019715, 0.0022951, 0.0025426, 0.002618, 0.002603, 0.0006684, 0.0007162, 0, 0.0013974, 0, 0, 0.0008015, 0.0027336, 0.0031167, 0.0026614, 0.0026477, 0.0027614, 0, 0.0007026, 0.0008903, 0, 0.0006775, 0.0008768, 0.0032113, 0.0023106, 0, 0, 0, 0.0005318, 0.0003649, 3.26e-05, 0, 0.0008147, 0.0011891, 0, 0.0028382, 0.0032153, 0.0028644, 0.0005501, 0, 0.0006455, 0, 0, 0.0026598, 0.002645, 0, 0.0023932, 0, 0, 0.0004747, 0, 0.0007927, 0, 0.0022254, 0, 4.13e-05, 0.0010858, 0.0036566, 0.0028285, 0, 0.0028066, 0.003508, 0.0012221, 0.002673, 0.0025634, 0.0025521, 0.002544, 0.0028623, 0.0024645, 0, 0, 0.0028922, 0.0028229, 0, 0, 0.0024455, 0.002215, 0, 0, 0.0026742, 0, 0.0026751, 0.002671, 0.0002899, 0, 0, 0.0005036, 8.98e-05, 0, 0.0001457, 0, 0, 0, 0.0029906, 0, 0.0001709, 0, 0, 0, 1.53e-05, 0.0002802, 0, 0, 0.0016425, 0, 0.0020483, 0, 0, 0, 0, 0, 0.0022998, 0, 0, 0.0043087, 0, 0, 0, 0, 0.0004151, 0.0027241, 0.0028041, 0.0028315, 0.0028817, 0, 0, 0, 0.0008671, 0.0033109, 0.0025429, 0, 0.0027813, 0, 0, 0.0003118, 0, 0.0030052, 0.0028464, 0.0025602, 0.0022562, 0, 0.0034809, 0.0033923, 0, 0.0015497, 0, 0.0023142, 0.0021347, 0.0027363, 0.0025204, 0.0023828, 0.0034409, 0.0042128, 0.0036781, 0.0028938, 0.0027719, 0, 0.0027093, 0, 0.0023617, 0.0020503, 0.0003066, 0.0001988, 0.0004153, 0.0002956, 0.0007461, 0.0003761, 0.0022809, 0.0023435, 0.0025986, 0.0027589, 0.0024601, 0.0003542, 0.0004841, 0.0003193, 0.000615, 0, 0.0027858, 0.0023919, 0.0023831, 0.0028034, 0.0027622, 0, 0.0002294, 0.0006593, 0.0004055, 0.0022137, 0.002537, 0, 0.0026521, 0.0021687, 0.000431, 0, 0, 0, 0.0017974, 0, 0.0030795, 0.0032284, 0.0004494, 0.0004079, 0.0021956, 0.0022219, 0.0020696, 0.0017948, 0, 0, 0.0030515, 0, 0.0030191, 0.0028836, 0, 0.0024439, 0.0025789, 0.0020206, 0.0020535, 0.0022512, 0.002745, 0.0024668, 0, 0, 0.0024568, 0.0026793, 0.0031402, 0.0036513, 0.0036665, 0, 0.000244, 0.000405, 7.13e-05, 0.0003822, 0, 0, 0.0023235, 0, 0.0025417, 0.0020984, 0, 0, 0.0005346, 0, 0.0021239, 0.0026638, 0.0028823, 0.0024611, 0, 0, 8.09e-05, 0.0007649, 0.0032168, 0.002819, 0, 0, 0.0033845, 0, 0, 0, 0.0029525, 0.0028168, 0.0024902, 0.0022115, 0, 0, 0.0021897, 0.0018948, 0, 0, 0, 0, 0.0022961, 0.001795, 0.0022733, 0.0021725, 0.0028319, 0.0030355, 0, 0.002951, 0.0026412, 0.0030245, 0.0030608, 0, 0.0014631, 0.0001537, 0, 0.0002946, 0, 0, 0.003591, 0, 0.0024067, 0.0020235, 0, 0, 0.0005891, 0.0014295, 0, 0.0025048, 0, 0.0035673, 0, 0, 0, 0.0042344, 0, 0, 0.0024817, 0.0010371, 0.0025564, 0.0024844, 0.0029208, 0.0022524, 0.0021591, 0.0018309, 0, 0, 0.0033706, 0.0030784, 0.0034293, 0.0029674, 0.003072, 0.0026026, 0.0022352, 0, 0, 0.0010235, 0, 0, 0, 0, 0.0005995, 0, 0.0024022, 0, 0.0020301, 0.0021247, 0, 0.0005749, 0.004297, 0, 0, 0.0032404, 0.002954, 0, 0.0019628, 0, 0, 0.0030332, 0, 0.002799, 0, 0, 0.0031381, 0.0039283, 0.0034113, 0.0026056, 0, 0.0028442, 0.0026322, 0.0021817, 0.0019992, 0, 0, 0, 0, 0.0006017, 0.0015134, 0, 0.0020158, 0.0021903, 0.0019284, 0, 0, 0, 0.0034206, 0.0033841, 0.0031856, 0.0039067, 0.0032657, 0.0035502, 0.0036175, 0, 0.0033249, 0.0027655, 0.0025176, 0.0024089, 0, 0.0020279, 0, 0.002442, 0, 0.0028756, 0.0007233, 0.0010177, 0.0020906, 0.0028106, 0.0020634, 0, 0.0029608, 0, 0.002492, 0.00252, 0, 0.0016558, 0.0022353, 0.0020779, 0.0017457, 0.002206, 0.0024598, 0.0027157, 0.0024917, 0.0019768, 0, 0, 0, 0.0026417, 0.0029068, 0, 0, 0, 0, 0.0034278, 0.0024345, 0.0024026, 0.0024499, 0, 0.0024326, 0, 0.0026478, 0.0032548, 0.0023168, 0.0025577, 0.0023893, 0, 0.0024065, 0.0019862, 0, 0.0025781, 0.0024907, 0, 0, 0.0020267, 0.0016734, 0.0026704, 0.0029248, 0.0032121, 0.0024495, 0.0020179]]}})
      ok  84.0 s  auprc=0.6965779286248938
  [5/10] telecom_churn seed=46 ...
D:\Data\Harold\github\hsbc-quantum-fraud-2026\.venv\Lib\site-packages\eqc_models\base\results.py:172: UserWarning: Cannot evaluate objective value in results for <class 'eqc_models.ml.classifierqboost.QBoostClassifier'>. Method not implemented.
  warnings.warn(f"Cannot evaluate objective value in results for {model.__class__}. Method not implemented.")
Runtime of _build_weak_classifiers_sq: 2.58 seconds!
Built 816 weak classifiers!
Runtime of get_hamiltonian: 2.89 seconds!
2026-10-06 07:56:44 - Dirac allocation balance = 1315 s
2026-10-06 07:56:44 - Job submitted: job_id='6ac4e1fc358b23d0cb3719e5'
2026-10-06 07:56:44 - QUEUED
2026-10-06 07:56:47 - RUNNING
2026-10-06 07:58:21 - COMPLETED
2026-10-06 07:58:23 - Dirac allocation balance = 1228 s
SolutionResults(solutions=array([[0.       , 0.       , 0.       , ..., 0.0022558, 0.0021512,
        0.       ],
       [0.       , 0.       , 0.       , ..., 0.0019693, 0.0016807,
        0.       ],
       [0.       , 0.       , 0.       , ..., 0.0027985, 0.0021611,
        0.       ],
       ...,
       [0.       , 0.       , 0.       , ..., 0.       , 0.       ,
        0.0023017],
       [0.       , 0.       , 0.       , ..., 0.0023405, 0.0019277,
        0.       ],
       [0.       , 0.       , 0.       , ..., 0.       , 0.0020975,
        0.0022401]]), energies=array([-1880.4035645, -1880.1638184, -1880.0618896, -1880.0202637,
       -1879.9223633, -1879.8900146, -1879.7773438, -1879.7421875]), counts=array([1, 1, 1, 1, 1, 1, 1, 1]), objectives=None, run_time=[9050538063, 14482716560, 8082852364, 14827070236, 14502195358, 8151537895, 9219865799, 7787917137], preprocessing_time=4499943733, postprocessing_time=[0, 0, 0, 0, 0, 0, 0, 0], penalties=None, device='dirac-3_normalized_qudit', raw_solutions=None, time_units='ns', response={'job_info': {'job_id': '6ac4e1fc358b23d0cb3719e5', 'job_submission': {'problem_config': {'normalized_qudit_hamiltonian_optimization': {'polynomial_file_id': '6ac4e1f6d190799f598b18d4'}}, 'device_config': {'dirac-3_normalized_qudit': {'num_samples': 8, 'relaxation_schedule': 2, 'sum_constraint': 1}}}, 'job_status': {'submitted_at_rfc3339nano': '2026-10-06T11:56:44.017Z', 'queued_at_rfc3339nano': '2026-10-06T11:56:44.018Z', 'running_at_rfc3339nano': '2026-10-06T11:56:44.282Z', 'completed_at_rfc3339nano': '2026-10-06T11:58:19.27Z'}, 'job_result': {'file_id': '6ac4e25bd190799f598b18f7', 'device_usage_s': 87}}, 'status': 'COMPLETED', 'results': {'counts': [1, 1, 1, 1, 1, 1, 1, 1], 'energies': [-1880.4035645, -1880.1638184, -1880.0618896, -1880.0202637, -1879.9223633, -1879.8900146, -1879.7773438, -1879.7421875], 'solutions': [[0, 0, 0, 0, 0, 0, 0, 0, 0, 0, 0, 0.0003617, 0.0022731, 0.0026468, 0.0025835, 0.0025916, 0, 0, 0, 0, 0, 0.0001348, 0, 0, 2.2e-06, 0, 0, 0, 0.0021352, 0, 0, 0, 0, 0.0007913, 0.0002772, 0, 0.0003701, 9.59e-05, 0.0004383, 0, 0, 0.0006482, 0, 0, 0.0036158, 1.6e-06, 0, 0, 0.0021681, 0.0020783, 0, 0.0001736, 0, 0, 0, 0.0032891, 0.0007114, 0, 0, 0.0029621, 0.0027897, 0, 0, 0, 0, 0.0020987, 0.0022575, 0.0023508, 0, 0, 0, 0.0008723, 0, 0, 0.002107, 0.0004945, 0, 0, 0.0019555, 0.0016806, 0, 0, 0, 0, 0, 0.0037151, 0, 0, 0, 0, 0.0014629, 0.0003442, 0.0016476, 0, 6.93e-05, 0.0003096, 0.0022371, 0.00258, 0, 0.0027624, 0.0027595, 0.0025558, 0, 0.0003281, 0.0032228, 0.0026523, 0.0021061, 0.0017971, 0, 0.0025023, 0.0020939, 0, 0, 0.0003235, 0.0023057, 0.0027083, 0.0030794, 0.0034214, 1e-07, 0.0022172, 0, 0, 0.0019064, 0.0017901, 0, 0.0029364, 0.0027635, 0, 0.0030029, 0.0025046, 0, 0.000232, 0, 0, 0, 0, 0, 0, 0.0003996, 6.95e-05, 0.0001684, 0, 0, 0, 0, 0.0013395, 0.0028964, 0.0024556, 0.0023549, 0.0026182, 0.0026038, 3.41e-05, 0.0007876, 0.0006684, 0, 0.0002029, 0, 0, 7.11e-05, 0, 0, 0, 0, 0.0017529, 0.0021513, 0.0002746, 0.0001129, 0.0002919, 0, 0, 0, 0, 0.0005228, 0.002758, 0.0020422, 0, 0, 0.0026168, 0.0003975, 0, 0, 0, 0, 0, 0.0005918, 0.0033021, 0.0019292, 0.0023259, 0.0027033, 0, 0, 0.0001282, 0, 0, 0.0002261, 0.0004027, 0.0030629, 0.0028364, 0, 0.0031367, 0.0028601, 0, 0.000199, 0, 0, 0, 0.0021704, 0.00248, 0.0023543, 0, 0.0031057, 2.99e-05, 0, 1.5e-06, 0.0003124, 0, 0.0025394, 0.0024437, 0, 0.0017651, 0, 0, 0.0003862, 0, 0.0019712, 0.0016368, 0, 0.0024357, 0, 0.0005908, 0.0032036, 0.0029463, 0.0029086, 0, 0.0018013, 0.0007508, 0.0012204, 0, 0.0021292, 0.0015968, 0, 0.0022704, 0.0021274, 0.002283, 0.0027058, 0.0027451, 0, 0.0020657, 0.0024311, 0.0023612, 0, 0.0033203, 0.0028135, 0, 0.0018977, 0.0022424, 0, 0.000495, 0, 0.0003395, 6.04e-05, 0, 0, 0, 0.0011212, 0.002412, 0.0032415, 0.0038853, 0, 0, 0, 0, 0, 0, 0, 0, 0, 0, 0.0008434, 0, 0.0025776, 0.0025315, 0.0022336, 0.0003583, 0, 0.0003763, 0.0003788, 0.0001437, 0.0004447, 0.0013009, 0.0024299, 0.0023003, 0, 0.0027382, 0.0023634, 0.0006267, 6.7e-05, 0, 0, 0, 0.001093, 0.0026085, 0.0023653, 0.0024367, 0.0028946, 0.0028596, 0.0004396, 0, 0, 0, 0.0010574, 0.0027939, 0.0024913, 0.0026323, 0.0029464, 0.0025455, 0, 0, 0, 0.0011832, 0.0027437, 0.0033849, 0.0032672, 0, 0, 0, 0, 0, 0.0026697, 0.0024499, 0.0021708, 0, 0.0017, 0, 0.0009231, 0.0014248, 0, 0.0018521, 0.0027072, 0.0023452, 0.0008772, 0.0025254, 0.0029247, 0.0034189, 0.0033355, 0, 0.0023157, 0.0029284, 0.0025728, 0.0021499, 0, 0.0032863, 0, 0.0016586, 0.0015985, 0, 0.0035123, 0.0026095, 0.0029327, 0.0030929, 0, 0.0008255, 0.0006956, 0.0002251, 0.0001061, 0, 0, 0, 0.0008379, 0, 0.0019124, 0, 0.0021598, 0.0019189, 0.000569, 0, 0.0006601, 0, 0.0004638, 0, 0.0008637, 0.0019608, 0.0019025, 0.0022512, 0.0022319, 0, 0, 0, 0.0008762, 0.0004, 0.000517, 0.0004567, 0, 0.003254, 0.0022792, 0.0021931, 0.0021253, 0.0008252, 0.0004967, 0.0002872, 0.0008391, 0.0011123, 0.0026892, 0, 0.0014449, 0, 0.0020278, 0.0006024, 8e-06, 0.0005217, 0.0008114, 0.0014072, 0, 0, 0.0024456, 0.0021363, 0, 0.0001696, 0.0010547, 0.0015764, 0.0026825, 0.0033363, 0.0030539, 0.0027193, 0, 0, 0.0032053, 0, 0.0028868, 0.0022788, 0.0024928, 0.0011484, 0, 0.0021984, 0, 0.0023562, 0, 0, 0.0019042, 0.0024028, 0.0024443, 0.0023218, 0, 0.0015872, 0.0011967, 0, 0.0022641, 0, 0.0028146, 0.0024913, 0.0019832, 0, 0.0004078, 0.000327, 0, 0.0003123, 6.41e-05, 0, 0.0005287, 0.0020738, 0, 0.002602, 0, 0, 0.0001418, 0, 1e-07, 0, 1e-07, 0, 0.00269, 0, 0.0007073, 0, 0.0018191, 0, 0, 0, 0, 0, 0.0029045, 0.002649, 0, 0, 0.0026756, 0, 0, 0, 0.0004576, 0.0028086, 0.0026, 0, 0.0024157, 0, 0, 0, 0.0006722, 0.0024456, 0.0021155, 0.0022267, 0.0024723, 0.0023812, 0, 0, 0.0032493, 0.0026115, 0.0019574, 0.0020869, 0.0019934, 0.0005698, 0, 0, 0.0025791, 0, 0.0017848, 0.0017012, 0.0021576, 0.0024778, 0.0024417, 0.0022078, 0, 0.0029526, 0.0029744, 0.0023056, 0, 0.0022617, 0.0019506, 0.001747, 0, 0.0014624, 0.0002983, 0.0002624, 0.0004774, 0.0003894, 0.0004864, 0, 0, 0.003256, 0.0028602, 0.0022207, 0, 0, 0.0007732, 0.0005647, 0.0006085, 0.0005238, 0.0030392, 0.0026462, 0.0020342, 0.0019642, 0.0021183, 0.0006348, 0.0003006, 0.0003102, 0.0001485, 0, 0.0017608, 0, 0, 0.002085, 0.0003794, 0, 0.0002572, 0, 0.0021555, 0.0024156, 0, 0.0031153, 0, 0, 0.0024117, 0.002003, 0.0022786, 0.002513, 0.0025952, 0.0010213, 0.0020619, 0.0018794, 0.0020084, 0, 0.0020802, 0.00226, 0.0022381, 0.0020553, 0.0022853, 0.0019547, 0, 0, 0.0034431, 0.0026624, 0.0022635, 0.0022178, 0, 0.0025498, 0.0032017, 0.0034997, 0.0002788, 0.0002256, 0, 0, 0.0004078, 0.0016995, 0.0020493, 0.0029595, 0.0031645, 0.0024082, 0, 0, 0, 0.000405, 0.0027572, 0.0019044, 0, 0, 0.0020977, 0, 0, 0.000608, 0.0034133, 0.0025864, 0.0021844, 0.0022215, 0, 0, 0, 0.0030671, 0, 0.002474, 0.0029211, 0.0023438, 0.0008364, 0.0022202, 0.0018295, 0.0019631, 0.0022031, 0.0032565, 0.0034249, 0.0024135, 0.0027822, 0.0026434, 0.0021779, 0.0023625, 0.0022701, 0, 0.0029724, 0.002848, 0, 0, 0.0020501, 0.0023978, 0.0024529, 8.21e-05, 0, 0.0002807, 0.0004511, 0.0024934, 0, 0.003537, 0.0029734, 0, 0, 0, 0.0006985, 0.0033248, 0, 0.0025422, 0.0023253, 0.0019654, 0, 0.0006283, 0.0030131, 0.0025257, 0.0025757, 0.0024011, 0, 0.0008797, 0.0034749, 0, 0.00141, 0, 0.0015298, 0.0018045, 0, 0, 0, 0.0026891, 0.0027825, 0.0034554, 0.0036039, 0.0027015, 0.0017813, 0.0021892, 0.0024359, 0.0021232, 0.0021842, 0.0021864, 0, 0, 0.0006086, 0.0019371, 0.0020146, 0.0020254, 0, 0.0030462, 0, 0.0005089, 0.0022772, 0.0025773, 0.0023435, 0.0025584, 0.0024651, 0.0008313, 0.0019167, 0, 0, 0.0029256, 0, 0.0016275, 0, 0, 0.0020138, 0, 0.0032446, 0, 0, 0.0019877, 0.0022719, 0.0033555, 0.0031181, 0.0027584, 0.0022929, 0.002051, 0, 0, 0.0022619, 0.0025218, 0, 0.0022484, 0.001216, 0, 0.0019188, 0, 0.0018298, 0.002589, 0.0026639, 0.0025166, 0, 0.0030462, 0.0027404, 0.0024991, 0.0023019, 0.0020342, 0, 0.002793, 0.0030575, 0.0024162, 0.002389, 0.002882, 0.0026691, 0.0024535, 0.0008443, 0.0031276, 0.0025157, 0.0027651, 0.0028785, 0.0023247, 0.0026023, 0.0020495, 0.0016391, 0, 0, 0.0020544, 0.0021979, 0, 0, 0.0035777, 0.002561, 0.0026467, 0.0028257, 0, 0.0028348, 0.0024165, 0.0018413, 0, 0.0027814, 0.0024982, 0.0023648, 0.0021162, 0.001987, 0.002226, 0.0028119, 0.0025679, 0.0017152, 0.0020643, 0.0021778, 0.0027198, 0.0028745, 0.0020376, 0, 0, 0.0016925, 0.0015899, 0, 0, 0.0022539, 0.0018682, 0, 0, 0.0025514, 0.0026756, 0.0026638, 0, 0.0024361, 0.0022558, 0.0021512, 0], [0, 0, 0, 0, 0, 0, 0, 0, 0, 0, 0, 0.0003083, 0.0024938, 0.0016143, 0, 0, 0.001993, 0, 0.003575, 0, 0, 0.0001029, 0, 0.0030402, 5.5e-06, 0, 0, 0, 0.0021009, 0, 0.004351, 0, 0.0029875, 0.0011116, 0, 0, 0.0001732, 0, 0.0006688, 0, 0, 0.0008229, 0.0003013, 0, 0.0024727, 0, 0, 0, 0, 0.00242, 0, 0.0003575, 0, 0, 0, 0, 0, 0, 0, 0, 0, 0.0015208, 0, 0, 0.0023561, 0.0021918, 0.0026993, 0.0028244, 0.00046, 0.0025008, 0, 0.00281, 0.0028563, 0, 0.001438, 0, 0, 0.0033669, 0.0020599, 0.0021921, 0.0017717, 0.0017085, 0, 0, 0, 0, 0.0002993, 0.0001821, 0, 0, 0.0006921, 0.0004954, 0.0028814, 0, 3.55e-05, 0.0003054, 0.0023851, 0.0025335, 0.0026193, 0, 0.0027981, 0.002589, 0, 0.0003113, 0.0019845, 0.0019585, 0.0022153, 0, 0, 0, 0, 0.0024489, 0, 0, 0.0027172, 0, 0, 0, 0, 0.0026568, 0, 0, 0.0024554, 0.0022231, 0.0021097, 0, 0.0023289, 0, 0.0023832, 0.0027666, 0.0024708, 0.0002815, 0, 0, 0.0025275, 0.000382, 0.0001175, 3.74e-05, 0.00023, 4.5e-05, 0.0002251, 0, 0, 0, 0, 0, 0.0031535, 0, 0.0016039, 0.001876, 0.002084, 0.0001305, 0.0008328, 0, 0.0006604, 0.000439, 0.0001596, 0, 0, 0, 0.0028549, 0.0028427, 0, 0, 0, 0.0002567, 0, 0.0002726, 0, 0, 0, 0, 0.0003595, 0, 0.002375, 0.0024288, 0.0032408, 0.0038079, 0.0003087, 0.0003075, 0.0002458, 0, 0.0002367, 0, 0.0005757, 0, 0, 0.0017109, 0, 0.0019063, 0, 8.6e-05, 0, 3e-07, 0.0002038, 0.0002355, 0, 0.0022673, 0.0021573, 0, 0.001987, 0.0001267, 0.0002711, 0.0002224, 0, 0, 0.0023393, 0.0022149, 0, 0.0015355, 0, 0, 0, 0, 0.0003484, 0.0008996, 0, 0, 0.0021753, 0.0021141, 0, 0, 0.0002877, 0, 0.0020152, 0.0020452, 0.002367, 0.0022416, 0, 0.0004456, 0.002364, 0.0023685, 0.0023168, 0, 0.0014619, 0.0004575, 0, 0.00183, 0, 0.0038535, 0, 0.0029608, 0.0029623, 0.0018286, 0.0021315, 0.0023716, 0.0022538, 0, 0, 0.0028384, 0.002875, 0.0033469, 0.0029703, 0.0026761, 0.0034209, 0.0027789, 0, 0.0004603, 0, 0, 0, 0, 0, 8.47e-05, 0.0010405, 0.0019559, 0.0021486, 0.0022518, 0.0021652, 0.0017463, 0.0001014, 0, 5e-07, 0, 0, 0, 0, 0.0014904, 0.0036017, 0.0034569, 0.0034243, 0.0031302, 0.002703, 0, 0, 0, 0.0003504, 0.0001239, 0.0004601, 0.0012739, 0, 0, 0, 0.002648, 0.0031643, 0, 7.8e-06, 0, 0, 0, 0, 0, 0, 0, 0.0024245, 0.0021487, 0, 2e-07, 1e-07, 3.7e-05, 0, 0.0037897, 0, 0, 0.0022819, 0, 0, 0, 0, 0, 0.001216, 0, 0.0021441, 0.0020779, 0, 0, 0, 0.0007351, 0.0027406, 0.0029926, 0.0027109, 0, 0.001544, 0, 0.0011573, 0.0025368, 0.002901, 0.0026506, 0, 0, 0.0006105, 0, 0.002968, 0.0027049, 0.0026575, 0.0020538, 0.0025806, 0.0028858, 0.0025343, 0, 0.0028043, 0.0026769, 0, 0.001947, 0, 0, 0.0037006, 0.0029475, 0.0023146, 0.0027857, 0.0028036, 0, 0, 0.0002855, 0.0002225, 0, 0, 0, 0.0011329, 0.0027323, 0.0020803, 0, 0.0029478, 0.0028065, 0.0007639, 0, 0, 0.0015896, 0.000973, 0.0011678, 0.0011814, 0.0017907, 0, 0.0023819, 0.0023985, 0, 0.0008502, 0.0006975, 0.0007576, 0.0003626, 0, 0.0010882, 0.0026854, 0.0020555, 0.0025122, 0.002567, 0.0022956, 0.0006304, 0.0002707, 0.0002091, 0.0004341, 0.0008072, 0.0025999, 0.0021737, 0.0015664, 0, 0, 0.0006663, 0, 0.0005166, 0.0008963, 0.0018291, 0, 0.0026151, 0.0020377, 0, 0, 0, 0.0012858, 0, 0.0026978, 0.0023569, 0.0023387, 0.0020327, 0, 0.0010132, 0.0031237, 0.0030559, 0.0024645, 0.0020932, 0.0019564, 0.0008303, 0, 0, 0, 0.0033643, 0.0033461, 0, 0.0019664, 0.00192, 0.0025676, 0.002809, 0.0027305, 0, 0.0023057, 0.0021234, 0, 0.0029647, 0.0024127, 0, 0, 0, 0.000227, 0.0002995, 0.0003364, 0.0003819, 0, 0, 0.0004263, 0.0024375, 0, 0.0025988, 0.0027812, 0.0027838, 0.0002014, 3.42e-05, 6e-07, 0, 0, 0.0004515, 0, 0.0031085, 0.0022148, 0.002524, 0.0024024, 0, 0, 0, 0, 0.0003868, 0, 0.0028727, 0.0027774, 0, 0, 0, 0, 0, 0.0003909, 0.0007937, 0, 0.0033378, 0.0030957, 0.0025947, 0, 0, 0.0006765, 0.0023581, 0.0021248, 0, 0.0016726, 0, 0, 0.0004169, 0.0017711, 0, 0.0025135, 0.0029301, 0.0030254, 0.0008617, 0.0037122, 0, 0, 0.0032048, 0.0026655, 0, 0.00216, 0.0020922, 0.0020516, 0, 0.0027607, 0.0024839, 0, 0.0035154, 0, 0, 0.0019066, 0.0022232, 0.0025499, 0.002627, 0.0003016, 0.0002065, 0, 0.0004796, 0.0005259, 0.0003318, 0.0017156, 0, 0.0024559, 0.0026394, 0.0019158, 0.0003013, 0.0003064, 0, 0.0004044, 0.000347, 0.001714, 0.0023446, 0.0019408, 0.002273, 0.0024492, 0.0007124, 0.0003255, 0.0005527, 0.0003738, 0.0019071, 0.0025029, 0.0025963, 0.0025884, 0, 0.0001495, 0, 0.0004681, 0, 0.0020945, 0, 0.0011158, 0, 0.0003308, 0.000182, 0, 0.0019284, 0.0021992, 0.0019876, 0.0014226, 0.0006982, 0.0026451, 0.002385, 0, 0.0030406, 0.0029807, 0.0030431, 0, 0.0032299, 0.003012, 0, 0.0019075, 0, 0, 0, 0, 0.0023424, 0.0031386, 0.0029052, 0.0026341, 0, 0, 0.000139, 0, 0, 0, 0.0011569, 0, 0.0021397, 0.0026318, 0.0028205, 0.000202, 2e-07, 0, 0.0001458, 0, 0.0023192, 0.0019271, 0, 0.0024128, 0, 0, 0.0005352, 0.0031139, 0.0025126, 0.0022469, 0.0019349, 0, 0, 0.0004781, 0.0031236, 0.0027961, 0, 0.0033255, 0.0033473, 0.0009185, 0.0029713, 0.0024417, 0.0020243, 0.0021495, 0.0017551, 0.0020624, 0.00243, 0.0022217, 0.0016341, 0.0015348, 0.0021823, 0.0027031, 0.0024693, 0, 0.003282, 0.0026967, 0, 0.0027245, 0.0023434, 0, 0, 0, 0.0002676, 0.0003734, 0.0026382, 0.0025057, 0.0024587, 0.0020028, 0, 0, 0, 0.0006133, 0.0029146, 0.0028397, 0, 0, 0, 0, 0.0005409, 0.0031073, 0.0033106, 0.0030925, 0.0031541, 0.002743, 0, 0.0026484, 0, 0.0021251, 0.0026209, 0.0031349, 0.0031785, 0.0029474, 0, 0, 0.0024811, 0.0027289, 0.0021648, 0, 0.0027562, 0.0028789, 0.0030077, 0.0020543, 0.0024019, 0.0026739, 0, 0, 0, 0.0005486, 0.0029579, 0.0034499, 0.0037301, 0.0032206, 0.002475, 0, 0.0004876, 0.0027126, 0.0026483, 0, 0.0022353, 0.002058, 0.0006707, 0.0016629, 0, 0.0028896, 0.0025464, 0, 0.0027666, 0.0032694, 0.0024342, 0, 0.00348, 0.0034265, 0, 0.0006671, 0, 0, 0.0024398, 0.0018828, 0.00241, 0.0029047, 0.0032061, 0, 0.0005292, 0.0023902, 0.0021544, 0, 0, 0, 0, 0.0027367, 0.0021815, 0.002509, 0.0031518, 0.0031034, 0, 0.0024836, 0.0019418, 0.0018599, 0, 0.0025286, 0.0021244, 0.0021109, 0.0020373, 0, 0.002664, 0.0023104, 0.0023443, 0.0027849, 0.0029008, 0, 0.00338, 0.0035414, 0.0027809, 0.0025712, 0.0023884, 0.0023455, 0.0019601, 0, 0.0032351, 0, 0.0023795, 0.0024858, 0.0017825, 0.0020497, 0.0022621, 0.0019281, 0, 0.001876, 0.0020807, 0, 0.0020682, 0.0021179, 0.002332, 0.0023765, 0.001924, 0, 0.0025106, 0.0021218, 0.0022971, 0.002459, 0.0023504, 0.0024844, 0.0020107, 0.0023887, 0.0034122, 0.0035862, 0.002817, 0.0024506, 0.0018922, 0, 0, 0, 0.0028603, 0.0021473, 0.0018944, 0.0025041, 0.0024772, 0.0030759, 0.0030742, 0.003061, 0.0026802, 0, 0.0019693, 0.0016807, 0], [0, 0, 0, 0, 0, 0, 0, 0, 0, 0, 0, 0, 0, 0, 0.0023831, 0.0024178, 0.002171, 0, 0.0038791, 0, 0.0034355, 0.0001398, 0, 0.0008284, 2.95e-05, 0, 0, 6e-07, 0, 0, 0.0015797, 1.4e-06, 0.0024887, 0.0009769, 0, 0, 0.0002885, 0, 0.0009244, 0, 0, 0.00056, 0.0004709, 0.0030371, 0.0028783, 9.6e-06, 3e-07, 1e-07, 0, 0.0038203, 0, 0.0006311, 0.0024643, 0, 0.0033547, 0.0034565, 0.0004548, 0, 0, 0, 0, 0.0018767, 0, 0, 0.0026452, 0.0021949, 0.0019964, 0, 0, 0.0021894, 0, 0.0035769, 0.0032547, 0, 0.001373, 0.0002758, 0, 0.0025731, 0, 0, 0, 0.0024194, 0, 0, 0, 0.0025952, 0.0007038, 0, 0, 0, 0.0022137, 0, 0, 1e-07, 8.64e-05, 0.0003928, 0.0034419, 0.0038436, 0, 0, 0, 0.0029794, 0, 0, 0.0021617, 0.0016405, 0.0015634, 0, 8e-07, 0, 0.0024874, 0.0021436, 0, 0.0004046, 0, 0, 0, 0, 1.04e-05, 0.0017544, 0, 0.0032785, 0.0031671, 0, 0.0027605, 0.00293, 0.0026578, 0, 0.0021295, 0, 0, 0, 0, 0, 0.0011159, 0, 4.46e-05, 7.6e-06, 0.0002524, 8.48e-05, 0.0002325, 5e-07, 1.6e-06, 2e-07, 0, 0.0007743, 0, 0.0023517, 0.0018043, 0.0022097, 0.002165, 2.19e-05, 0, 0.0008016, 0.0005072, 0.0003738, 0.0001184, 0, 0, 0, 0.0026571, 0.0028991, 0.0022367, 0.0024815, 0.0022143, 0.000276, 0, 7.92e-05, 1e-07, 0, 0, 0, 0, 0.0028527, 0.002962, 0.0033542, 0.00368, 0, 0.0001833, 0, 0, 0, 0.0005764, 0.0006156, 0.0004984, 0.0024315, 0.0023422, 0, 0.0036654, 0.0026097, 0, 0.0001471, 0.0001335, 0, 0, 0.0002242, 0, 0.0020583, 0.00236, 0, 0.0023402, 0.0001632, 0, 0.0001485, 0.0001592, 0.000563, 0.0024273, 0, 0.0025114, 0.0019122, 0, 3.78e-05, 0, 0, 0.0005, 0.0035937, 0.0026297, 0.002963, 0.0028364, 0.0020178, 0, 2e-07, 0.000716, 0.0024993, 0, 0, 0.0030219, 0.0030152, 0, 0, 0, 0, 0.0024594, 0, 0, 0, 0.0028515, 0, 0.0026337, 0.0027452, 0.0017684, 0.0020417, 0.0025204, 0.0022521, 0.0023776, 0.0019675, 0.0024055, 0.0028463, 0.0028405, 0.0023525, 0.0029037, 0.0027883, 0.0022539, 0, 0, 0.002687, 2e-07, 0, 0.0004482, 0.0003387, 0, 4.6e-06, 1e-07, 5.03e-05, 0.0008888, 0.0007731, 0, 0.0025339, 0, 0, 0, 0, 0, 0, 0, 0, 0, 0.0009045, 0, 0.0023479, 0.0021565, 0.0028074, 0.0022264, 0, 0.0008634, 0.000304, 0, 4.47e-05, 0, 0, 0, 0.0023432, 0, 0.0027891, 0.0023332, 0.0006652, 0.0001022, 2.3e-06, 0, 5.8e-06, 0.0016811, 0.003018, 0, 0, 0.002868, 0, 0.000587, 1.4e-06, 0, 3.05e-05, 0.0008033, 0.0022199, 0.0027565, 0.0027725, 0.0025871, 0.0022731, 0, 0, 0, 0.0008269, 0.0020261, 0.0021138, 0, 0.0033063, 0.0032495, 0, 0, 0.0008942, 0, 0.0030714, 0, 0.0027712, 0.0023704, 0, 0.0012989, 0.0029548, 0.0027934, 0.0019083, 0.002309, 0.0028352, 0.0007315, 0.0022539, 0, 0, 0.0019089, 0.0021592, 0.0023537, 0.0018338, 0.0020994, 0.0029415, 0.0029279, 0.0031681, 0.0028957, 0.0020984, 0.0024879, 0.0021705, 0.0022401, 0.0021135, 0, 0.0030194, 0.0032494, 0.0008978, 0, 0, 0, 0, 0, 5.4e-06, 0.0008793, 0.0021872, 0.0019765, 0, 0.0028193, 0.001874, 0.0006998, 0, 0.0009785, 0.0013634, 0.0010313, 0, 0.0007926, 0, 0.0020782, 0.0030191, 0.003315, 0, 0.0007848, 0.0007123, 0.0007288, 0, 0, 0.0009941, 0, 0.001791, 0.00145, 0, 0.002225, 0.0009325, 0.0002949, 0, 0, 0.0011744, 0.0027653, 0.0025448, 0.0030976, 0.0026533, 0.002596, 0.0006732, 8.32e-05, 0.0005675, 0.0008683, 0.0025645, 0.0027439, 0.0023614, 0.0021376, 0.0017824, 0, 0.000199, 0.0015077, 0.0020701, 0, 0.0028338, 0.0029732, 0.002839, 6e-07, 0.0009011, 0, 0, 0.0019987, 0.0022655, 0.0020523, 0, 0.0016805, 0, 0.0026583, 0, 0.0023372, 0.0025442, 0.00247, 0, 0, 0.0028819, 0.0024997, 0.0022945, 0.0021149, 0.0023221, 0.0027315, 0.0033561, 0.0035368, 0.002545, 0.0024576, 0.0025014, 0, 0.0005586, 0.0003543, 0.000259, 7.62e-05, 0, 0.0005232, 0.0030776, 0.0031123, 0.0026627, 0.0027393, 0.0026575, 0.0001236, 5.61e-05, 1.27e-05, 0, 0, 0.0004607, 0, 0, 0, 0, 0.0017185, 1.76e-05, 0, 4e-07, 1.8e-06, 0.0006714, 0.0036796, 0.0034341, 0, 0, 0, 0, 0, 0, 0.0004613, 0.0018566, 0.0027564, 0.0040106, 0.0036608, 0.0029334, 0, 0, 0.0005506, 0.0022234, 0.0023181, 0, 0, 0.0028779, 0, 0.0001821, 0, 0.0025534, 0.0027145, 0, 0.003399, 0.0006354, 0.002501, 0.0035499, 0.0037736, 0.0027306, 0.0019738, 0.0025171, 0.0026164, 0.0024029, 0, 0.0013808, 0, 0, 0, 0.0019436, 0.0015417, 0, 0.0024181, 0, 0.001919, 0, 0.0003795, 0, 0.0005684, 0.0003495, 0.0005562, 0.0005336, 0.0023897, 0.0019416, 0, 0, 0.0019903, 0, 0.0004231, 0, 0, 0, 0.0017537, 0.00169, 0.0020505, 0.0023181, 0, 0, 0.0003744, 0.0003397, 0.0004134, 0.002991, 0.0035531, 0.0031599, 0.0027284, 0, 0.0002479, 0.0001802, 0, 0.0033512, 0.0026298, 0.0023409, 0, 0.0018914, 0, 0.000473, 0.0022473, 0.0014106, 0, 0.0022593, 0.0021825, 0, 0, 0.0027791, 0, 0.0028516, 0.0020151, 0.0022683, 0.0025604, 0, 0.0016444, 0.0023053, 0, 0, 0.0019426, 0.0021931, 0.0021448, 0.0020196, 0, 0.0018273, 0.0028637, 0.0028764, 0.0003298, 0.0002952, 0.0001099, 0.0003293, 0.0004287, 0.0022652, 0.0027241, 0, 0, 0.0027002, 0.0003011, 7.41e-05, 0.0004375, 0.0005534, 0.0037886, 0.0026211, 0.0027937, 0.0029666, 0, 2e-07, 3.68e-05, 0.000644, 0.0030325, 0.0029903, 0, 0, 0.0024291, 5e-07, 0.0006696, 0.003509, 0.002669, 0, 0.0026816, 0.0019737, 0.0006618, 0.0025065, 0.002332, 0.0019424, 0, 0.0030938, 0.0024982, 0.0025373, 0.0025973, 0.002708, 0.0018211, 0.0021066, 0.0022585, 0, 0.0013287, 0.0010865, 0, 0.0023156, 0, 0.0015535, 0.0017846, 0, 0, 0, 0.000535, 0.0027339, 0.0022032, 0.0022633, 0.0019813, 0.0016589, 0, 0, 0, 0.0025007, 0.0024042, 0.0027579, 0.0028677, 0, 1e-07, 0.0007352, 0.0043868, 0, 0, 0.0018491, 0.0012994, 0, 0.0032963, 0.0027947, 0, 0.0026807, 0.0023181, 0.0022607, 0, 0.0026951, 0.0026367, 0.0023748, 0, 0.0029334, 0.0027576, 0, 0.0024428, 0.0024773, 0, 0.0022071, 0.0021559, 0.0017548, 0, 0, 0.0005362, 0, 0.0028646, 0.0036743, 0.0030544, 0.0024694, 0, 0.0005601, 0, 0.0033526, 0, 0.0026938, 0.0020536, 0.0006109, 0, 0.0022278, 0.0028162, 0.0019324, 0.0010126, 0, 0, 0.0033498, 0.0026696, 0.0022074, 0, 0, 0, 0.0018798, 0.002092, 0, 0.003089, 0.0029107, 0.0024986, 0.002273, 0, 0.0010574, 0, 0, 0, 0.0016941, 0, 0, 0, 0.0035013, 0.0031946, 0.0021415, 0.0025708, 0.0029873, 0, 0.0031528, 0, 0, 0, 0.0027854, 0, 0.0020871, 0.0017336, 0, 0.0025234, 0.0033059, 0.0021687, 0.0016827, 0.0005926, 0, 0.0027245, 0.0027496, 0.0023999, 0.0019734, 0, 0.0010429, 0, 0, 0.0017626, 0.0019975, 0.0025874, 0.0026973, 0.0020297, 0, 0.0029124, 0.0026194, 0.0020702, 0, 0.0024906, 0.0029175, 0.0027657, 0.0026412, 0, 0.0017701, 0, 0.0016801, 0, 0.0030258, 0.0027096, 0.0019193, 0.0025496, 0.0025034, 0.0027499, 0.0026868, 0.0021411, 0, 0.0025177, 0.0024265, 0.0017489, 0.0012717, 0, 0, 0.0032107, 0.0027003, 0.0023961, 0, 0, 0.0020891, 0.002817, 0.0028574, 0.0033278, 0.0027985, 0.0021611, 0], [0, 0, 0, 0, 0, 0, 0, 0, 0, 0, 0, 0, 0.00229, 0.0022366, 0.0022886, 0.0023486, 0.0021434, 0, 0, 0, 0, 0, 0, 0.002781, 6.55e-05, 0, 0, 0, 0.0018031, 0, 0.0037379, 0, 0.0016237, 0.0007155, 0.0001928, 0, 0.0003733, 0.0001244, 0.000984, 0, 0, 0.0006383, 0.0005246, 0.0027658, 0.0024637, 1e-07, 0, 0, 0.0018576, 0.0015544, 0, 0.0005294, 0.0021559, 0, 0.0030045, 0, 0, 0, 0, 0.002027, 0.0027493, 0.0024349, 0, 0, 0, 0, 0, 0.0018823, 0.0006582, 0.0027034, 0, 0, 0.0026879, 0, 0.0023089, 0.0002882, 0, 0.0025072, 0, 0.0021848, 0.0021055, 0.0021467, 0, 0, 0, 0.0024062, 0.0006827, 0, 0, 0, 0.0021259, 0.0004629, 0.0016774, 0, 0, 0.0002831, 0, 0.0024738, 0.0025933, 0.0023911, 0, 0.0028171, 0, 0, 0, 0.0021745, 0, 0, 0, 0.0018029, 0.0024321, 0.0024531, 0, 0, 0.0019481, 0.0026356, 0.0030839, 0, 1e-07, 0.002836, 0.0022432, 0, 0.0029282, 0.0025533, 0.0030263, 0.0033707, 0.0027234, 0.002169, 0.0015512, 0.001295, 0, 0, 0.0022045, 0.0026338, 0.0031436, 0.000372, 0, 0, 0, 9.9e-06, 0, 0, 0, 0, 0, 0.0008627, 0.0020131, 0, 0, 0, 0.0039445, 2.49e-05, 0.0007394, 0, 0, 0, 0.0001899, 0, 0.0002361, 0.0006323, 0, 0.0030255, 0.0032184, 0.0033021, 0.003175, 0, 0, 0.0001375, 0, 0, 0, 0, 0.0004908, 0.0026789, 0.0021631, 0.0017077, 0.0016188, 0, 0.0003818, 0.000344, 0.0002738, 0.0004201, 0.0003067, 0.0003328, 0, 0, 0.0028014, 0.00292, 0, 0.0027026, 0.0003054, 0, 0.0002787, 0, 0, 0.0003957, 0, 0.003041, 0.0023738, 0.0020585, 0, 0.000134, 0, 0.0001925, 6.47e-05, 0, 0, 0.0023386, 0.0024992, 0.0031748, 0.0032262, 4.32e-05, 0, 0, 0, 0.0022487, 0, 0, 0.0030939, 0.0027683, 0, 0, 0.0005557, 0, 0, 0, 0.0022766, 0, 0, 0.0007493, 0, 0.0027912, 0.0023925, 0.0022111, 0, 0.0008364, 0.0022702, 0, 0.0018935, 0, 0, 0.0025845, 0.0024256, 0.0027639, 0.0030796, 0, 0.0025835, 0.0028523, 0.0028622, 0.0024145, 0.0030567, 0.0028957, 0.0020894, 0.0024253, 0.0026965, 0.0025364, 0, 0.0008709, 0, 0.0004039, 4.72e-05, 0, 0, 2e-07, 0.0012831, 0, 0.0023054, 0.0025004, 0.0027184, 0, 0, 0, 0, 0, 0, 0, 0, 0.0012653, 0.0027697, 0.0029793, 0.0026311, 0.0028485, 0.0029065, 0, 0.0014696, 0, 0.0004351, 0.0001752, 0.0004172, 0.0011333, 0, 0.0022285, 0, 0.0013604, 0, 0.0004816, 0.0001426, 0, 0, 0, 0.0008358, 0, 0.002468, 0.0028371, 0.002785, 0, 0.0003646, 0, 0, 1e-07, 0.0010461, 0.0027791, 0, 0.0034461, 0.0029827, 0, 0, 0, 0, 0.0010531, 0.0028436, 0.0016511, 0.0013841, 0, 0.0025804, 0, 0, 0.0007135, 0.0021162, 0.0028494, 0.0029977, 0.0030754, 0.0028851, 0, 0.0013543, 0.0028576, 0.0025538, 0, 0.0015613, 0, 0.0009792, 0.0022412, 0.0018937, 0, 0, 0.0018887, 0.0030088, 0.0029551, 0.0026826, 0.0020006, 0.0014951, 0.0013381, 0, 0.0023527, 0, 0.002093, 0.0019543, 0, 0.0029497, 0, 0, 0.0005514, 0.0003092, 0.0002007, 0.0001091, 0, 0, 0, 0.0010773, 0.0019536, 0, 0.0017901, 0.002124, 0.0025955, 0.0009177, 0, 0.0008956, 0.0016459, 0.0009218, 0.00111, 0.0009448, 0.0024816, 0.0030302, 0.0035533, 0.0033802, 0.0025846, 0.0007591, 0.0005083, 0.000469, 0.0005696, 0, 0.0011492, 0.0026393, 0.002364, 0.0021378, 0.0014077, 0.0027314, 0.0007228, 0.0002418, 0.0001931, 0.0004692, 0, 0.0022731, 0.0021341, 0.0021315, 0.0020705, 0.0017973, 0.0004409, 0, 0.000443, 0.0011046, 0.0030922, 0.0027359, 0.0032618, 0.0030902, 0.0027172, 0, 0.0001614, 0.001194, 0, 0.0026259, 0.0030437, 0.0030644, 0.002573, 0, 0.0011102, 0.0036833, 0.0031145, 0.0024931, 0.0027257, 0.002499, 0.0012472, 0.0018487, 0, 0.0019653, 0.0018898, 0.0021124, 0.0021403, 0.0022424, 0.0021046, 0, 0.0028733, 0.0028824, 0.0029883, 0.0033331, 0.003503, 0, 0.002767, 0.0034187, 0.0035303, 0, 0, 0.0002846, 0, 0.0003057, 0.0004146, 0.0002042, 0.0004381, 0.0004234, 0, 0.002701, 0.002498, 0.0021039, 0.0019684, 0.0001952, 9.29e-05, 0, 0, 0, 0, 0.0019082, 0, 0.0025858, 0.0026749, 0.0023431, 0, 0, 0, 0, 0, 0.0025429, 0, 0.002341, 0, 0.0018856, 0, 0, 0, 0.000739, 0, 0.002805, 0.0024407, 0.0020885, 0.0016045, 0, 0, 0.000577, 0.0022109, 0.0027577, 0.0025774, 0.001847, 0.0011856, 0, 0.0004933, 0.0023766, 0.0024738, 0.0022713, 0, 0, 0.0004728, 0, 0, 0.0030114, 0.0029705, 0.0028084, 0.0032447, 0.0039538, 0.0034653, 0.002981, 0, 0.0010466, 0, 0.002534, 0.0026266, 0, 0.0037938, 0.003188, 0, 0, 0.002261, 0.0005206, 0.0003747, 0, 0, 0, 0, 0, 0.0029866, 0.0021499, 0.0018741, 0.001466, 0, 0.0004231, 0.0003217, 0, 0.000509, 0.0020754, 0, 0.0016675, 0.0014683, 0, 0, 0, 0.0006537, 0.0004881, 0, 0.0005609, 0, 0.0025073, 0.0025865, 0, 0.0005182, 0.0004787, 0, 0.0030272, 0.0030616, 0, 0.0031333, 0.0004398, 0, 0, 0, 0.0027997, 0.0032833, 0.0030248, 0.0009746, 0.0024965, 0.001939, 0, 0.0011202, 0, 0.0018996, 0.0021305, 0.0027475, 0.0026638, 0, 0.0020825, 0, 0.002767, 0.0024362, 0, 0, 0, 0, 0, 0.0032811, 0, 0, 0, 0.0003582, 0, 0.0031433, 0.0025958, 0.0027002, 0.0025959, 0, 0.0002074, 9.81e-05, 0.0004853, 0.0004171, 0, 0.0024905, 0, 0.001998, 0, 0, 1.5e-06, 0.0005519, 0.0017126, 0.0018945, 0, 0, 0.0024365, 0, 0.0007756, 0.0029761, 0, 0.0007457, 0, 0.0014101, 0.0007997, 0.0027602, 0, 0, 0, 0.0015455, 0, 0.0026561, 0.0029401, 0.0028276, 0.0022956, 0, 0.0023408, 0.0022414, 0, 0.0024227, 0, 0.0027758, 0.0031635, 0.0031621, 0.0029477, 0.0001211, 0, 0, 0.0003119, 0, 0, 0, 0.0031124, 0.0027686, 0, 0, 0, 0, 0, 0.0021936, 0.0025696, 0.0026112, 0, 0, 0.0021999, 0.0028115, 0.0025859, 0, 0, 0.0004177, 0, 0.0028256, 0.0026302, 0, 0.0023543, 0.0026981, 0.0032483, 0.0035142, 0.0024583, 0.0024092, 0.0027234, 0.0022696, 0.0016471, 0, 0, 0.0020109, 0.0024607, 0.0031753, 0.0036427, 0.0031356, 0, 0, 0.0006961, 0.0020536, 0, 0.0024475, 0.0023696, 0.0024227, 0, 0.0005315, 0.0024283, 0.002112, 0.0020763, 0, 0.0022767, 0.0007288, 0.0033999, 0.0036035, 0, 0.002226, 0.0018838, 0, 0.0034689, 0.0038329, 0, 0.001876, 0.0018872, 0.0022617, 0.0029026, 0.0028976, 0, 0, 0, 0.0014481, 0.0022497, 0.0031101, 0, 0, 0.0030442, 0.0028659, 0, 0, 0.0024519, 0.0007207, 0.0016579, 0, 0.0016249, 0, 0.0024984, 0.0023486, 0.0021274, 0.0021476, 0, 0.0026401, 0, 0.0041225, 0, 0, 0.0025027, 0, 0.0027414, 0.0027943, 0, 0.0020412, 0.0008486, 0, 0, 0.0022271, 0.0033032, 0.0040544, 0.0033425, 0.0025777, 0.0015108, 0.0014544, 0, 0.0033352, 0, 0, 0.002475, 0.0020723, 0.0022922, 0.0022127, 0, 0.0040621, 0.0028535, 0.002771, 0.0025461, 0.0021296, 0, 0.0024602, 0.0015714, 0, 0, 0, 0.002984, 0.0016487, 0.002164, 0.0025625, 0, 0.0020237, 0.0018891, 0, 0.0018552, 0.0025543, 0.0028825, 0.0024076, 0, 0, 0, 0.0027315, 0, 0.0018119, 0.0018825, 0.0024642, 0.003151, 0.0033174, 0, 0.002033, 0.0024547, 0.0028169], [0, 0, 0, 0, 0, 0, 0, 0, 0, 0, 0, 0.0004015, 0, 0.0031573, 0.0030161, 0.0026818, 0.0021188, 0, 0.002408, 0, 0, 0.0001822, 0, 0, 1.71e-05, 0, 0, 0, 0.0023829, 0, 0.0034536, 0, 0, 0, 0.0002497, 0, 0.0003606, 7.29e-05, 0.0009247, 0, 0, 0.0007595, 0.0004617, 0.0030237, 0.0029282, 4e-07, 0, 0, 0.0029158, 0.003085, 0, 0, 0.0012459, 0, 0, 0, 0.0007789, 0, 0, 0, 0.0019485, 0.0015651, 0, 0, 0.0038246, 0.0035462, 0.0036272, 0.0031656, 0.000571, 0.0020714, 0, 0, 0.0033841, 0, 0, 0.0002896, 0, 0.0019617, 0.0019442, 0.0025138, 0.0026146, 0.0024627, 0, 0, 0, 0.0036799, 0.0008277, 0.0003779, 0, 0, 0.0029705, 0.000441, 0, 0, 6.25e-05, 0.0003546, 0.003111, 0.0023056, 0.0019885, 0.0023587, 0.0021509, 0.0020818, 0, 8.74e-05, 0, 0.0016234, 0, 0, 0, 0.0016886, 0, 0.0017753, 0, 0.0003516, 0.0023304, 0.0030591, 0.0029165, 0, 0, 0, 0.0013705, 0.0020457, 0, 0.0018908, 0.0009622, 0.0023441, 0.0029832, 0.0026053, 0, 0, 0, 0.0003889, 0.0014278, 0, 0.0022355, 0, 3.61e-05, 3.04e-05, 0.0002205, 0, 0.0004253, 0, 0, 0, 0, 0, 0.0029411, 0, 0.0022664, 0, 0.0026192, 9.8e-05, 0.0005574, 0, 0.000732, 0.0008284, 0.0003676, 0, 0, 0, 0.0032023, 0.0023666, 0, 0.0018937, 0, 0.0002226, 3.43e-05, 0, 0, 0, 0, 0, 0.0005903, 0.0017967, 0, 0.0024999, 0.0018397, 0, 0.000219, 0, 0, 0.0003999, 0, 0.0004888, 0, 0.002288, 0.0034889, 0.0035219, 0, 0.0030932, 0.0002241, 0.0002328, 0.0003105, 3.4e-06, 0.0004176, 0.0005365, 0.0028235, 0, 0, 0.0017183, 0.0015611, 0.0001858, 0.0003677, 0.0003177, 0.0001144, 0.0004599, 0.0032213, 0.0026857, 0.002311, 0, 0.0028692, 4.16e-05, 0, 0, 0, 0.0027975, 0.0024318, 0.0024349, 0.0024557, 0, 0, 0, 0, 0.0025702, 0, 0.002145, 0, 0.0013139, 0, 0.0004716, 0.0018861, 0.0025571, 0.0028922, 0.0030728, 0.0025811, 0.0007751, 0.0029456, 0.0022619, 0, 0.0022467, 0, 0.0038687, 0.0031122, 0.0027673, 0.003137, 0.0026552, 0, 0, 0.0038819, 0.0018135, 0.0014097, 0, 0.0019909, 0, 0.0028894, 0.0025536, 0, 0, 0, 0, 0.0001555, 4.7e-06, 0, 9.4e-05, 0.001669, 0, 0.0022171, 0.0026047, 0.0027274, 0, 0.0001229, 0, 0, 0, 0, 0, 0, 0.0014408, 0.0025117, 0, 0, 0.0027385, 0.0026993, 0, 0, 0.0005176, 0.0007688, 0, 0.0005111, 0.0013239, 0.0023264, 0.0022182, 0.0022713, 0.0020852, 0, 0.0006755, 7.42e-05, 0, 0, 0, 0, 0.0021705, 0, 0, 0.0025572, 0.002583, 0, 2e-07, 0, 0.0001345, 0.0014031, 0.0026228, 0.0023786, 0, 0, 0.0020067, 0, 0, 0, 0, 0.0027666, 0.0029702, 0, 0, 0.0044047, 0, 0, 0.0008179, 0.0024619, 0.0024435, 0.0023331, 0, 0.0024208, 0, 0, 0, 0.0026021, 0.0020603, 0.002801, 0.0027077, 0, 0.0016836, 0.0018404, 0.0024095, 0.0024647, 0.002699, 0.0024287, 0, 0.002447, 0.002842, 0.0031087, 0.0027244, 0, 0, 0.0023894, 0, 0.0028399, 0.0028579, 0.0031944, 0.0027371, 0, 0.0008139, 0.000499, 0, 0.0002693, 0, 0, 0, 0.0011986, 0.0033172, 0.0033309, 0, 0, 0, 0.0003125, 0, 0, 0.0010821, 0, 0, 0.0010786, 0.0033889, 0.0029789, 0, 0, 0.0033343, 0.0008456, 0.0008409, 0.0011483, 0.0004731, 0, 0.0008875, 0.0022358, 0.0027535, 0.0029979, 0, 0.0025544, 0.0008192, 0.0003828, 0, 0.0006029, 0, 0.0025138, 0.0028892, 0.0027213, 0, 0.0005451, 0, 2.7e-06, 0, 0.0011132, 0.0021757, 0, 0, 0.0025573, 0, 0, 0.0001462, 0, 0, 0.0023324, 0, 0, 0.0015287, 0, 0.0010091, 0, 0, 0.0031572, 0.0031168, 0, 0.0013006, 0.0023985, 0.001555, 0.0016361, 0, 0.0032786, 0, 0.0024287, 0.0026651, 0.0027064, 0, 0.0018153, 0.0026562, 0.0027985, 0.0023999, 0.0022089, 0, 0, 0.0031095, 0.0026482, 0.0020035, 0.0003464, 0, 0.0002334, 0.0002942, 9.05e-05, 0, 0, 0.0026768, 0.0025868, 0.0030049, 0.0038186, 0.0028022, 0.0001514, 5.28e-05, 0, 0, 2.33e-05, 0.0002656, 0, 0, 0.0022843, 0.0023525, 0, 0, 0, 0, 0, 0, 0.0016208, 0, 0.0025429, 0.0025254, 0.0023227, 0, 0, 0, 0.0004406, 0.0018523, 0.0024853, 0.0026988, 0.0023224, 0, 0, 0, 0.0003682, 0, 0, 0.0027894, 0.0026273, 0, 0, 0.0004821, 0, 0.0032232, 0.0027888, 0, 0, 0.0007717, 0.002693, 0.0025955, 0.0016139, 0.0017203, 0.001765, 0, 0.0030493, 0.0023495, 0, 0.0018414, 0.0019786, 0.001918, 0, 0, 0, 0.0021473, 0.0025699, 0.0021303, 0.0020772, 0.0020672, 0.0004701, 0.0003697, 0.0004176, 0.0002279, 0, 0.0005652, 0.0027398, 0.0023774, 0.0024684, 0.002656, 0.0026108, 0.0004319, 0, 0.000538, 0.0007097, 0, 0.0020992, 0.0025429, 0.0034116, 0.0035027, 0.0031438, 0, 0, 0.0006719, 0.0004585, 0.0023182, 0.0027322, 0.0027919, 0, 0.0018326, 0.0003339, 0, 0.0003124, 0, 0.0021133, 0.0021831, 0.0023877, 0.0022367, 0, 0, 0.0035359, 0.0034002, 0.0027913, 0.0028085, 0.0028147, 0.0009716, 0.0031981, 0, 0, 0.003074, 0.0026773, 0.0024476, 0, 0, 0.001458, 0, 0.0034949, 0.0035393, 0, 0.0007352, 0, 0.0037749, 0.0033891, 0.0031155, 0, 0.0023045, 0.0004732, 0, 0.0001543, 0.0004024, 0.0004584, 0.0024581, 0.0025662, 0, 0.0035683, 0.0027891, 0, 0, 0, 0.0004542, 0.0025718, 0.0028053, 0.0022375, 0, 0.0028785, 0, 9.2e-06, 0.0003704, 0, 0, 0.0021764, 0.0025169, 0.002494, 0, 0, 0, 0.0022076, 0, 0.0029178, 0, 0.0006497, 0.0026436, 0.0023419, 0.002097, 0.001966, 0, 0.0023112, 0, 0.0020058, 0.0023555, 0.0021038, 0.0024496, 0.0019607, 0.0027004, 0.0028035, 0, 0.0016373, 0.0016215, 0.0017902, 0.0015532, 0, 3e-07, 0, 0.0002591, 0.0004475, 0.0019356, 0, 0.0016375, 0, 0.0030938, 0, 0, 0.0007857, 0.0030653, 0.0031895, 0.0030835, 0, 0.002718, 0, 0, 0, 0.0019439, 0.0024562, 0.0030466, 0.0026808, 0.0007289, 0, 0, 0, 0.0030612, 0.0027312, 0.0023073, 0.0019845, 0, 0.0024074, 0, 0.0036699, 0.0036587, 0.0034124, 0.0020039, 0, 0.002681, 0.002569, 0.0021962, 0.0022138, 0, 0, 0, 0.0006131, 0.002945, 0.0022125, 0.0016265, 0.001377, 0, 0, 0.000564, 0.0027696, 0.0024612, 0.0025362, 0.0027323, 0.0021836, 0.0007561, 0.0027862, 0.0033359, 0, 0, 0.0020559, 0.0022651, 0.0019299, 0, 0, 0.0024572, 0.0021458, 0, 0.0030172, 0.0020006, 0.0016894, 0, 0.0019079, 0.0022119, 0.002515, 0.0021532, 0, 0.0010711, 0.0029618, 0.0020526, 0, 0, 0.002114, 0, 0.0024061, 0.002606, 0.0022964, 0, 0, 0.0033359, 0.003764, 0.0036628, 0, 0.0024885, 0.0023907, 0.0021667, 0, 0.0016183, 0.0024365, 0.002681, 0, 0, 0.0022722, 0.0018386, 0.0008255, 0.0020639, 0, 0.0011082, 0, 0.0034071, 0.0027355, 0.0025476, 0.0026307, 0.0027063, 0.0024331, 0, 0.0025095, 0, 0.0031849, 0.0029031, 0, 0.0029725, 0.0023672, 0, 0.0024205, 0.0020911, 0.0028467, 0.0026825, 0.0030505, 0.0032258, 0, 0, 0.0027936, 0.0028702, 0, 0.0036169, 0.0030679, 0.0028758, 0.002803, 0.003283, 0.0031772, 0.0030187, 0.0022814, 0, 0, 0, 0.002766, 0.0032094, 0, 0.0024039, 0.0024043, 0, 0, 0.0035318, 0.0029281, 0.0020233, 0, 0, 0.0016247, 0.0022418], [0, 0, 0, 0, 0, 0, 0, 0, 0, 0, 0, 0.0005177, 0, 0.0029213, 0.0028078, 0, 0, 0, 0, 0, 0.0020978, 0.0002623, 0, 0, 1.07e-05, 1.4e-06, 0, 0, 0.0023314, 0, 0.0022908, 0, 0.0022355, 0.0010003, 0.0003467, 0, 0, 0.0001087, 0.0014838, 0, 0, 0, 0.0005224, 0.0025711, 0.0023549, 0, 0, 0, 0, 0.0026195, 0, 0.0005245, 0.0020439, 0, 0, 0.0017913, 0.0004975, 0, 0, 0, 0.0032911, 0, 0, 0, 0.0024742, 0.0023441, 0.0029936, 0.0028783, 0, 0.0034568, 0, 0, 0.0016023, 0, 0, 0.0003281, 0, 0.001317, 0, 0.0029881, 0.0019157, 0.0014751, 0, 0, 0, 0.0016299, 0, 0, 0, 0, 0.002874, 0.0004241, 0, 0, 5.5e-06, 0, 0, 0.002576, 0, 0, 0.0027133, 0, 0, 0.0002564, 0, 0.0022717, 0, 0.0009121, 0, 0, 0, 0, 0, 0.0004487, 0.002057, 0.0025573, 0.003308, 0.0032106, 2e-07, 0.0023332, 0, 0, 0, 0.0027925, 0, 0.0022991, 0.0023742, 0.0022069, 0, 0.0025269, 0, 0.0003005, 0, 0.0022792, 0.002421, 0.0003901, 4.33e-05, 1.1e-06, 0.0002664, 6.7e-05, 0.0002332, 0, 0, 0, 0, 0, 0.0025676, 0.0028091, 0.0030187, 0, 0.0036118, 0, 0.0010755, 0, 0, 0.00084, 0, 0, 0, 0.0011715, 0.0029767, 0.0032376, 0.0022718, 0.0029301, 0.0034448, 0.0003294, 0.0001112, 0.0001619, 0, 0, 0, 0, 0.0005225, 0.0019453, 0.0020374, 0.0022971, 0.0025194, 0.0020866, 0, 0.0004008, 0.0003903, 0.0005022, 0.0003704, 0.0006848, 0.0004196, 0.0023134, 0, 0, 0, 0.003038, 0.0002018, 0.0001054, 0, 1.03e-05, 0.0002483, 0.0004271, 0.0017614, 0.0021792, 0.002968, 0.0031606, 0.0030039, 0.0001759, 9.66e-05, 0, 0.0001364, 0.0004252, 0.0023389, 0, 0.0020841, 0.0023635, 0.0022733, 5.96e-05, 0, 0, 0, 0.0022807, 0.0025479, 0.0027853, 0.0027826, 0.0024116, 0, 0, 0.0007255, 0, 0, 0, 0.0027344, 0.0022791, 0, 0.0005114, 0, 0.0021471, 0, 0.0019189, 0, 0, 0.002551, 0.0026033, 0.0032742, 0.003502, 0.00283, 0.0023409, 0.0027433, 0.0026299, 0.0029282, 0.0027114, 0, 0.0027763, 0.0029121, 0, 0.0019397, 0.0020911, 0, 0.0017053, 0.0013593, 0, 0, 0.0008811, 0.0004242, 0, 5.32e-05, 0, 0, 1e-07, 0, 0.0020345, 0.0021517, 0, 0.0032233, 0.0027788, 0.0001664, 0, 0, 0, 0, 0, 0, 0, 0, 0.002502, 0.0024577, 0, 0.0022063, 0.0003825, 0.000681, 0, 0.000459, 7.89e-05, 0, 0.0010332, 0.0021506, 0.0017165, 0, 0.0029955, 0.0023557, 0, 5.62e-05, 1e-07, 0, 0, 0.0011743, 0.0021683, 0.0025229, 0.0029954, 0.0031059, 0.0022019, 0.0004585, 0, 0, 6.42e-05, 0.0011582, 0.002794, 0, 0, 0, 0.0011875, 0, 0, 0, 0, 0.0023247, 0.0020271, 0, 0.0027227, 0.002416, 0, 0, 0.0008576, 0.0023489, 0.0024993, 0, 0, 0.0027415, 0, 0.0015245, 0, 0.0020032, 0.0029166, 0.0031522, 0.0027244, 0, 0, 0.0017653, 0, 0.0027768, 0.0027381, 0, 0.0027412, 0.0029001, 0, 0.0036632, 0.002922, 0.0025927, 0, 0.0027425, 0.0023962, 0, 0.0039503, 0, 0.002706, 0.0030708, 0.0007264, 0, 0.000427, 0.0003189, 0, 0, 0, 0.0011466, 0, 0.0016656, 0, 0, 0.0031956, 0, 0.000996, 0.0008546, 0, 0, 0.001207, 0.0010081, 0, 0.0033227, 0.0035316, 0.002963, 0, 0.0008446, 0, 0, 0.0005605, 0.0011203, 0.001285, 0.0020695, 0, 0.0031505, 0, 0.0018573, 0, 0.0003283, 0.0002045, 0, 0.0011733, 0.0030343, 0.0024755, 0.0026902, 0.0025349, 0.0023444, 0.0006256, 0, 0, 0.0009334, 0.0024282, 0.0030051, 0.0031063, 0.0021818, 0.0017887, 0, 1.27e-05, 0, 0.0016828, 0, 0, 0.0028336, 0.003026, 0, 0.0012455, 0, 0, 0.0023115, 0.0031956, 0.0034432, 0.0013347, 0.0022495, 0.0017483, 0, 0, 0.0018215, 0.002114, 0.0023453, 0, 0.0026285, 0.0033916, 0.0017087, 0.0011856, 0, 0.0033948, 0.0033226, 0.0027348, 0, 0, 0.0021193, 0.0019229, 0.0004294, 0.0003316, 0, 0.0002046, 0.0001335, 0.0002515, 0, 0.0022153, 0.0015552, 0.0009315, 0, 0.0028381, 0, 0, 0, 0, 6e-07, 0, 0, 0.0020614, 0, 0, 0.002206, 3e-07, 1e-07, 0, 0, 0, 0.0018176, 0, 0.0028751, 0, 0, 0, 0, 0, 0, 0.0015094, 0, 0.0025109, 0, 0, 0, 0, 0, 0, 0, 0, 0, 0.0013161, 0, 0.0005716, 0.0028161, 0.0027338, 0.0023189, 0.0025024, 0.0023095, 0, 0.0021979, 0.0028365, 0.0033895, 0.0032481, 0.0029797, 0.0030757, 0, 0.001993, 0.0031684, 0.0030139, 0.0029408, 0, 0.0019499, 0, 0.0020876, 0.0023498, 0, 0.002059, 0, 0.0019381, 0.0004384, 0.0002187, 0, 0.0001849, 0, 0.00062, 0.0031063, 0.0029914, 0.0025604, 0.002072, 0, 0.0004223, 0.0005337, 0.0003694, 0, 0.000541, 0.0019579, 0.0024459, 0.0026659, 0.0027015, 0.002699, 0.0006773, 0.0004693, 0.0007012, 0, 0.00239, 0.0025172, 0.0026465, 0.0027435, 0.0023942, 0, 0.0004728, 0.0004928, 0.0022788, 0.0024498, 0.0028613, 0.0020666, 0.0017893, 0.0003777, 0.0003369, 0, 0.002195, 0.0019249, 0, 0.0011513, 0.0005641, 0, 0.00187, 0.0025249, 0.0034707, 0.0025349, 0.0030223, 0.0028239, 0, 0, 0.0019567, 0.0024649, 0.0024027, 0.002263, 0, 0, 0, 0, 0, 0.002129, 0, 0, 0.0007255, 0, 0.0005384, 0.0005578, 0.0029106, 0.0032444, 0.0030308, 0.0028554, 0.0025671, 0, 6.11e-05, 0.0004188, 0.0004477, 0.003094, 0.0030447, 0, 0, 0.0028128, 0, 0, 0, 0.0019863, 0.0023952, 0.0026485, 0.0020427, 0, 0, 0.0004022, 0, 0.0023148, 0, 0.002544, 0, 0.0008009, 0.002539, 0.0027679, 0.0030556, 0.0024134, 0.0021484, 0.0020187, 0, 0.0028461, 0.0026591, 0.0031742, 0.0036852, 0, 0.0038591, 0.0031721, 0.0023091, 0, 0, 0, 0.0029468, 0.0024496, 0, 0, 0.0001472, 0, 0, 0.003098, 0, 0.0024939, 0.0024557, 0, 0, 0.0003446, 0, 0.0023813, 0, 0.0021741, 0, 0, 0.0007014, 0.0031115, 0.0025643, 0, 0, 0.0027725, 0.0007746, 0, 0.0030075, 0.0021265, 0, 0.0021065, 0.0023638, 0.0026612, 0, 0.0046402, 0, 0.0023516, 0.0019815, 0, 0.0033424, 0, 0.0032263, 0.0029326, 0.0033497, 0.0038887, 0.0033599, 0, 0, 0.0007123, 0.0026078, 0, 0.0016083, 0.002807, 0.0029888, 0, 0, 0.0032436, 0.002951, 0, 0.0016253, 0, 0, 0.0025771, 0.0012694, 0, 0, 0.0020738, 0.0018328, 0.0027798, 0.0046773, 0.0030845, 0.002295, 0, 0, 0.0012354, 0, 0.0033677, 0.0024956, 0.0020539, 0.0027865, 0.0029897, 0.0025128, 0, 0, 0.002427, 0.0022384, 0, 0, 0.0031873, 0.0008196, 0.0016799, 0.0019014, 0.0019857, 0, 0.0017973, 0.0027565, 0.003711, 0.0032928, 0.0037053, 0.0035626, 0, 0.0027962, 0.0019883, 0.0027675, 0.0028199, 0, 0.0024425, 0, 0.0023381, 0.0026134, 0.0010374, 0.0018076, 0.0023167, 0.0031888, 0.0023699, 0.0013377, 0, 0.003041, 0.0029491, 0.0025362, 0.0030043, 0.0031532, 0, 0, 0.0024653, 0.0025094, 0, 0.0027305, 0.0029355, 0.0021848, 0.0016877, 0.0019842, 0.0023935, 0.0029684, 0.002232, 0.0017755, 0, 0.0022898, 0, 0.0035691, 0, 0.0033257, 0.00262, 0.0026032, 0.0025218, 0, 0.0016813, 0.0017387, 0.0022839, 0.0029576, 0.0024361, 0.001673, 0.0015078, 0, 0.0017965, 0.0016481, 0, 0.0036376, 0.002651, 0.0027067, 0.003813, 0.0035898, 0.0025929, 0, 0, 0.0023017], [0, 0, 0, 0, 0, 0, 0, 0, 0, 0, 0, 0.0002435, 0, 0, 0.0014733, 0, 0, 0, 0, 0, 0, 0.0002397, 0, 0.0008194, 3.15e-05, 0, 0, 0, 0.0027739, 0, 0, 0, 0, 0.0006301, 0, 0, 0, 9.48e-05, 0.0011937, 0, 0, 0, 0.0002508, 0, 0.0017088, 3e-07, 0, 0, 0, 0.0038235, 0, 0, 0.0026937, 0, 0, 0, 0.0006849, 0, 0, 0, 0.0034826, 0, 0, 0, 0.0025338, 0, 0, 0, 0, 0.0012192, 0, 0.002249, 0, 0, 0, 0.0002886, 0, 0.0022243, 0.0029247, 0.002117, 0.0024401, 0.0028056, 0, 0, 0, 0.0033457, 0.000556, 0, 0, 0, 0.0025192, 0, 0.0030567, 0, 5.94e-05, 0.0004252, 0.002904, 0.0025164, 0.0023498, 0.0020821, 0.0026545, 0.0025716, 0, 0.0004529, 0.0041338, 0, 0.0024344, 0.0021711, 0, 0.0037721, 0.0034818, 0.0022858, 0, 0.0003229, 0, 0.0024911, 0.0024785, 0.0026228, 0, 0.0024301, 0.0020181, 0.0030259, 0.0036202, 0.0033197, 0, 0, 0.0028575, 0, 0.0026173, 0.0019501, 0.0019532, 0, 0, 0.0026965, 0, 0.000484, 2.69e-05, 0, 0, 0.0001386, 0.0006163, 0, 0, 0, 0, 0.0013859, 0.0029472, 0, 0, 0.0025474, 0, 8.02e-05, 0.000414, 0, 0, 0.0004344, 0, 0, 0.0002174, 0.0010206, 0.0023586, 0.00178, 0, 0.001707, 0, 0.0002101, 0.0001144, 0.0001678, 0, 0, 0, 0, 0.0004748, 0, 0.0024723, 0.002608, 0.003259, 0.003672, 0.0005319, 0.0004468, 0, 0.0006732, 0.0004542, 0, 0, 0.0027828, 0.0026347, 0, 0.0022918, 0.0022493, 0.0002249, 0, 0.0003197, 8.7e-06, 0.000304, 0.0003026, 0, 0.0024952, 0.0026172, 0.0024436, 0, 0.0003585, 0.0002635, 0.0002233, 0.0001147, 0.0004489, 0.0032562, 0.0030713, 0.0022949, 0.0023142, 0.0023533, 2e-06, 0, 0, 0.0005327, 0, 0.0026671, 0.0027705, 0.0027532, 0.0024165, 0, 0, 0.0006346, 0.0017472, 0.0026882, 0.0031314, 0, 0.0025355, 0, 0.0005778, 0, 0, 0, 0, 0, 0, 0.0032168, 0, 0.0018055, 0, 0.0021572, 0.0022732, 0.0026032, 0.0025178, 0.0017282, 0.0025395, 0.0033783, 0, 0.0031145, 0.0036944, 0, 0, 0.0028763, 0.0022548, 0.002856, 0.0029384, 0, 0.000417, 0.0002228, 0, 0, 0, 0, 3.2e-05, 0.0010283, 0.002069, 0, 0.0023203, 0.0020528, 0.0018422, 0.0001898, 0, 0, 0, 0, 0, 0, 0.0006857, 0, 0.0015228, 0, 0.0034993, 0.0028806, 0.0004228, 0, 0.0004067, 0.0004544, 0.0001069, 0, 0, 0, 0.0017299, 0.0018024, 0.001698, 0, 0.0004861, 6.7e-05, 0, 0, 0, 0.0012062, 0.0020012, 0.002015, 0.0025962, 0.0030043, 0.0030646, 0, 0, 0, 6.55e-05, 0.0013929, 0.0030984, 0.0026381, 0, 0.0033501, 0, 0, 0, 0, 0.0009349, 0, 0.003193, 0.0031422, 0.0026287, 0.0022995, 0, 0, 0.0005905, 0, 0, 0.0018714, 0.0025811, 0.0021703, 0, 0.0012721, 0.0016803, 0, 0.0022842, 0.0021454, 0.0025039, 0.0008233, 0, 0, 0.0016586, 0.0024239, 0.0022902, 0, 0.0011786, 0, 0, 0.0023235, 0.0026899, 0.0028439, 0.0026543, 0.0023906, 0, 0.0028002, 0, 0.0018674, 0.0023397, 0.0024798, 0.0010975, 0.0005855, 0, 0.0001557, 0, 0, 0, 0.0014521, 0.0027631, 0.0024392, 0.0023702, 0, 0.0022836, 0, 0.0007317, 0, 0.0010388, 0.0007277, 0.0012526, 0.0013008, 0.0026481, 0.00163, 0.0018733, 0.0022436, 0, 0, 0.0010084, 0.0009504, 0, 0.0007347, 0.0007863, 0.0024064, 0.0025795, 0, 0.0020528, 0.0018383, 0, 0.0004686, 0.0003136, 0.0007378, 0.0010577, 0.001882, 0, 0.0022998, 0.0026765, 0.0023519, 0.0005537, 0, 0.0006365, 0.0011473, 0.0031857, 0.0027495, 0.0025586, 0, 0.0030269, 0, 9.1e-06, 0, 0.002707, 0.0029769, 0.0028413, 0.002683, 0.0025329, 0, 0.0006597, 0, 0.0029335, 0, 0, 0.0035536, 0, 0.0012844, 0, 0.0017496, 0, 0.0015157, 0, 0.0022699, 0.001654, 0.002308, 0.0026353, 0.0021872, 0, 0, 0.0008773, 0, 0.0028871, 0.0025755, 0, 0.0018825, 0.0027096, 0.0003996, 0.0003712, 0.0003147, 0.0003358, 0, 0, 0.0005998, 0.0037644, 0.0026063, 0.0021434, 0, 0, 0, 2.56e-05, 1.9e-06, 0, 0, 0, 0.0029574, 0.0022066, 0.0027425, 0.0031124, 0, 0, 0, 0, 0, 0.0006093, 0.0032927, 0.003254, 0.0031952, 0.0030908, 0, 0, 0, 0, 0.0005381, 0.0016497, 0, 0, 0.0020654, 0.0020914, 0, 0, 0.0008309, 0.0029258, 0.0025063, 0, 0, 0.0016276, 0, 0, 0, 0.0029977, 0.0027438, 0, 0.0037956, 0.0009288, 0, 0, 0.0029839, 0.002385, 0.0024362, 0.0034416, 0.0037683, 0.0032621, 0.0034707, 0.0024469, 0.0021936, 0, 0.0038497, 0.0036701, 0.0033436, 0, 0.0035257, 0.0029023, 0.0027659, 0.0029569, 0.0005068, 0.0004079, 0.0006736, 0.0003832, 0, 0.0002802, 0, 0.0026403, 0, 0.0018945, 0, 0, 0, 0.0006143, 0.000785, 0.0005131, 0, 0, 0, 0, 0.0029018, 0.0006161, 0.0004792, 0.000594, 0.0005066, 0.002301, 0.0031237, 0.0032898, 0, 0.0023104, 0.0003027, 0, 0.0004995, 0, 0.0020178, 0, 0, 0.0024773, 0.0005247, 0.0006453, 0.0025886, 0.0034834, 0.0031609, 0, 0.0027799, 0.0008512, 0, 0, 0.0028061, 0.0024289, 0, 0.0028939, 0, 0.002774, 0.0025393, 0.0024821, 0.0025128, 0, 0.0029405, 0.0024121, 0.0020481, 0, 0, 0, 0.003674, 0, 0.0005027, 0, 0.000136, 0.0003968, 0.0005999, 0.0023868, 0.0020807, 0, 0.0031172, 0.003182, 0, 0, 0.0004068, 0.0003763, 0, 0.0024763, 0.002512, 0, 0.0016176, 0, 0, 0.0005726, 0.002396, 0.0027797, 0.0029356, 0.0026731, 0.0023753, 0, 0.0004854, 0.001916, 0.0024629, 0.0031547, 0.0038399, 0.0017874, 0.0007852, 0.0027738, 0, 0.0022862, 0.0026686, 0.0029125, 0.0031551, 0.0031015, 0, 0.0019694, 0.0025707, 0.0026755, 0.0020561, 0.001903, 0, 0.0032512, 0, 0.0020452, 0.0023036, 0.0028003, 0.0030887, 0.0001756, 0, 0.0003882, 0.000578, 0.0032517, 0, 0.0027495, 0.0027711, 0.0028685, 0, 0, 0, 0, 0.0022339, 0.0021047, 0, 0, 0, 0, 0.0022996, 0.0020388, 0, 0, 0.0016874, 0.0005499, 0, 0.0030022, 0.0024371, 0.0018613, 0.0023589, 0.0025342, 0.0027852, 0.002825, 0.0031946, 0.0024177, 0.0021385, 0, 0, 0.0034508, 0.0028501, 0.0022964, 0.0027168, 0.002825, 0, 0, 0, 0, 0, 0.0033913, 0, 0.0028036, 0, 0, 0, 0, 0.0008021, 0, 0.0019232, 0.0023577, 0.0027302, 0.0007976, 0.0011779, 0, 0.0022798, 0.0018646, 0.0022462, 0.0026329, 0.0020982, 0.0017204, 0, 0.0022619, 0.00219, 0.001901, 0.0024824, 0.0026888, 0, 0.0019448, 0, 0.0030164, 0.00313, 0.0032814, 0, 0.0009361, 0.0031806, 0.0031887, 0.0033989, 0.0030864, 0, 0.0008118, 0, 0.0021269, 0, 0, 0, 0.0019878, 0, 0.0019362, 0.0025734, 0.0027702, 0.0028053, 0.0025907, 0, 0, 0.0029475, 0.0027458, 0.0024857, 0, 0.0027424, 0, 0, 0, 0.0030775, 0.0026055, 0, 0.0027147, 0, 0.0020133, 0.0017587, 0, 0.0029236, 0.0028881, 0, 0.0031352, 0.0024454, 0, 0.0026359, 0.0025318, 0, 0.0027451, 0.0018519, 0.0023618, 0.0028647, 0.0019665, 0, 0, 0.0025519, 0.0034062, 0.0035398, 0, 0.0019782, 0.0021481, 0.0033809, 0.0038416, 0, 0.0031765, 0.0024364, 0.001863, 0, 0.0036312, 0.0028179, 0.0027802, 0.003193, 0.0030558, 0.0026757, 0.0025323, 0, 0.0022545, 0.0025194, 0.0022436, 0, 0, 0.002841, 0.0023405, 0.0019277, 0], [0, 0, 0, 0, 0, 0, 0, 0, 0, 0, 0, 0.0003493, 0, 0.0034215, 0.0025464, 0.002708, 0.0027846, 0, 0.001834, 0, 0.0024228, 0.0002058, 0, 0, 3e-07, 1e-07, 0, 0, 0.0022177, 0, 0.0022883, 0, 0, 0, 0.0002773, 0, 0.0004489, 7.33e-05, 0.0012846, 0, 0, 0.0007851, 0.0003811, 0.0022491, 0.0023818, 1e-07, 0, 0, 0.0030871, 0.0030431, 0, 0.0003929, 0.0025938, 0, 0, 0.0045234, 0, 0, 0, 0.0022568, 0, 0.002252, 0, 0, 0, 0, 0.00239, 0, 0.0003826, 0, 0, 0, 0.0018539, 0, 0.0025932, 0.0004464, 0, 0.0028536, 0.0026327, 0.0021191, 0.0029934, 0.003661, 0, 0, 0, 0.0009799, 0.0007016, 0.00035, 0, 0, 0, 0.000504, 0.0021777, 0, 1.5e-06, 0, 0, 0, 0.0016698, 0, 0.0019173, 0, 0, 0, 0, 0.0023745, 0.0028237, 0.002462, 0, 0.0011338, 0, 0.0032969, 0, 0.0003745, 0.0020949, 0.0023738, 0.0027126, 0.0027089, 0, 0.00206, 0.0025474, 0.0025883, 0.0019757, 0.0016833, 0, 0, 0.0032314, 0, 0.0026416, 0.0030654, 0.0029402, 0, 0.0018761, 0.0027971, 0.0023846, 0, 0, 0, 0.0002242, 4.89e-05, 0.0002114, 0, 0, 0, 0, 0.0014387, 0.003067, 0, 0.0022075, 0.0025073, 0.0023143, 9.14e-05, 0.0010925, 0.0011705, 0.0007184, 0.0005588, 0.0002173, 0, 7.46e-05, 0, 0.0036459, 0.0032888, 0, 0, 0.0010022, 0.0002876, 8.14e-05, 0.0001501, 0, 0, 0, 0, 0, 0.0026068, 0.0027121, 0.0025243, 0, 0, 0.0003198, 0.0002669, 0, 0.0007118, 0.0004442, 0.000665, 0.0004379, 0.0025095, 0.0026455, 0, 0.0025655, 0.0021954, 0.0002409, 0.0002273, 0.0001992, 2.3e-06, 0.0003635, 0.0004557, 0.0027683, 0.0031996, 0.0030153, 0.0031616, 0.002632, 9.67e-05, 0, 0, 5e-07, 0, 0.0026952, 0, 0, 0.0029095, 0.0026611, 2.12e-05, 0, 9e-07, 0.0004879, 0.002982, 0.0025334, 0, 0.0029712, 0.0031467, 0, 0, 0.0007835, 0.0032856, 0.0032072, 0.0035261, 0.0035176, 0, 0, 0, 0.0038437, 0.002454, 0.0024911, 0.0027965, 0, 0.000485, 0, 0.0029759, 0, 0, 0.0027317, 0, 0.002496, 0.0016326, 0.001383, 0, 0.0047948, 0, 0.0020561, 0.0015364, 0.0025047, 0.0028298, 0.0033282, 0.0031361, 0.0027591, 0.0023773, 0, 0, 0.0002997, 0, 6.59e-05, 0, 0, 0, 0, 0.0032334, 0.0031686, 0, 0.0024416, 0.0023108, 0.0001177, 0, 0, 0, 0, 0, 0, 0, 0, 0.0024893, 0.0019258, 0, 0.0026178, 0.0004694, 0.0010323, 0, 0.0004853, 0.0001415, 0.0004622, 0.0008684, 0, 0.0030185, 0.0031529, 0.0027013, 0, 0.0005231, 8.56e-05, 0, 0, 0, 0, 0, 0.0029428, 0.0032099, 0.003216, 0, 0, 0, 0, 0, 0.0014607, 0.0024341, 0, 0.0023094, 0.0031499, 0.0037211, 0, 0, 0, 0.0013179, 0, 0, 0, 0, 0.0020972, 0, 0, 0.0006803, 0.0016831, 0.0010959, 0, 0, 0.0009227, 0, 0.0013799, 0.0036861, 0.0024393, 0.0019743, 0, 0.0037084, 0.0008187, 0.0020774, 0.0021004, 0, 0, 0, 0, 0, 0, 0.0028856, 0.0028612, 0, 0, 0.0028207, 0.0032009, 0.0023499, 0.0024433, 0.0026124, 0.002482, 0, 0, 0, 0.0009379, 0.0002857, 0.0002048, 0, 0, 0, 0.0014245, 0.0032633, 0.0025532, 0.0031593, 0.0034395, 0.0033155, 0, 0.0014268, 0, 0.0011546, 0, 0.0006853, 0, 0.0031822, 0.0028536, 0, 0.0029798, 0.0033045, 0.0012095, 0, 0.0004494, 0, 0.0008991, 0.0011391, 0, 0.0036203, 0.0025004, 0.0024233, 0.0020003, 0.0008204, 0.0004625, 0.0003094, 0.0007372, 0.001122, 0.0023336, 0.0020092, 0.0016539, 0, 0, 0.0003987, 2.79e-05, 0, 0, 0, 0, 0.002353, 0, 0.0017352, 0, 0.0001868, 0.0014521, 0.0027894, 0.0023866, 0, 0.0047842, 0, 0, 0.0011164, 0.0028069, 0.0030454, 0.0029242, 0.0029394, 0.0027221, 0, 0.0033413, 0, 0.0030765, 0.0020273, 0.0023442, 0.0023144, 0, 0, 0.0025891, 0.0028572, 0.0036014, 0.0032613, 0, 0.0038582, 0, 0.0028864, 0.0033838, 0.0023294, 0.0011689, 0, 0.0003583, 0.0003193, 0, 0.0002322, 0, 0.0003401, 0.0004312, 0.0019891, 0.0020576, 0.0017228, 0, 0.0024267, 0, 0, 0, 0, 4.6e-06, 0.0004858, 0.0018545, 0, 0.0029498, 0.0027261, 0, 0, 0, 0, 0, 0.000562, 0.0027122, 0.002329, 0, 0, 0.0018891, 0, 0, 0, 0.000481, 0.0030672, 0, 0, 0, 0.0025253, 0, 0, 0, 0.0028498, 0.0029185, 0, 0.0027053, 0.0022359, 0, 0.0002488, 0, 0, 0, 0.0022052, 0, 0.0013018, 0, 0.0027287, 0, 0.0027516, 0.0021974, 0.0027609, 0.0034255, 0.0033341, 0, 0, 0.0034996, 0.0021655, 0.0022211, 0.0022335, 0.0016879, 0, 0.0022948, 0.0027765, 0.0022662, 0, 0.0004027, 0.00037, 0.000513, 0.0003825, 0.0004252, 0.0005254, 0.0020723, 0.0020313, 0.002223, 0.0023256, 0, 0.0003981, 0, 0.0005205, 0.0006631, 0, 0, 0, 0.001521, 0, 0.0014583, 0.0005573, 0.0003999, 0.0005554, 0.0005007, 0.0027509, 0.0024095, 0, 0.0024974, 0.0024049, 0.0004511, 0, 0.0006433, 0, 0.0010805, 0, 0, 0, 0.0004186, 0.0006217, 0.0023932, 0, 0.0018469, 0, 0.0026492, 0.000614, 0.001503, 0, 0, 0.0022548, 0.0022402, 0.0020719, 0, 0, 0.0043503, 0, 0.0010341, 0, 0.0017303, 0.0013447, 0, 0, 0.0025231, 0.0026744, 0.0031398, 0.003376, 0.0002706, 0, 0, 0.0004669, 0, 0, 0.0022019, 0.0025711, 0, 0.0032334, 0.0003217, 6.18e-05, 0.0004169, 0.0004334, 0.0031743, 0.0033303, 0.0031498, 0, 0.0015573, 0, 1.2e-06, 0.0007757, 0.0022484, 0.0023068, 0.0024966, 0.0023426, 0, 0, 0.0005662, 0.0024421, 0, 0.0028435, 0.0024264, 0, 0, 0.002768, 0.0024938, 0, 0.0029176, 0.0024443, 0.0026568, 0.0026759, 0.0025446, 0, 0, 0.0019854, 0.0021092, 0.0025565, 0.0028053, 0, 0, 0.0024902, 0.0028384, 0.0024936, 0, 1.5e-05, 0, 8.41e-05, 0, 0, 0.0021754, 0, 0, 0.0031445, 0, 0, 0.0007256, 0.0026841, 0.0027105, 0.0023653, 0, 0.0021825, 0, 0.000572, 0.0023488, 0.0018513, 0.0020574, 0.0017512, 0, 0.0009016, 0, 0.0027159, 0.002656, 0.0026026, 0, 0.0027442, 0.0025347, 0, 0.0032065, 0, 0.0028188, 0.0026955, 0, 0.0025316, 0.0024889, 0, 0.0024708, 0, 0.0022584, 0.0025081, 0, 0, 0, 0.0030993, 0.0031748, 0.0032666, 0.0035132, 0, 0, 0.000617, 0.0033971, 0, 0, 0.0033007, 0, 0, 0, 0.0032447, 0.0022514, 0.0025766, 0.0016682, 0.0020009, 0.0027791, 0.0029716, 0.0024254, 0, 0.0029829, 0, 0.0027236, 0.0021649, 0.002984, 0.0033866, 0, 0.0028276, 0.0024122, 0.0019102, 0, 0.0007132, 0.0027362, 0.002287, 0.002977, 0.0021108, 0.0015677, 0, 0, 0, 0, 0, 0, 0.0016268, 0.0017191, 0, 0.0025035, 0.0030168, 0.0033496, 0, 0.0022878, 0.0019813, 0, 0, 0.0031453, 0.0030687, 0.0021145, 0.0018879, 0.0008265, 0.002252, 0.002374, 0.002718, 0.0026724, 0.0025441, 0.0022318, 0.0024866, 0.0030553, 0.0025904, 0.0022075, 0.0021789, 0.0021183, 0, 0.0026753, 0.001935, 0.0020749, 0.0019489, 0, 0.003574, 0.0024439, 0.0025715, 0.0025635, 0.0022738, 0, 0.001907, 0, 0.0036075, 0, 0.003099, 0.0026016, 0, 0.0015793, 0, 0.0026095, 0.0029419, 0, 0.0019778, 0.0027803, 0.0029462, 0.0027597, 0.0031952, 0.0031686, 0.002225, 0.0025929, 0.0025374, 0.0022182, 0, 0.0022261, 0, 0.0024724, 0.0023514, 0.0022632, 0, 0.0020975, 0.0022401]]}})
      ok  87.0 s  auprc=0.7025314427279121
  [6/10] oilgas_gasturbine seed=42 ...
D:\Data\Harold\github\hsbc-quantum-fraud-2026\.venv\Lib\site-packages\eqc_models\base\results.py:172: UserWarning: Cannot evaluate objective value in results for <class 'eqc_models.ml.classifierqboost.QBoostClassifier'>. Method not implemented.
  warnings.warn(f"Cannot evaluate objective value in results for {model.__class__}. Method not implemented.")
Runtime of _build_weak_classifiers_sq: 42.15 seconds!
Built 560 weak classifiers!
Runtime of get_hamiltonian: 42.91 seconds!
2026-10-06 07:59:23 - Dirac allocation balance = 1228 s
2026-10-06 07:59:23 - Job submitted: job_id='6ac4e29b358b23d0cb3719e6'
2026-10-06 07:59:24 - QUEUED
2026-10-06 07:59:26 - RUNNING
2026-10-06 08:00:05 - COMPLETED
2026-10-06 08:00:08 - Dirac allocation balance = 1194 s
SolutionResults(solutions=array([[4.9960e-04, 1.0600e-05, 1.6742e-03, ..., 1.5622e-03, 1.9013e-03,
        2.0264e-03],
       [8.3270e-04, 0.0000e+00, 1.2195e-03, ..., 2.1668e-03, 2.3546e-03,
        2.5118e-03],
       [3.8850e-04, 0.0000e+00, 1.1919e-03, ..., 1.4617e-03, 1.4007e-03,
        1.2476e-03],
       ...,
       [0.0000e+00, 0.0000e+00, 1.4808e-03, ..., 3.5379e-03, 3.5149e-03,
        0.0000e+00],
       [0.0000e+00, 6.3000e-06, 0.0000e+00, ..., 1.9803e-03, 2.1083e-03,
        0.0000e+00],
       [7.4120e-04, 0.0000e+00, 1.4122e-03, ..., 2.4431e-03, 2.6981e-03,
        0.0000e+00]]), energies=array([-21938.4765625, -21937.5253906, -21937.2851562, -21936.9707031,
       -21936.375    , -21935.7949219, -21935.5      , -21933.6523438]), counts=array([1, 1, 1, 1, 1, 1, 1, 1]), objectives=None, run_time=[3923420429, 3763033152, 7117570400, 4867289543, 3275530338, 4045177460, 3771563768, 3122088909], preprocessing_time=2682826757, postprocessing_time=[0, 0, 0, 0, 0, 0, 0, 0], penalties=None, device='dirac-3_normalized_qudit', raw_solutions=None, time_units='ns', response={'job_info': {'job_id': '6ac4e29b358b23d0cb3719e6', 'job_submission': {'problem_config': {'normalized_qudit_hamiltonian_optimization': {'polynomial_file_id': '6ac4e297d190799f598b18f9'}}, 'device_config': {'dirac-3_normalized_qudit': {'num_samples': 8, 'relaxation_schedule': 2, 'sum_constraint': 1}}}, 'job_status': {'submitted_at_rfc3339nano': '2026-10-06T11:59:23.162Z', 'queued_at_rfc3339nano': '2026-10-06T11:59:23.162Z', 'running_at_rfc3339nano': '2026-10-06T11:59:23.757Z', 'completed_at_rfc3339nano': '2026-10-06T12:00:03.271Z'}, 'job_result': {'file_id': '6ac4e2c3d190799f598b190a', 'device_usage_s': 34}}, 'status': 'COMPLETED', 'results': {'counts': [1, 1, 1, 1, 1, 1, 1, 1], 'energies': [-21938.4765625, -21937.5253906, -21937.2851562, -21936.9707031, -21936.375, -21935.7949219, -21935.5, -21933.6523438], 'solutions': [[0.0004996, 1.06e-05, 0.0016742, 0.0009334, 0.000599, 0.0002676, 8.77e-05, 0.0005122, 0, 0, 0, 0.0021005, 0.0022883, 0.0027188, 0.0023913, 0.0027313, 0.0030257, 0, 0, 0.0023249, 0.0022513, 0.0016, 0.0017183, 0.0016192, 0, 0.0018048, 0, 0.0014046, 0, 0, 0.0019826, 0.0019078, 0.001663, 0, 0.0007921, 0, 0.0016984, 0.0018514, 0.0016638, 0.0015965, 0.0018933, 0.0018202, 0.0020156, 0.0030916, 0.0030394, 0, 0.0027449, 0.0017352, 0.0014893, 0.00175, 0.0016588, 0, 0, 0.0015564, 0, 0, 0.0017944, 0.0012128, 0, 0.0011128, 0, 0.0022441, 0.0021657, 0.0024282, 0.002341, 0.0020195, 0.0011528, 0.0014912, 0, 0.0027961, 0.0022479, 0.0025242, 0.0031379, 0.0019081, 0.001373, 0.0023616, 0.0026117, 0.002023, 0.0020362, 0.0023335, 0.0018837, 0.0017481, 0.0014561, 0, 0.0021554, 0, 0.001729, 0, 0.0010876, 0, 0.0034537, 0.0017354, 0.0020512, 0.0014681, 0.0016057, 0.0021605, 0.0020142, 0.0023832, 0.0031616, 0.0022089, 0.0022579, 0.0021827, 0.0022161, 0.0020556, 0, 0.0006993, 0.0012217, 0.0020034, 0.002663, 0.0038217, 0.0026024, 0.0022538, 0.0022276, 0, 0.0020753, 0, 0.0010921, 0.0018379, 0.0018172, 0.0022988, 0.0027368, 0.0019646, 0.0020833, 0.0025612, 0.0026001, 0.0023069, 0.0019415, 0, 0.0023162, 0.0024418, 0, 0.002394, 0.0022113, 0.0025656, 0.0018086, 0.0021274, 0.002593, 0.0022278, 0.0025782, 0.0025286, 0.0021124, 0, 0.0016604, 0, 0.0028376, 0, 0.0031595, 0, 0.0021187, 0.0018095, 0.0016391, 0.0022484, 0.002214, 0, 0.0035505, 0.0012398, 0.0013555, 0.0022227, 0, 0.0020709, 0.0024782, 0.001986, 0.0024969, 0.0029193, 0, 0.0021793, 0.002063, 0.0025291, 0.0022876, 0.0020484, 0.0017778, 0, 0.0023452, 0, 0, 0.0019686, 0.0021521, 0.0023671, 0.002503, 0.0027354, 0.0029988, 0.0024497, 0.001939, 0.0021494, 0.0029596, 0.0029447, 0.0023763, 0.0020587, 0.002235, 0.0023325, 0.002309, 0, 0.0019101, 0.0025442, 0.0025888, 0.0024383, 0, 0.0018025, 0.0020192, 0.0023429, 0.0022979, 0, 0.0028379, 0, 0.0021768, 0.0017777, 0.002905, 0.0025462, 0.0022399, 0.0024711, 0.0024462, 0, 0.0020308, 0, 0.002221, 0, 0.0020724, 0.0020712, 0.0018492, 0.0019677, 0.0021861, 0.002184, 0.001791, 0.001896, 0.0022434, 0.002351, 0.0019895, 0.0021439, 0.0023552, 0.0018221, 0.0024298, 0.0029489, 0, 0.0024907, 0.0019994, 0, 0.0016898, 0.0020988, 0.0024039, 0.0016764, 0.0016075, 0.0016502, 0.0018668, 0.0020316, 0, 0.0026429, 0.0024314, 0.0025313, 0.0029823, 0.0027814, 0.0017596, 0, 0.0019676, 0.0020205, 0.0018246, 0.0019574, 0.0019182, 0.00192, 0.0022217, 0.0028004, 0.0038671, 0.0023619, 0.0020188, 0.0020517, 0, 0.0017565, 0.0023178, 0.0021532, 0.0021788, 0.0023073, 0.0019037, 0.0021583, 0.0022159, 0.001766, 0, 0.0021383, 0.0017336, 0.0017922, 0.0027224, 0.0028216, 0.0021179, 0.0021348, 0.0024008, 0.0028974, 0.0025613, 0.0020373, 0.0024349, 0.002387, 0.0031373, 0.0036684, 0.0023729, 0.0015538, 0, 0.0018507, 0, 0.0028085, 0.0020034, 0.002052, 0.002326, 0.002491, 0, 0.002084, 0.0023822, 0.0022135, 0, 0.0024162, 0.0021586, 0.0024881, 0.0021148, 0.002224, 0.002024, 0.0020667, 0.0019486, 0.0020933, 0.0016527, 0.0015795, 0.001241, 0, 0.0015998, 0, 0, 0.0024249, 0.0019061, 0.0021474, 0.0008789, 0.0016696, 0.0020795, 0.0019159, 0.0016244, 0.0023192, 0.0026299, 0.0025306, 0.0028431, 0.0028591, 0.0028892, 0.0019732, 0.001099, 0.00129, 0.0013753, 0.0020464, 0.0022791, 0.0016678, 0.0016923, 0.0017242, 0, 0.0014396, 0.0020289, 0.0028401, 0.0023339, 0.0020944, 0.002303, 0.0023563, 0, 0, 0.0024221, 0.0019645, 0, 0.0023291, 0.0028843, 0.0021665, 0.0019503, 0.0023801, 0.0023492, 0.0023575, 0.0028143, 0.0024605, 0.0018989, 0.0019937, 0.0019384, 0.0018629, 0, 0.0033574, 0.0031518, 0.0019962, 0, 0.0020182, 0.0018831, 0.002168, 0.0022794, 0.0023731, 0.0030632, 0.0024776, 0.0017151, 0.0015868, 0, 0.0024988, 0, 0.0017149, 0.0012519, 0.0017141, 0.0018825, 0, 0.002352, 0.0019361, 0.000829, 0, 0.0024336, 0.0024106, 0.0025801, 0.0024773, 0.001391, 0.0015137, 0.0013482, 0.0014293, 0.001552, 0, 0.0023378, 0.002445, 0.002269, 0.0022269, 0.0021971, 0, 0.002729, 0.002289, 0.0022278, 0.0023647, 0.0019801, 0.0015608, 0.001477, 0.0015173, 0, 0.0014488, 0.0023201, 0, 0.00242, 0.0022682, 0.0027589, 0.0027351, 0.0021027, 0, 0.0021894, 0.0037807, 0.0034729, 0.0022145, 0.0014311, 0.0010095, 0, 0.001433, 0.0014441, 0.0014789, 0.0018199, 0.0021518, 0.0015551, 0.0019113, 0.0023466, 0.0024906, 0.002308, 0.002406, 0.0023033, 0.0011165, 0.0023883, 0.0025886, 0.0019075, 0.0017766, 0.0023193, 0.0021608, 0.0025365, 0.0024066, 0.0028289, 0.0021711, 0.0022871, 0.0025143, 0, 0.002376, 0.001906, 0.0016457, 0, 0.0031288, 0.0028308, 0.0024439, 0, 0, 0.0006805, 0, 0, 0.0024803, 0.0021725, 0.002643, 0.0023424, 0.0019867, 0.0022567, 0.0023465, 0.0029413, 0.0030271, 0.003015, 0, 0.0017665, 0.0024339, 0.0020988, 0.0020285, 0.0025012, 0.0022171, 0.0020928, 0.002082, 0.0028422, 0.0021922, 0.0017283, 0, 0, 0.0016112, 0.001616, 0.0016733, 0, 0.0021634, 0.0017628, 0.0023554, 0.0024516, 0, 0.0022976, 0, 0.0016271, 0.0018986, 0.001324, 0.0016236, 0.0016725, 0.0020808, 0.0021079, 0.0016092, 0, 0.0023579, 0.0031234, 0.0032963, 0.0024091, 0.0028587, 0.0026947, 0.0020316, 0.0015996, 0.0017263, 0.0022408, 0.002971, 0.0025797, 0.0021358, 0.0017665, 0.0017754, 0.0022137, 0.0016172, 0, 0.001243, 0, 0.0023882, 0.0026646, 0.0022338, 0.0017279, 0.0019721, 0.0020984, 0.0019619, 0, 0, 0.0029024, 0.0019413, 0.0027445, 0.0028615, 0.0025023, 0.0021955, 0.0025715, 0.0024327, 0.0015131, 0.0015622, 0.0019013, 0.0020264], [0.0008327, 0, 0.0012195, 0.0009647, 0.0007715, 0, 5.1e-06, 0.0002028, 0.0001008, 0, 0.0015042, 0.0008806, 0, 0.0019873, 0.0027224, 0, 0.0030148, 0.0030411, 0, 0.0021094, 0.0018025, 0.0017078, 0, 0.0030793, 0.0024161, 0.0027587, 0.0016484, 0.0026232, 0.0023969, 0.0021913, 0.0024443, 0.0021502, 0.0017075, 0.0003411, 0.0012643, 0.0006218, 0.0026687, 0.0025495, 0.0014782, 0.0015043, 0.0017306, 0.0019536, 0.002079, 0.0022468, 0.001741, 0.0016625, 0.0018951, 0.0018553, 0.0023343, 0.0023551, 0.0026913, 0.00254, 0.0024867, 0.001529, 0.0027895, 0.002727, 0, 0.0017811, 0.0021364, 0.0025071, 0.0028166, 0.0022001, 0.0024159, 0.0021296, 0.0020862, 0.0023548, 0.0020706, 0.002756, 0, 0.0015344, 0.0018523, 0.0019755, 0, 0.0016984, 0, 0.0025104, 0.0028876, 0, 0.002757, 0.0025292, 0.0023716, 0, 0, 0, 0, 0.0026323, 0.0023787, 0, 0.0029405, 0.0015017, 0.0018759, 0.0018361, 0.0014766, 0.0020508, 0.0021281, 0.001481, 0.0019238, 0.0026595, 0.002676, 0.0022989, 0.0025894, 0.0026072, 0, 0.0017252, 0, 0.0017539, 0, 0.0018058, 0.0019346, 0, 0.0015648, 0.0024464, 0.0028761, 0.0024014, 0.0019527, 0.0018222, 0, 0, 0.0022164, 0.0026008, 0.0027012, 0.0029075, 0.0030169, 0.0028299, 0.0019977, 0.0017245, 0.0015192, 0.0013978, 0, 0.0016476, 0.0025271, 0.0029149, 0, 0, 0.0017393, 0.0014433, 0.0015601, 0.0014351, 0, 0.0024223, 0.0017547, 0.0020604, 0.0028061, 0.0023749, 0.0027443, 0.0021505, 0.0017437, 0.0018195, 0.001814, 0.0021755, 0.0020484, 0.001954, 0.0020011, 0.0023617, 0.0022553, 0.0026985, 0.0017233, 0.001757, 0.0023479, 0.0026321, 0.0020491, 0.0026036, 0.003242, 0.0023868, 0.0022118, 0.0023423, 0.0023265, 0.0023351, 0.0022944, 0.0024362, 0.0019956, 0.0025048, 0.0023002, 0.0017956, 0.001673, 0.002178, 0.0023993, 0.0021423, 0.0016155, 0, 0.0016051, 0.0016373, 0.0013236, 0.0014577, 0.0029673, 0.0028346, 0, 0.0024043, 0.0022775, 0.0020975, 0.001816, 0.0018028, 0.0017759, 0.001633, 0, 0.0012895, 0.0018664, 0.0018394, 0, 0.0015003, 0.0018837, 0.0023906, 0.0014916, 0.0023373, 0.0026368, 0.0025677, 0, 0.0013071, 0.0025121, 0.0025559, 0.0020132, 0.0012794, 0, 0.0027836, 0.002606, 0.0018176, 0.0019639, 0.0022042, 0.0021298, 0.0023894, 0.0022489, 0.002747, 0.0037693, 0.0025131, 0.0018549, 0, 0, 0.0020748, 0.0020391, 0, 0.002836, 0.0022498, 0.0022806, 0.0023295, 0, 0.00222, 0, 0.0021221, 0.0020614, 0.0017911, 0.0012499, 0.002048, 0.0023815, 0.0023304, 0, 0.0014631, 0.0013246, 0.0012937, 0.0017596, 0.0021393, 0.0025226, 0.0024811, 0.0020945, 0.0024927, 0.0021993, 0.0024566, 0.0021733, 0, 0.0022625, 0.0022958, 0, 0, 0.0023253, 0, 0.0011363, 0, 0.0020747, 0.0025922, 0.0027448, 0.0024572, 0.0024453, 0.0018072, 0.0017496, 0.001984, 0.0024244, 0.0017035, 0.0013626, 0.000925, 0.0014008, 0.002107, 0.0024057, 0.0021992, 0, 0.0017951, 0.002035, 0.0015797, 0.0020798, 0.0020316, 0.0017035, 0.0015706, 0.0019142, 0.0020919, 0.0020928, 0.0019064, 0.0014366, 0, 0, 0.0029299, 0.0020311, 0.0010404, 0, 0.002481, 0.0022767, 0, 0, 0.0030204, 0.0017614, 0.0019077, 0.002659, 0.0031351, 0.0027278, 0.0023208, 0.0026344, 0.0020376, 0.0019165, 0.0020594, 0.002948, 0.0026504, 0.0023403, 0.0024671, 0.0023365, 0, 0, 0, 0.0016984, 0.0017835, 0.0018399, 0.0020604, 0.0018745, 0.0017326, 0.0027747, 0.0036924, 0.0028598, 0.0017457, 0.0011848, 0, 0, 0.002965, 0.0024163, 0, 0.0016616, 0, 0.0023496, 0.0023413, 0.0027044, 0.0023856, 0.0018103, 0.0023288, 0.0023604, 0.002654, 0.0015807, 0.0016871, 0.0019604, 0.0023633, 0.002709, 0.0019962, 0.0023434, 0.0017136, 0.0020984, 0.0029989, 0.0020459, 0.0022927, 0.0021388, 0.0018611, 0, 0, 0.0022324, 0, 0, 0, 0.0022468, 0.0020603, 0.0019277, 0.0019051, 0.0025322, 0.0028109, 0, 0.0023632, 0.0024935, 0.0017973, 0.0022973, 0.0031669, 0.0016239, 0.0020279, 0.002411, 0.0018764, 0.0021456, 0.0021509, 0, 0, 0.0020855, 0, 0.0021719, 0.0019446, 0.0017274, 0.0015695, 0, 0, 0.0024532, 0.0025609, 0.0023432, 0.0015949, 0, 0.0021527, 0.00253, 0.0023229, 0.0019778, 0.002448, 0.0025806, 0.002184, 0, 0, 0.0015457, 0.0017571, 0.0015766, 0.0021251, 0.0022267, 0.0025692, 0.0033874, 0.0036227, 0, 0.0020976, 0.0021838, 0.0024269, 0.0017884, 0, 0, 0.0020369, 0.001607, 0.0014103, 0.0015818, 0.0021701, 0.0019908, 0.001684, 0, 0.002981, 0.0025314, 0.0023435, 0.0030393, 0.0031287, 0.0029467, 0, 0.0022712, 0.0025183, 0.0023971, 0.0019331, 0, 0.001536, 0.0019571, 0.0017147, 0, 0, 0.0033895, 0, 0.0037886, 0, 0.0015524, 0.0024139, 0.0020758, 0.0018609, 0.0022868, 0.0021827, 0, 0, 0.0015354, 0.0018652, 0.0017769, 0.0016304, 0.0016025, 0, 0.0016088, 0.0019033, 0.0021933, 0.0017495, 0.0016391, 0.0017817, 0.0021562, 0.0021487, 0.0024748, 0.0027156, 0.0024572, 0.0020088, 0.002639, 0.0022638, 0.0018693, 0.0017595, 0.0015284, 0.0021379, 0.0024838, 0.0024151, 0.0028603, 0.0034333, 0.0022845, 0.002822, 0.003872, 0.0030541, 0.0017363, 0.0005901, 0.000862, 0.0012773, 0.0020618, 0.0020767, 0.002211, 0.0018645, 0.0016217, 0, 0.0016718, 0.0013807, 0.0012295, 0, 0, 0, 0.0030257, 0.0028484, 0.0026699, 0, 0.0027122, 0.0024379, 0.0020996, 0, 0.0022459, 0.0018118, 0.0022849, 0.002668, 0.0039141, 0.0028436, 0.0027658, 0.0021012, 0.0016253, 0, 0.0015703, 0.0011383, 0.0018808, 0.001573, 0.0019732, 0.0021203, 0.0020921, 0.0027315, 0.0033412, 0.0032498, 0.0027325, 0.0029908, 0.0026234, 0.0022343, 0.0025213, 0.0018808, 0, 0.0025368, 0.0021881, 0, 0.0024373, 0.0025918, 0.0018929, 0.001273, 0.0016186, 0.0020572, 0.0024798, 0.0021668, 0.0023546, 0.0025118], [0.0003885, 0, 0.0011919, 0.001058, 0.0007436, 0.0002196, 2e-07, 0.0002469, 0.0002133, 0, 0, 0.0021495, 0.0011229, 0.0010964, 0.0009805, 0.0008435, 0, 0.0014005, 0, 0.0021164, 0.001637, 0, 0, 0.0026825, 0.0027357, 0.0016438, 0.0013165, 0.0028326, 0.0020126, 0.0016169, 0.0017583, 0.0016684, 0.0014346, 0.0002888, 0.0017699, 0.0004992, 0, 0.0017497, 0.0016408, 0.0019118, 0.0014416, 0.0015824, 0.0017654, 0.0016229, 0.0017591, 0.001947, 0.002191, 0.0025149, 0.0024005, 0.0022544, 0, 0.0038068, 0.0028284, 0.0013009, 0.0020188, 0.0021735, 0.0028138, 0.0019295, 0.0029864, 0.0025909, 0.0021295, 0.0016839, 0.0019074, 0.0016484, 0, 0, 0.0013876, 0.0023138, 0.0019624, 0.0017469, 0.0014652, 0.0015547, 0.0021087, 0.0024575, 0.0024712, 0, 0.0020065, 0.0018905, 0, 0.002667, 0.0033446, 0.0022218, 0.0018204, 0.0026465, 0.0028483, 0.0021478, 0.002177, 0.0016346, 0.0020202, 0.0018694, 0.002346, 0.0021494, 0.0019683, 0.0021704, 0.0016941, 0.0020629, 0.0022091, 0, 0.0022151, 0.0024419, 0.0021451, 0, 0, 0.0029749, 0.0029544, 0, 0.0026988, 0.0025436, 0.0023951, 0, 0.0020056, 0.0021625, 0.0022669, 0.0022516, 0.0020837, 0.002229, 0.002465, 0.0024974, 0.0033267, 0.0024708, 0.0018218, 0.0019472, 0.0022474, 0.0028546, 0.0026625, 0.0030644, 0.0030803, 0.0024787, 0, 0.0011629, 0.0019083, 0.002377, 0.002334, 0.0017889, 0.0018954, 0.0014084, 0.0015776, 0.0015297, 0.0013536, 0, 0.0020427, 0.0024957, 0.002634, 0, 0.0028424, 0.0022415, 0.0019855, 0.0027583, 0.0029264, 0, 0.0024507, 0.0018149, 0.0028703, 0.0038347, 0, 0.002435, 0.0030423, 0, 0.0015477, 0.0012392, 0, 0.0021361, 0, 0.0016528, 0.0014886, 0.0018852, 0.0027366, 0.0035197, 0.002876, 0.0023526, 0.0014744, 0.0025012, 0.0024332, 0.0028595, 0.0016413, 0.0017001, 0.0025583, 0.0021688, 0.0015795, 0, 0.0021781, 0, 0.0021476, 0, 0.0027634, 0.0025545, 0.0023239, 0, 0.0022721, 0, 0, 0.0020576, 0.0025884, 0.0021471, 0.0017371, 0, 0.0014646, 0.0019986, 0.0022663, 0, 0.0018431, 0, 0.0024053, 0.0020396, 0.0021383, 0.0023153, 0.0020979, 0.0022834, 0.0017932, 0.0015935, 0.0014419, 0.0016428, 0.0023324, 0.0024737, 0.0032462, 0.0024673, 0.0025686, 0.0024216, 0.001362, 0.0016506, 0.0025644, 0.003291, 0.0028889, 0.0020454, 0.0019487, 0.0021259, 0.0027046, 0.0026953, 0.0030722, 0.0029699, 0.0022811, 0.0019529, 0.001637, 0, 0, 0.0027097, 0.0027507, 0.0028374, 0.0027968, 0, 0.0010141, 0, 0, 0.0023624, 0.0025794, 0.0023984, 0.0026135, 0.0024177, 0, 0.0016984, 0.0023075, 0.0027259, 0, 0.0023605, 0.0011926, 0.002181, 0.0024571, 0.0026375, 0.0029592, 0.0029475, 0.0021075, 0.0026805, 0.0031057, 0, 0.0020074, 0.0017406, 0.0014669, 0, 0.001533, 0, 0.0024688, 0, 0.0017436, 0.0021397, 0.002523, 0.00233, 0.0020756, 0, 0.0015325, 0, 0.0019003, 0.0024104, 0.0021302, 0.0026041, 0.0024787, 0, 0.0023445, 0.0028886, 0.0027527, 0, 0, 0.002453, 0.00214, 0.0028153, 0.001464, 0.0015034, 0.0020801, 0.0022159, 0.0020287, 0.0021976, 0.0021927, 0.0028523, 0.0034041, 0.0027037, 0.003001, 0.0027622, 0, 0.0014654, 0.0020587, 0.0019994, 0.0016947, 0.002436, 0.0022547, 0.0019596, 0.0017941, 0.0026898, 0.0029909, 0.001959, 0.0022976, 0.0026201, 0.0029023, 0.0023125, 0, 0.0021972, 0.0018733, 0.0019556, 0.00232, 0.0024691, 0.0022489, 0.0026645, 0.0026205, 0.0013172, 0.0014327, 0.0021041, 0.0030432, 0.0031967, 0.0022017, 0.0023931, 0.001987, 0.0021027, 0.0018683, 0.002221, 0.0025411, 0.0027895, 0.0026759, 0.0024323, 0.0025815, 0.0026631, 0, 0, 0, 0.0025873, 0, 0.0020514, 0.002141, 0.0021472, 0, 0.0027789, 0.0032939, 0.0020757, 0.0019992, 0.0026831, 0.0019248, 0.0023139, 0.0022493, 0.0020742, 0.0018691, 0.0010957, 0.0016956, 0.00191, 0.0017754, 0.0020586, 0.0026031, 0.0027524, 0, 0.0016392, 0, 0.0017013, 0.0017151, 0.0020313, 0.0022464, 0, 0.0030073, 0.0026377, 0.0027282, 0.0021159, 0.0023945, 0.0026035, 0.0018292, 0.0016981, 0.0022925, 0.0024975, 0.0022523, 0.0022277, 0.0017505, 0, 0.0020216, 0, 0.0025421, 0.0032205, 0.0027746, 0.0027959, 0.0027995, 0.0024558, 0, 0.0016398, 0.0013477, 0, 0, 0.0019671, 0.0020179, 0.0020255, 0.0020745, 0.0024394, 0.0021052, 0.0023232, 0.0016973, 0.0013966, 0.0022192, 0.0030608, 0.0023828, 0.00201, 0, 0.0018027, 0.0021358, 0.0020396, 0.0017356, 0.001755, 0.0021346, 0.0022786, 0, 0.0008593, 0, 0.0020216, 0.0016869, 0.0012495, 0, 0.0023581, 0.0023961, 0.0020659, 0, 0.0014241, 0, 0.0013795, 0.0015319, 0.0017191, 0.0018986, 0.0020224, 0.0023757, 0.002406, 0.0024489, 0.0022114, 0.0020194, 0.001343, 0.0010963, 0, 0.0028069, 0.0013387, 0.0018788, 0.0019179, 0.0023059, 0.0024791, 0.0022049, 0, 0, 0.003185, 0.0027701, 0, 0.0021023, 0.0026127, 0.0028391, 0.0020397, 0.0015825, 0, 0.0023256, 0.0019201, 0.0016012, 0.0024663, 0.0019946, 0.0014976, 0, 0.0031186, 0, 0.0020256, 0.0017545, 0.0015986, 0, 0, 0.0025955, 0.0029057, 0.0023985, 0.0025686, 0.00321, 0.0024848, 0.0021766, 0.0017718, 0.0018578, 0.0021034, 0.0029228, 0.0018275, 0.0019021, 0.0020414, 0.0020219, 0.0020618, 0, 0, 0.0020705, 0.003161, 0.0017345, 0.0021277, 0.0024427, 0.0023147, 0.0019021, 0, 0, 0.0020312, 0, 0.0037735, 0.0026995, 0.0028197, 0.0016688, 0.0020626, 0.0025225, 0.0024241, 0.0021755, 0, 0.0025963, 0.0018161, 0.0011496, 0, 0.0014864, 0, 0.0023848, 0.0020635, 0.0014675, 0.0016457, 0.0023167, 0.0015299, 0.0004959, 0, 0.0020293, 0.0015825, 0.0014921, 0.0017238, 0.001915, 0.0018116, 0.0012931, 0, 0.0025543, 0.001864, 0.002422, 0.0023255, 0.0009073, 0.0018412, 0.0024863, 0, 0.0015519, 0.0014617, 0.0014007, 0.0012476], [0.000953, 0, 0.0014117, 0.0009376, 0.0007522, 0.000345, 4.9e-06, 0.0004839, 0, 0, 0.0016578, 0.0025287, 0.0024793, 0.0019048, 0.0021541, 0.0032414, 0.003034, 0.0027244, 0.0027279, 0.0024365, 0.0016409, 0.0017965, 0.0025284, 0.0027234, 0, 0, 0, 0.0023039, 0.0022223, 0.0026155, 0.0021277, 0.0019775, 0, 0.0003459, 0.0018501, 0.0006781, 0.0020301, 0.0020265, 0.0018961, 0, 0, 0.0020003, 0.0012508, 0, 0.0019638, 0.0019303, 0.0021262, 0.002151, 0, 0.002345, 0.0024944, 0, 0.0025521, 0.001576, 0.0018435, 0.0014456, 0.0015039, 0.0016007, 0.0020618, 0, 0.0019196, 0, 0.0026845, 0.0021109, 0.0024176, 0.0020233, 0.001241, 0.0018752, 0.0016869, 0.0023825, 0.0027447, 0.0024666, 0, 0.0021599, 0.002398, 0, 0.0033237, 0, 0, 0.0022879, 0.0030601, 0.0025759, 0.0021992, 0.0023232, 0.0020145, 0, 0.0013479, 0, 0.0026403, 0.0029829, 0.0025763, 0.0018909, 0.0020506, 0.0019268, 0.0019557, 0.0017949, 0.0018095, 0.0019355, 0.0020994, 0.002207, 0.0017121, 0.00153, 0.0024154, 0.0029055, 0, 0.0029957, 0.0022504, 0.0022636, 0.0026073, 0.0021687, 0.0028307, 0.0030434, 0, 0.0022761, 0.0016093, 0.0020877, 0.0024445, 0.002722, 0.0027648, 0.0026219, 0.0027032, 0.0022859, 0, 0.0015567, 0.0017128, 0.0017702, 0.0016095, 0, 0.001719, 0, 0.0010095, 0, 0.0021692, 0.0018803, 0.0022071, 0.001933, 0.0020656, 0.0014539, 0, 0.0011505, 0.0030329, 0.002681, 0.0022362, 0.001815, 0.0020014, 0.0018416, 0.0017293, 0.0018765, 0.00192, 0, 0.0021038, 0.0028947, 0.0033107, 0, 0.0024342, 0.0017164, 0, 0.0035986, 0.0027113, 0.0020732, 0.0018914, 0.0017522, 0.0017338, 0.0015057, 0.0013138, 0, 0.0021518, 0.0018261, 0.0017448, 0.0024379, 0.0028877, 0.0018772, 0.0014599, 0, 0.0027249, 0.0026646, 0.0026214, 0.0026868, 0.002479, 0.0020677, 0.0018633, 0, 0, 0.0029116, 0.0019688, 0.0019711, 0.002118, 0.0024757, 0.002224, 0.0017176, 0.0015548, 0.0022029, 0.0026003, 0.0024041, 0, 0.0021259, 0.0025467, 0.0026396, 0.0026529, 0.0022474, 0.0019224, 0, 0, 0.0038614, 0, 0.0013386, 0.0015595, 0, 0.0026965, 0.0023371, 0, 0.0027998, 0.0021028, 0.0014657, 0.0014487, 0.0015582, 0.0019398, 0.0019803, 0.0018459, 0.0018155, 0, 0, 0.0023054, 0.0024562, 0.0024637, 0.0027, 0.0025353, 0.0022234, 0.0017705, 0.0012769, 0, 0.0018987, 0.0014686, 0.0021972, 0.0023394, 0, 0.0020681, 0.0018935, 0.0015256, 0.0024261, 0.0020138, 0.0024119, 0.0023967, 0, 0.0034807, 0, 0, 0.0023939, 0.0021118, 0, 0.0023954, 0.0025838, 0.0019223, 0.0021298, 0.0025057, 0.0029661, 0.0028758, 0.0021032, 0.0020157, 0.0011584, 0.0005935, 0, 0.0024727, 0.0026127, 0.0026903, 0.0023861, 0, 0.0012591, 0.0015025, 0.001811, 0.0027356, 0.0035544, 0.0020794, 0.0019246, 0.0021201, 0.0020205, 0.002266, 0.0023602, 0.0027182, 0.002472, 0, 0.002275, 0.0028874, 0.0020396, 0.0014829, 0.00143, 0.001663, 0.0016654, 0, 0.0015778, 0.0018278, 0.0026833, 0.0028656, 0.0027045, 0.0026175, 0.0017612, 0.0013022, 0.001383, 0.0017758, 0.0017681, 0, 0, 0.0016843, 0, 0.0023491, 0.0018542, 0.0021192, 0.002699, 0.0021415, 0.0015714, 0.0015996, 0, 0.0016907, 0.0023638, 0.0025715, 0.0028354, 0.0028659, 0.0023575, 0.0022715, 0.002541, 0.0030971, 0.0024996, 0.0023672, 0.0027522, 0.0022146, 0, 0.0028739, 0.0027559, 0, 0.0009342, 0, 0.0015442, 0.0018144, 0.001799, 0, 0.0028031, 0.0024745, 0.0027861, 0.0028875, 0.0028223, 0.0021809, 0.0018928, 0.0019912, 0.001692, 0.0020952, 0.0019828, 0.0022739, 0.0023085, 0.0016773, 0.001742, 0.0020778, 0.0021996, 0, 0.0017949, 0.0025359, 0.0026917, 0.0022037, 0.0024388, 0.0027577, 0.0024752, 0.0013625, 0.0011344, 0, 0.0025643, 0.0020442, 0.0018593, 0.0017356, 0.0022858, 0.0025698, 0.0024882, 0, 0.0020217, 0.0019587, 0, 0, 0.0018517, 0.0029266, 0.0030843, 0.0025171, 0, 0.0014783, 0, 0.0021617, 0.0025135, 0.0030826, 0.0027717, 0.0025319, 0.0020904, 0.0024462, 0.0028237, 0.0029055, 0, 0.0017759, 0, 0.0021335, 0.0019033, 0.0021181, 0.0021126, 0, 0.0012739, 0.0020056, 0.0028079, 0.0020026, 0.0017626, 0.0026541, 0.0026445, 0.0033688, 0.0030199, 0.0025955, 0.0023143, 0.0020407, 0, 0, 0.001638, 0.0020964, 0, 0.0022779, 0.0024854, 0.0025697, 0.0023349, 0.0024762, 0.0019474, 0.0018472, 0.0019171, 0, 0.0035772, 0.0025299, 0, 0.0021077, 0.0021242, 0.0022448, 0.002146, 0, 0.0015309, 0.0009077, 0, 0.0016636, 0.0025198, 0.0020075, 0.0021583, 0.0023475, 0.0024772, 0.0020496, 0, 0, 0, 0.0024314, 0.0029818, 0, 0.0022038, 0.0023192, 0.0026606, 0.0026362, 0.0031985, 0.0030398, 0.0029067, 0.0020865, 0.001684, 0, 0.0013712, 0.002206, 0.0032631, 0, 0.0022707, 0.0017957, 0, 0.0024492, 0.0023649, 0.0020952, 0, 0.0018967, 0.0019243, 0, 0.0027458, 0.0017567, 0.0019962, 0.0022729, 0.0017883, 0.0019345, 0.0025623, 0.0026344, 0.0025225, 0.0018185, 0.0022216, 0.0014657, 0.0017225, 0.0028925, 0.0023295, 0, 0, 0.0027267, 0.002542, 0, 0.0018586, 0.002271, 0.0016574, 0.001816, 0.0022067, 0.002218, 0.0022113, 0.0021228, 0.001755, 0.0012576, 0.0014044, 0.0015455, 0.0021574, 0.0033286, 0.0028945, 0.0028248, 0.0027364, 0.002288, 0.0020576, 0, 0.0030725, 0, 0.0010717, 0.0022728, 0.001896, 0.0017018, 0.002077, 0.0020486, 0.0023783, 0.001665, 0.0016871, 0.0019513, 0.0020036, 0, 0.0021115, 0.0023113, 0.0029249, 0.0028752, 0, 0.0017214, 0.0026069, 0.0026696, 0.0020134, 0.0017116, 0, 0, 0.0021306, 0.0025608, 0.0021627, 0.0021402, 0.0023441, 0.00251, 0.0018885, 0.001363, 0.0014969, 0.0015099, 0.0014483, 0, 0.0024664, 0.0021958, 0, 0.001579, 0.001815, 0.0018893, 0.0022701, 0.0023072, 0.0021645], [0.0006269, 1.48e-05, 0.001576, 0, 0.0008804, 0.0003898, 0.0001308, 0.0005375, 0.0003824, 1e-07, 0.0020002, 0.0016683, 0.001699, 0.0024148, 0.0018357, 0.0021189, 0.0026204, 0.0030038, 0.002842, 0.0017686, 0.0018821, 0.0022867, 0.0020354, 0.0028666, 0.0031184, 0.002872, 0, 0.0014546, 0.0012111, 0, 0.0017947, 0.0017485, 0.0017651, 0.0002935, 0, 0.0006175, 0.0020243, 0.0020768, 0.002053, 0, 0.001768, 0.0017791, 0.0023053, 0.0026255, 0, 0.0017988, 0.0019995, 0.0023334, 0.0029821, 0.0028107, 0.0023909, 0.0018411, 0, 0.0012817, 0.0019274, 0, 0.0017207, 0.001718, 0.0020068, 0.0018533, 0.0020259, 0.0023661, 0.0026141, 0.002679, 0.0023938, 0.0020404, 0.001254, 0.0023811, 0.0021638, 0.0019397, 0.0018073, 0.0020055, 0.0020584, 0, 0.0030128, 0.0027686, 0, 0.0029006, 0.0026269, 0.0029342, 0.0027403, 0.0025254, 0, 0.0022735, 0.0029278, 0.0030332, 0.0029104, 0.002575, 0.0027987, 0.0029658, 0.0028381, 0, 0.0026893, 0, 0, 0.0017201, 0.0026245, 0, 0, 0, 0, 0.0024347, 0.0023465, 0.0022064, 0.0018791, 0.002432, 0.0016039, 0.0020701, 0.0022705, 0.0023887, 0.0022351, 0.0024227, 0.0025781, 0.0022446, 0, 0.0012076, 0.0017394, 0.00213, 0.0024776, 0.0024417, 0.002761, 0.0028057, 0.0022813, 0.0018858, 0.001619, 0.0014758, 0, 0.0015597, 0.0017743, 0, 0.0021469, 0.0020776, 0.0019309, 0.0017616, 0, 0, 0.0022441, 0.0021719, 0.001439, 0.0012047, 0, 0.002628, 0.003724, 0.0029492, 0.0025926, 0.0029992, 0.0034169, 0.0031694, 0.0019577, 0.0021992, 0.0022822, 0.0021934, 0.0026, 0.0025816, 0.0016416, 0.0015984, 0.0029823, 0.0025149, 0.0025345, 0.0032268, 0.0026452, 0.0028086, 0.0022889, 0.0022429, 0.0017023, 0.00151, 0.0015109, 0.0016972, 0.0022023, 0.0022714, 0.0031502, 0.0026661, 0.0027969, 0.0031281, 0.0025318, 0.0026968, 0.00286, 0.0021102, 0.0016705, 0.0017841, 0.0022383, 0.0025567, 0.0015657, 0.002395, 0.0020789, 0.0017589, 0.0029701, 0.0033085, 0.0025346, 0.0020564, 0.0022385, 0.0027083, 0.0026619, 0.0029848, 0.0027311, 0.0021957, 0, 0.0021243, 0.0027006, 0.0028019, 0.0026773, 0, 0, 0, 0, 0.0019108, 0.0013572, 0.0014542, 0.0017473, 0.0020523, 0.0021513, 0.0019779, 0.0019456, 0, 0, 0, 0.0023506, 0.0017884, 0.0013122, 0.0016493, 0.0021988, 0.0019365, 0, 0.0019851, 0.0024198, 0, 0.0019612, 0.0018383, 0, 0.0020786, 0.0023394, 0.0027579, 0.002064, 0, 0.0016333, 0.0021251, 0.00237, 0, 0, 0.0025152, 0.0022309, 0.0027694, 0.0027779, 0.001833, 0.0018403, 0.0015995, 0.001547, 0.0019005, 0.0016751, 0.0008234, 0, 0.0015958, 0.0021231, 0.0020364, 0.0019367, 0.0015163, 0.0011854, 0.0006929, 0, 0.0017794, 0.0020329, 0.0020507, 0.0026327, 0.0027576, 0.0026853, 0.0029359, 0.0025019, 0.002044, 0.0019574, 0.0017165, 0, 0.0025353, 0.0032275, 0.0044232, 0.0033202, 0.00268, 0, 0.0027048, 0.0027233, 0, 0.0019953, 0.0025864, 0.002413, 0.0020896, 0.0021113, 0.0025124, 0.0019128, 0, 0.002476, 0.0031805, 0.0021888, 0.0015251, 0, 0.0020465, 0.0012376, 0.0007066, 0.0020735, 0.0029692, 0.0031995, 0, 0.0022463, 0.0029119, 0.0017798, 0.0023498, 0.0019704, 0.0020317, 0.0020227, 0.002282, 0.0020757, 0.0022369, 0.0016052, 0.0017958, 0.0018043, 0.0021058, 0.0018916, 0, 0.0031033, 0.0022819, 0.0021243, 0.0020812, 0.0026245, 0.0025866, 0, 0, 0.0021185, 0.0020264, 0.0015253, 0.0020617, 0.0024657, 0.0021969, 0, 0.0016209, 0.0018419, 0, 0.0033167, 0.0020648, 0, 0.0008208, 0.0019128, 0.0024964, 0.0025179, 0, 0, 0.0024558, 0.0020467, 0.0025408, 0.0028281, 0, 0, 0.0026068, 0.002541, 0.0020056, 0.0017901, 0.0018999, 0.0021651, 0.0017637, 0.0013572, 0, 0.0017792, 0, 0.0018908, 0.0029462, 0.0021863, 0.0016681, 0.0022385, 0.0036192, 0.0029146, 0.0023546, 0.0021666, 0, 0.0010738, 0.0008958, 0, 0.002062, 0.0020446, 0.0014828, 0.0020192, 0.0025469, 0.0025723, 0.0025644, 0.0022321, 0, 0.001945, 0.0020084, 0.0018359, 0.0016814, 0, 0.0022996, 0.0023013, 0.0017482, 0.0014946, 0.0017892, 0.0015456, 0.001626, 0.001769, 0, 0, 0.0029603, 0.0026156, 0, 0.0024256, 0.0025391, 0.0020211, 0.0021986, 0.0017289, 0.0014768, 0, 0.0010862, 0, 0.0021857, 0, 0.0028259, 0.0027371, 0, 0.0018179, 0.0018861, 0.00193, 0.0018692, 0, 0.0022956, 0.0023229, 0.0020439, 0, 0.0026269, 0.0021658, 0.0022374, 0.0023763, 0.0022577, 0, 0.0026878, 0.0017616, 0.0022505, 0.0019702, 0.0022889, 0.0025793, 0.0032057, 0.003201, 0.002613, 0, 0.0023851, 0, 0.0022698, 0.0018091, 0, 0.0023577, 0.0021382, 0, 0.0024843, 0.0026804, 0.0025653, 0, 0.0017697, 0.0018551, 0.0021885, 0.0022359, 0.0022756, 0.0023345, 0.0027454, 0.0020164, 0.0023288, 0.0022664, 0.0021062, 0.0021246, 0.0022166, 0.0022537, 0.0019074, 0.001627, 0, 0.0027938, 0.0016729, 0.0022164, 0.0029997, 0, 0.0015937, 0.0009431, 0, 0.0026849, 0.001647, 0.001189, 0, 0.0016553, 0.0022907, 0.0021059, 0.0017807, 0.0023568, 0.0028714, 0.0024005, 0.001921, 0.0025356, 0.0023786, 0, 0.0019187, 0.0013528, 0, 0.0015666, 0.0016904, 0, 0.0023771, 0.00205, 0.0020839, 0.0025794, 0.0021574, 0, 0.0024103, 0.002623, 0.0024086, 0.0015517, 0.0017776, 0.0018707, 0, 0.0027819, 0.0023975, 0.0020762, 0, 0, 0, 0.0020897, 0.0019398, 0, 0.0033369, 0.0027386, 0.0027646, 0.0028026, 0.0019967, 0.0022631, 0.0022391, 0.0019524, 0.001625, 0.0019553, 0.0016721, 0.0014763, 0.0013772, 0, 0.0014285, 0, 0.0028692, 0.0015705, 0.0017281, 0.0024131, 0.0026748, 0.0025391, 0.0027283, 0.0025732, 0, 0, 0, 0.0026113, 0.0023281, 0.0016301, 0.0013564, 0.0014283, 0.001793, 0.0016331, 0, 0.0023229, 0.0027087, 0.003143, 0.0023966, 0.0019664, 0], [0, 0, 0.0014808, 0.0008591, 0.0003814, 0.0002058, 0, 0.0006139, 0.0004911, 0, 0.0017024, 0.0016389, 0.0021468, 0.0025377, 0.0023584, 0, 0.0015125, 0.001588, 0.0018758, 0.0017698, 0.0017369, 0, 0.0021663, 0.0023729, 0.0012817, 0.002391, 0.0012943, 0, 0, 0.0019641, 0.0016885, 0.0015199, 0, 0.0004766, 0.0019107, 0.0006536, 0.0021314, 0.0017434, 0.001545, 0, 0.0022982, 0.0022818, 0, 0.0019967, 0.0017672, 0.0022693, 0.0020041, 0.0024527, 0.0028452, 0.0028005, 0.0020706, 0.0024525, 0.003278, 0.0013779, 0.002245, 0.0019224, 0.0021603, 0.0017025, 0, 0.0022385, 0.0028797, 0, 0.0015809, 0.0025105, 0.0028329, 0.0026999, 0.0017594, 0, 0.002079, 0.0021812, 0.0014806, 0.0013689, 0.0018809, 0.002062, 0.0018585, 0.0023378, 0.0024403, 0.0024921, 0.0025468, 0.0021799, 0.0020436, 0.0016091, 0, 0.0024943, 0.0025777, 0, 0.0029354, 0.0024579, 0.0023866, 0, 0.0032539, 0.0022609, 0.0022252, 0.0013776, 0.0017413, 0.0024083, 0, 0.0025925, 0.0020061, 0.0019564, 0.0024728, 0.0028186, 0.0025569, 0.0030102, 0.0026722, 0.0018547, 0.0027417, 0.0031987, 0, 0.0016857, 0.0020873, 0.0026343, 0.0023305, 0.0020765, 0.0029583, 0.0030492, 0.0027192, 0.0033386, 0.0033963, 0, 0.0024926, 0, 0.0022897, 0.001985, 0.0014046, 0, 0.0026657, 0, 0, 0.0017996, 0.0019521, 0.0026708, 0.0021133, 0.0020254, 0.0021799, 0.0021007, 0.0022087, 0.0034821, 0.002464, 0.0016606, 0.0020632, 0.0028431, 0.0028706, 0.0027237, 0.0025919, 0.002783, 0.0028218, 0, 0.0030148, 0, 0, 0.0022257, 0.0026984, 0.0023953, 0.0020507, 0.0021359, 0.0017632, 0.00225, 0.0025361, 0.0023738, 0.0020448, 0.0018453, 0.0021765, 0.0028419, 0.0020148, 0.0015329, 0.0020221, 0.0026388, 0.0024211, 0, 0.0028635, 0.0020107, 0.001551, 0.0023649, 0.0028745, 0.0033332, 0.0028852, 0.0020431, 0.0024499, 0.0026348, 0, 0.0011696, 0.0020056, 0.0033963, 0.0027813, 0.0023302, 0.0025722, 0.0020224, 0.0018162, 0.0027228, 0.0026548, 0.0019697, 0, 0.0012781, 0, 0, 0.0014916, 0.0007314, 0, 0.0021752, 0, 0.0019225, 0.0023349, 0.003528, 0.0032197, 0.0020129, 0.0019943, 0.0020309, 0.0023546, 0.0021742, 0.0022407, 0.002159, 0.0020314, 0.0022723, 0.0026903, 0.0023472, 0.0015152, 0, 0.0027456, 0.0018517, 0, 0.0025792, 0.0024565, 0, 0.0019644, 0.0019678, 0.0019338, 0.0021546, 0.0021531, 0, 0, 0, 0.0020736, 0.0020517, 0, 0, 0.0017579, 0.0021793, 0.0013671, 0.0015448, 0.0021991, 0.0027602, 0.0026067, 0, 0.001539, 0.0014101, 0.0016632, 0.0024292, 0.0019545, 0.0021145, 0.0019264, 0.0023869, 0.0027469, 0, 0.0017918, 0.0017341, 0.0018608, 0.0023451, 0.0021569, 0.0029576, 0.003088, 0.0024057, 0, 0.0028963, 0, 0.0018652, 0.0018345, 0, 0.0027164, 0.0024117, 0.0013925, 0.0018964, 0.0021137, 0.0023404, 0.0024883, 0.0025643, 0.0024838, 0, 0.0023178, 0.0025818, 0.0026849, 0.0023882, 0, 0.0027955, 0.0022509, 0.0025302, 0.002934, 0.002437, 0.0026668, 0.0020084, 0.0021197, 0.0026127, 0.0021305, 0.0019982, 0.0012766, 0.0011807, 0.0017065, 0.0019954, 0.0014944, 0.0010516, 0, 0, 0.0017149, 0, 0, 0.0039527, 0.0025598, 0, 0.0024637, 0.0024163, 0.0029738, 0.0032261, 0.0031528, 0, 0.0030228, 0.0030366, 0.0024275, 0.0022251, 0.0023396, 0.0017175, 0.0019627, 0.0025353, 0.0018395, 0.0018753, 0.0024163, 0.0018131, 0.0015479, 0, 0.0017988, 0.0021248, 0.0021084, 0.0014531, 0.0013202, 0.0018341, 0.0020428, 0, 0.0031668, 0.0021872, 0.0009579, 0.001551, 0.0020412, 0.001499, 0.0014012, 0.0015363, 0.00229, 0.0033042, 0.0038133, 0, 0.0026638, 0.0021324, 0.0022471, 0.0026107, 0.002609, 0, 0.0013226, 0.0022911, 0.0021811, 0, 0.0037165, 0.0018115, 0.001092, 0, 0.0026013, 0.0016575, 0.0016526, 0.0015876, 0.0012633, 0.0010156, 0.0013024, 0.001729, 0.00223, 0.0027632, 0.0022125, 0.0023495, 0.0022833, 0.0019438, 0.0020357, 0.0018867, 0.0017673, 0.0019825, 0.0010459, 0.0015605, 0.0028336, 0.0025271, 0.0014444, 0.0016986, 0.0019521, 0.0026238, 0.0024804, 0, 0, 0.0035059, 0.0028369, 0.0019187, 0.0015242, 0, 0.000672, 0, 0.0024179, 0.0024153, 0.0024834, 0.0021874, 0.0018697, 0.002401, 0.0025967, 0.0017397, 0.0012692, 0, 0.0028625, 0.0025831, 0, 0, 0.0021098, 0, 0.0022853, 0.0021937, 0.001887, 0, 0.0027861, 0.0026363, 0, 0.0025195, 0.0031703, 0.0027882, 0.0017386, 0.0025265, 0.0021234, 0.0017338, 0, 0, 0.0019126, 0.0018071, 0.0024663, 0.0023975, 0.0025543, 0.0025655, 0, 0.0019191, 0, 0.0019452, 0.0021103, 0.0023541, 0.0019953, 0.0022484, 0, 0, 0.0025418, 0.0017827, 0.0022584, 0.0028164, 0.0018279, 0.0019242, 0.0023801, 0.0011286, 0, 0, 0.0017931, 0.0022252, 0.0025124, 0.0016798, 0.0020469, 0.0024491, 0, 0.002207, 0.0023694, 0.0018995, 0.0020936, 0.0020298, 0, 0.0019973, 0.0015505, 0.00207, 0.0016774, 0.0013701, 0, 0, 0.0016044, 0.0015217, 0.0016691, 0, 0.002728, 0.0032897, 0.0027771, 0.0020307, 0.0022517, 0.0025242, 0.0021431, 0.0019268, 0, 0, 0.0009316, 0, 0.0025094, 0.0025437, 0.0027004, 0.0019661, 0.0015459, 0, 0.0022386, 0.0025081, 0, 0.0021295, 0.0024597, 0.0027665, 0, 0, 0.0032568, 0.0022059, 0.0022794, 0.0021696, 0, 0, 0.0030132, 0.0022932, 0.0013645, 0, 0, 0.001199, 0.0021448, 0.0019476, 0.0019478, 0.0016912, 0.0023439, 0.0024957, 0, 0.0018833, 0.0023405, 0.0020446, 0.00137, 0.0020276, 0.0023817, 0.0025226, 0.0023219, 0.001801, 0, 0.0028858, 0.0019405, 0.0016103, 0.0016151, 0.0019599, 0.0019988, 0, 0.001833, 0.002175, 0.0020504, 0.0022161, 0.0023698, 0.0020288, 0.0028736, 0.0033587, 0, 0.0009885, 0.0012591, 0.0028622, 0.0021494, 0.0021737, 0.0028839, 0.0035379, 0.0035149, 0], [0, 6.3e-06, 0, 0.0013854, 0.001028, 0.0003697, 0.000101, 0.0005981, 0.0006457, 4e-07, 0.0025888, 0.0019947, 0.0016619, 0.0018809, 0.0023546, 0.0024962, 0.0027144, 0.00266, 0.0023522, 0, 0.0007515, 0.0018585, 0.0027148, 0.0027436, 0, 0.0016824, 0.0012286, 0.0018654, 0.0025767, 0.0026043, 0.0019438, 0.0014881, 0, 0.0003608, 0.0009544, 0.0005111, 0.0016257, 0, 0, 0, 0, 0.0016221, 0.0017299, 0.0017483, 0, 0.0021547, 0.0025683, 0.0021485, 0.0022048, 0.0021836, 0.0018946, 0.0020425, 0.0015193, 0.0007747, 0, 0.0016972, 0, 0.0024363, 0.0023863, 0.001831, 0.0026399, 0.0024238, 0.002315, 0.0025801, 0.0022402, 0.0025311, 0.0019428, 0.0013968, 0.0018617, 0.0024651, 0.0028849, 0.0011588, 0.0014411, 0.0020544, 0.0020863, 0.0023556, 0.0017468, 0.0018651, 0.002294, 0.0022054, 0.0020145, 0.0018242, 0.0016398, 0.001584, 0, 0.0016297, 0.0010934, 0.0006383, 0, 0.0022939, 0.0024479, 0, 0.0026126, 0.0018394, 0.0017824, 0.0017382, 0.001366, 0, 0.0019303, 0.0013314, 0.0023553, 0.0025466, 0, 0, 0.0026529, 0.0023552, 0.0024248, 0.0029024, 0.0031907, 0.0025557, 0, 0.0016564, 0.0022078, 0.0018403, 0.0018912, 0.0027965, 0.001982, 0.0025549, 0.0032327, 0.0028465, 0, 0.0024471, 0.0019496, 0.0016633, 0, 0.0025507, 0.0021927, 0.0020941, 0, 0.0029013, 0.0017806, 0.0019129, 0.0021825, 0.0022121, 0, 0.0019446, 0.002803, 0.0028824, 0.002535, 0, 0.0022022, 0.0019242, 0, 0.002752, 0.0017898, 0.0015114, 0.0016477, 0.0020166, 0.0019613, 0.0029094, 0.0028205, 0.0022716, 0.0020541, 0.001691, 0.0014882, 0, 0.0026209, 0.0030527, 0.003405, 0.0027781, 0.0022667, 0.002148, 0.0016197, 0.0013062, 0, 0.003062, 0.0025407, 0.0018607, 0.0015569, 0.0020357, 0.0020067, 0, 0.0020466, 0.0021823, 0, 0, 0.0021754, 0.0012147, 0.0009771, 0, 0, 0.0022537, 0.0014427, 0.0018783, 0.002378, 0.0024342, 0.001952, 0.0017309, 0.001912, 0.0024416, 0.0020104, 0.0013423, 0, 0.0024521, 0.0025578, 0, 0.0025141, 0.0031177, 0.0029783, 0.0025578, 0, 0.001914, 0.0025062, 0.0030082, 0.0031838, 0.0025128, 0.0023105, 0.0018511, 0.0016507, 0, 0.0023967, 0.001957, 0.002382, 0.0025035, 0.0029186, 0.0015267, 0.0010401, 0, 0.0018724, 0.0014885, 0, 0.0024894, 0.0031389, 0.0034542, 0.0032573, 0.0030937, 0.0029827, 0.0024362, 0.0020468, 0, 0.0023311, 0.0022246, 0.0016389, 0.002508, 0.001966, 0.0013214, 0, 0.0018728, 0.0025276, 0.0022566, 0.0022329, 0.0017969, 0.0017485, 0.0022184, 0.002519, 0.0022779, 0, 0.0022099, 0, 0, 0.0020612, 0.0019683, 0, 0.0017382, 0.0024854, 0.0025533, 0.0026298, 0.0022813, 0.0015036, 0.0019248, 0.0020496, 0, 0.0027666, 0.0019938, 0, 0, 0.0024835, 0.0021346, 0.002085, 0.002552, 0.0034899, 0.0034559, 0, 0.0018832, 0.0020863, 0, 0.0032537, 0.00241, 0.0021938, 0, 0.0006127, 0, 0.0024356, 0.0023454, 0.0026008, 0.0028483, 0.0019952, 0.0018917, 0.0018693, 0.0019993, 0.0021815, 0.0020216, 0, 0.0016523, 0.0021983, 0.003105, 0.0028021, 0.0024743, 0.0019653, 0.0023115, 0.0030081, 0.002495, 0.0013307, 0.0015143, 0.0024361, 0.0028871, 0.0022175, 0.0016301, 0.0015743, 0.0023209, 0.0022166, 0.0022649, 0.0024178, 0.0022008, 0.001819, 0, 0.002725, 0.002432, 0.0031294, 0.0031117, 0.0024251, 0.0022697, 0.0022225, 0.002228, 0, 0.0027802, 0.0024157, 0.0022007, 0.0024246, 0.0022611, 0.0025639, 0.0032865, 0.0029506, 0, 0, 0.0012848, 0.0018174, 0.0021154, 0, 0.0031454, 0.0027965, 0.002504, 0.0018336, 0, 0.0014101, 0, 0.0016121, 0.0021383, 0.0023626, 0.0023326, 0.0025379, 0.0025142, 0.0022391, 0.0019244, 0.0014013, 0.0016951, 0.0025783, 0.0029522, 0.0028104, 0.0023281, 0.003097, 0.0027013, 0.0023648, 0.0019184, 0.0016157, 0, 0.0010104, 0, 0.0017721, 0.0022517, 0.00232, 0.0024636, 0.0016027, 0.0015211, 0.0020342, 0.0022491, 0.0026538, 0.0020279, 0.0015986, 0.0024257, 0.0024899, 0.0025439, 0.0016457, 0.0017522, 0.0023343, 0.0023434, 0.00208, 0.002406, 0.0025608, 0.0024576, 0.0019391, 0.0013834, 0, 0.0018274, 0.0019087, 0, 0.0013843, 0, 0.0017483, 0.0021724, 0, 0.0026802, 0.002119, 0, 0.0025583, 0.002312, 0.0024256, 0.0025464, 0.0018393, 0.0015662, 0.0017096, 0.0016447, 0.0015041, 0, 0.0015215, 0.0023529, 0.0027417, 0, 0.0038534, 0.0032613, 0, 0, 0.0018296, 0.0019726, 0.0022117, 0.0021159, 0.0026939, 0.0028633, 0, 0.0023915, 0.0029356, 0.0023481, 0.0025067, 0.0021805, 0.0013185, 0, 0.002004, 0.0027388, 0.0026651, 0.0023226, 0.0021488, 0, 0.001705, 0, 0.0026771, 0.0027121, 0.0024038, 0, 0.002259, 0.0018702, 0.0023504, 0.0027469, 0.0022482, 0.0019935, 0.0022449, 0.0031679, 0.0045283, 0.0026327, 0.0021707, 0.0020334, 0, 0.0013169, 0.0016896, 0.0020793, 0, 0.0026267, 0.0024704, 0.0022441, 0.0022587, 0, 0.0024178, 0.0029275, 0.0027621, 0.0031272, 0.0028068, 0.0022104, 0, 0, 0.0025301, 0.0020042, 0.0017624, 0, 0.0023955, 0.0017642, 0.0023621, 0.0029927, 0.0020926, 0.0012827, 0, 0.0025281, 0.0028247, 0.0024611, 0.0018173, 0, 0.0020541, 0.0017299, 0.0011594, 0.0010235, 0.0012379, 0.0015492, 0.0024163, 0.0022324, 0, 0, 0.0024635, 0.0017562, 0, 0, 0.0027178, 0.0025223, 0.0028147, 0.0023412, 0, 0.0025047, 0.0022831, 0.0025445, 0.0018967, 0, 0.0022946, 0.0007439, 0, 0, 0, 0, 0.0008464, 0, 0.0033596, 0.0027314, 0.0019864, 0.0024248, 0.0029589, 0.0029853, 0.0023755, 0, 0.0022528, 0.0025228, 0.0018346, 0.0017509, 0.0020695, 0.002074, 0.001918, 0.0018792, 0.0018455, 0, 0.0021457, 0.0021616, 0.0020023, 0, 0.0014625, 0, 0.0022734, 0.0025019, 0.0026526, 0.0033255, 0.0028079, 0.0026648, 0.0020257, 0.0019803, 0.0021083, 0], [0.0007412, 0, 0.0014122, 0.0006146, 0, 0, 6.92e-05, 0.0004596, 0, 0, 0.0018142, 0.0024743, 0.0025237, 0.0025639, 0.0022906, 0.0025658, 0.0028405, 0.0015638, 0.0021279, 0.0025286, 0.0031999, 0.003311, 0, 0.0015957, 0.0013706, 0, 0.0018703, 0.0019439, 0, 0.0014906, 0, 0, 0.002452, 0.0004603, 0.0026927, 0.0005921, 0.0018172, 0.0017266, 0.001466, 0.001653, 0.002188, 0.0029635, 0.0026546, 0.0020698, 0.0012867, 0.0014562, 0.00161, 0, 0.0019938, 0, 0.0023494, 0.001583, 0.0017188, 0.0015031, 0.0028998, 0.003053, 0.0027595, 0, 0.0024152, 0.0031914, 0.0029571, 0.0028913, 0.0027519, 0.0020056, 0.0021992, 0.002646, 0.0011722, 0, 0.0022483, 0.0022803, 0, 0.002179, 0.0021712, 0.0021255, 0.0020791, 0.0029079, 0.0029277, 0.00262, 0, 0, 0, 0.0028461, 0.0022334, 0.0023274, 0, 0.0023414, 0, 0, 0, 0.0027454, 0, 0.0026466, 0.0020703, 0.001713, 0.0010257, 0, 0.0026106, 0.0024565, 0.0022194, 0.0023993, 0.0025347, 0.0027899, 0.0029668, 0.0019528, 0.0024691, 0.0022749, 0.0028649, 0.0028622, 0.0021273, 0.0022984, 0.0023787, 0.002255, 0.002257, 0.0022705, 0, 0.00198, 0.0017688, 0.0017786, 0.0019992, 0.0017948, 0.0016249, 0, 0.0015874, 0.0009731, 0, 0.0008403, 0.0007033, 0, 0.0025178, 0.0025102, 0.002653, 0.0028494, 0.00197, 0.0017369, 0.0016622, 0, 0, 0.0020128, 0.0022965, 0.0028858, 0.0029073, 0.0027747, 0, 0, 0, 0.0022496, 0.0021272, 0.0024577, 0.0028683, 0.0021698, 0.0018795, 0.0024139, 0.002059, 0.0017225, 0, 0.0024668, 0.0021676, 0, 0.0023992, 0.0018881, 0.0019115, 0.0022511, 0.0017583, 0.0016238, 0.0015981, 0, 0.0035368, 0.0027123, 0.0019672, 0.0023635, 0.0023457, 0.0021208, 0, 0.001895, 0.0020502, 0.0017856, 0, 0.0023716, 0.001873, 0, 0.0022699, 0.0019192, 0.0021944, 0.001811, 0, 0.0011135, 0.0012912, 0.0014615, 0, 0.0020475, 0.0015616, 0, 0.0027057, 0.0023377, 0.0023877, 0.0030996, 0.0029094, 0, 0.0018803, 0, 0.0009587, 0, 0.0017209, 0.0025642, 0.0024924, 0.003085, 0.0028423, 0.0024699, 0, 0.0022064, 0.0024307, 0.0021164, 0, 0.0023552, 0, 0.0023872, 0, 0.002012, 0, 0.0017272, 0.0016956, 0.0012271, 0, 0.0024974, 0.0024965, 0.0016249, 0.0017372, 0.0013417, 0.0014141, 0.0014709, 0, 0.0020253, 0.0013463, 0.0021663, 0.0026057, 0.0024052, 0, 0.0019453, 0.0025878, 0.0027773, 0.0014248, 0.0018894, 0.0020477, 0.0025362, 0.00278, 0, 0.00189, 0.0024011, 0.0029608, 0.0025263, 0, 0.001883, 0.002389, 0.0022881, 0.0017906, 0.0021761, 0.0026612, 0.0024088, 0.0028175, 0.0031556, 0.00213, 0.0022078, 0.0022801, 0.0021459, 0.0021794, 0.0025333, 0.0017173, 0.001334, 0.0017965, 0.0017121, 0, 0.0018338, 0, 0.0030805, 0.0034693, 0.00298, 0.0023533, 0.0016223, 0.0021537, 0.0022329, 0.0026403, 0.0024608, 0.0028639, 0.0020929, 0.0017426, 0.0017971, 0.0010736, 0, 0.0021796, 0.0015102, 0, 0.0024071, 0.0026462, 0.0020143, 0.0018917, 0.0019134, 0.0021557, 0.00187, 0.0018051, 0.0019961, 0.0016784, 0, 0.0022609, 0.0027477, 0, 0, 0.002414, 0.0019298, 0.0015856, 0, 0.0027773, 0.0025833, 0.0027252, 0.0028467, 0.0026393, 0.0025361, 0.001965, 0.0015705, 0.0012948, 0, 0.0013959, 0, 0.0043509, 0.0038717, 0, 0.0019888, 0, 0, 0.0018811, 0.0020068, 0.0017978, 0.0024033, 0.0029655, 0.0021934, 0.0022236, 0.002138, 0, 0.0024074, 0.0014549, 0.0022688, 0.0027265, 0.0031763, 0.0028253, 0.0016866, 0.0020881, 0.002297, 0.0023973, 0, 0.0019078, 0, 0, 0.0027154, 0.0019918, 0.0028533, 0.0026611, 0.003017, 0.0028837, 0, 0.0026909, 0.0024629, 0.0024295, 0.0020853, 0.0018909, 0.0018352, 0, 0, 0.0036418, 0.0023155, 0.0015959, 0, 0.0020799, 0.0025781, 0.0031872, 0.0028375, 0.0025922, 0.0023737, 0.0025914, 0.0024497, 0.0027893, 0.0025148, 0.0019504, 0.0023267, 0.0021935, 0.0024594, 0.0022888, 0, 0, 0.0030006, 0.0026857, 0.0023957, 0, 0.0013501, 0.0015856, 0.0017604, 0, 0.0022157, 0.0022102, 0, 0.0023643, 0.0022841, 0.0024893, 0.0023819, 0.0024513, 0.002129, 0.0023388, 0.0020889, 0.002208, 0.0035849, 0.0029099, 0.0028841, 0.0027183, 0.0027054, 0.0021533, 0.0024982, 0.0027222, 0.0022804, 0.0020029, 0.0027082, 0.0020812, 0.0024475, 0.0020487, 0.0017032, 0, 0.0020965, 0.001999, 0.001642, 0.0018751, 0.0029635, 0.0034093, 0, 0.0017398, 0.0012258, 0.0017461, 0.0025143, 0.0026995, 0.0026526, 0, 0.0016314, 0, 0.0022198, 0.0035273, 0.003115, 0.0022244, 0.0027978, 0.0035461, 0.0025708, 0.0020055, 0, 0.0035528, 0.002941, 0.0018829, 0, 0.0021538, 0.0020757, 0.0017748, 0.0014442, 0, 0.0025035, 0, 0.0020614, 0, 0.0027456, 0, 0.0027002, 0.0031701, 0.0005929, 0.0011901, 0.0015267, 0, 0.0026452, 0.0025967, 0, 0, 0.0021861, 0.0024699, 0.0026383, 0.0026561, 0.0020976, 0.0018066, 0, 0.0032784, 0, 0, 0.0016574, 0.0018071, 0.0034218, 0.0027822, 0.0017818, 0.0016481, 0.0015517, 0, 0.0015335, 0.0021687, 0.0028756, 0.0023534, 0.0023298, 0.0028215, 0.0026457, 0.0021766, 0.0020437, 0, 0.0020812, 0.0018072, 0.0017722, 0.0023462, 0.0027369, 0.0014858, 0.0020195, 0.0035898, 0.0022062, 0.0019935, 0.0020175, 0.0023778, 0.0030654, 0.0022527, 0.002315, 0.0025586, 0.0019196, 0.0017458, 0.001637, 0.0018825, 0.0012051, 0, 0.0020642, 0, 0.0028322, 0.0029527, 0.002067, 0.0017547, 0.0020653, 0.0026592, 0.0029086, 0, 0.0024442, 0, 0.0023697, 0.0023561, 0.0020162, 0.0022857, 0.0022626, 0.0021931, 0, 0.0025222, 0.0026036, 0, 0, 0.0029965, 0, 0, 0.0025088, 0, 0.0016773, 0, 0.0016997, 0.0023801, 0.0025072, 0.0020875, 0.0024431, 0.0026981, 0]]}})
      ok  34.0 s  auprc=0.852565280376637
  [7/10] oilgas_gasturbine seed=43 ...
D:\Data\Harold\github\hsbc-quantum-fraud-2026\.venv\Lib\site-packages\eqc_models\base\results.py:172: UserWarning: Cannot evaluate objective value in results for <class 'eqc_models.ml.classifierqboost.QBoostClassifier'>. Method not implemented.
  warnings.warn(f"Cannot evaluate objective value in results for {model.__class__}. Method not implemented.")
Runtime of _build_weak_classifiers_sq: 41.42 seconds!
Built 560 weak classifiers!
Runtime of get_hamiltonian: 42.29 seconds!
2026-10-06 08:01:13 - Dirac allocation balance = 1194 s
2026-10-06 08:01:14 - Job submitted: job_id='6ac4e309358b23d0cb3719e7'
2026-10-06 08:01:14 - QUEUED
2026-10-06 08:01:16 - RUNNING
2026-10-06 08:02:11 - COMPLETED
2026-10-06 08:02:14 - Dirac allocation balance = 1150 s
SolutionResults(solutions=array([[7.4520e-04, 0.0000e+00, 1.4854e-03, ..., 2.0582e-03, 1.7380e-03,
        0.0000e+00],
       [0.0000e+00, 0.0000e+00, 1.4697e-03, ..., 2.5578e-03, 2.3027e-03,
        1.8008e-03],
       [0.0000e+00, 1.7220e-04, 1.9274e-03, ..., 1.7456e-03, 0.0000e+00,
        0.0000e+00],
       ...,
       [0.0000e+00, 1.6600e-05, 1.0898e-03, ..., 1.6063e-03, 2.1154e-03,
        2.5347e-03],
       [3.0050e-04, 0.0000e+00, 1.2879e-03, ..., 0.0000e+00, 2.1509e-03,
        1.6915e-03],
       [8.6430e-04, 7.4000e-06, 5.5710e-04, ..., 2.0511e-03, 2.0271e-03,
        2.0300e-03]]), energies=array([-21939.8320312, -21938.4453125, -21938.3378906, -21938.0253906,
       -21937.7226562, -21937.6601562, -21937.1992188, -21933.6601562]), counts=array([1, 1, 1, 1, 1, 1, 1, 1]), objectives=None, run_time=[4714806557, 7002645493, 7548071384, 7180741787, 6885016918, 4249334335, 3052181959, 3104254723], preprocessing_time=2689729214, postprocessing_time=[0, 0, 0, 0, 0, 0, 0, 0], penalties=None, device='dirac-3_normalized_qudit', raw_solutions=None, time_units='ns', response={'job_info': {'job_id': '6ac4e309358b23d0cb3719e7', 'job_submission': {'problem_config': {'normalized_qudit_hamiltonian_optimization': {'polynomial_file_id': '6ac4e305d190799f598b190c'}}, 'device_config': {'dirac-3_normalized_qudit': {'num_samples': 8, 'relaxation_schedule': 2, 'sum_constraint': 1}}}, 'job_status': {'submitted_at_rfc3339nano': '2026-10-06T12:01:13.274Z', 'queued_at_rfc3339nano': '2026-10-06T12:01:13.275Z', 'running_at_rfc3339nano': '2026-10-06T12:01:13.814Z', 'completed_at_rfc3339nano': '2026-10-06T12:02:09.186Z'}, 'job_result': {'file_id': '6ac4e341d190799f598b191d', 'device_usage_s': 44}}, 'status': 'COMPLETED', 'results': {'counts': [1, 1, 1, 1, 1, 1, 1, 1], 'energies': [-21939.8320312, -21938.4453125, -21938.3378906, -21938.0253906, -21937.7226562, -21937.6601562, -21937.1992188, -21933.6601562], 'solutions': [[0.0007452, 0, 0.0014854, 0.0009567, 0.0008428, 0.0003389, 5.05e-05, 0.0004907, 0, 0, 0, 0.0032785, 0, 0.0016402, 0, 0.0024091, 0.0013582, 0, 0, 0.0027243, 0.0027728, 0.002632, 0, 0.00142, 0.0018158, 0.002533, 0.0033588, 0.0029998, 0.0027051, 0.0018634, 0.0017508, 0.0022386, 0.0027487, 0.0025078, 0.0002988, 0.0009199, 0.003279, 0.0021844, 0.0026078, 0.0022992, 0.0019068, 0, 0.002161, 0.00228, 0.0022245, 0.0026619, 0.0034032, 0, 0.0021655, 0.0018252, 0, 0.0011225, 0.0018703, 0.0023124, 0.0015347, 0.002581, 0.0026132, 0.0023277, 0.0029188, 0, 0.0037186, 0, 0, 0.0028988, 0.0028953, 0.0021549, 0, 0, 0.0018457, 0.0018844, 0.0020869, 0.0019387, 0, 0.0027798, 0.0017222, 0.0015707, 0.0016841, 0.001917, 0.0016625, 0.001773, 0.002087, 0.0020086, 0.0015415, 0.0029349, 0.0029405, 0.0021373, 0.0020588, 0.0017117, 0.0017385, 0.0016546, 0.0019222, 0.0023184, 0.0025878, 0.0011767, 0.0012122, 0.0012718, 0.0017788, 0.0018447, 0.0019397, 0.0013378, 0.0011122, 0, 0.0022483, 0.0024643, 0, 0, 0.002556, 0.0022088, 0.00267, 0.0023632, 0, 0.0020223, 0.0014004, 0.0010867, 0, 0.0012731, 0, 0.0016377, 0.0024338, 0.0027935, 0.0028331, 0.0030685, 0.0030014, 0, 0.0026149, 0.0024517, 0.0022757, 0.0022431, 0.0024446, 0.0021676, 0.0019425, 0, 0, 0.0029438, 0.0018728, 0, 0, 0.0017918, 0.0018047, 0.0021196, 0.0025109, 0.0027309, 0.0022398, 0.0024932, 0.0021772, 0.0018999, 0.0022889, 0.0025174, 0, 0.0018086, 0.0024457, 0.0028737, 0.0028491, 0.0025625, 0.0019773, 0, 0.0018172, 0.0020754, 0.001894, 0.0016446, 0.001765, 0.0016405, 0.001447, 0.0023874, 0.0032091, 0.0024344, 0.0024721, 0.0023579, 0.0024683, 0.0023773, 0.0022192, 0, 0.002433, 0.0021308, 0.0020943, 0.0025884, 0.0023056, 0.0025896, 0.0030811, 0.0021936, 0.0022617, 0.0020156, 0.0016715, 0, 0.0025033, 0.0016109, 0.0019102, 0.002251, 0.0022605, 0, 0.0023274, 0.0020481, 0.0019933, 0.0027702, 0.0023526, 0.0021392, 0.0015725, 0.0013519, 0, 0.0019043, 0, 0.0023092, 0.0023232, 0, 0.0030783, 0.0027192, 0, 0, 0.0020775, 0.0020108, 0.0014062, 0.0019122, 0.0024187, 0.002328, 0, 0.0019023, 0.0024985, 0.0027167, 0, 0.0016064, 0.0013622, 0.0014217, 0, 0.0018743, 0.0030531, 0.0018444, 0.0017131, 0.00167, 0.0019614, 0.0021114, 0.0016072, 0.0013934, 0, 0, 0.002342, 0.0020705, 0.0026151, 0.0034695, 0.0029469, 0.0025041, 0.0022646, 0.002781, 0.0019954, 0.0023779, 0.002267, 0.0021586, 0.0017872, 0.0020348, 0.0021707, 0.0021135, 0.0020754, 0.0025312, 0.0023447, 0.0024055, 0.002039, 0, 0.0020382, 0.0018049, 0, 0.002596, 0.0022198, 0.0021701, 0.0023045, 0, 0.0012366, 0.001649, 0.0017989, 0, 0.0019259, 0.0021039, 0.0022828, 0.0017958, 0.0015993, 0.0009851, 0.0008387, 0.0008415, 0.0022253, 0.0028623, 0.0026802, 0.0028935, 0.0026617, 0.0020048, 0.0018201, 0, 0.0016643, 0.0015395, 0, 0.0023554, 0.0017017, 0.0022041, 0.0030679, 0.0018163, 0.0012638, 0, 0.0024531, 0.0020545, 0.0023243, 0.0014003, 0.0019804, 0.0021321, 0.0019393, 0.0018258, 0.0016306, 0.0021796, 0.0022291, 0.0020167, 0.0016605, 0, 0.0014835, 0.0012393, 0, 0.0017203, 0.0013344, 0.0011915, 0, 0.0018297, 0.0019481, 0.0024326, 0.001427, 0.0015303, 0.0020342, 0.0025044, 0.0023, 0.0020657, 0, 0.0013071, 0, 0.0020359, 0.0020939, 0.0023416, 0.0023467, 0.0020578, 0.0026585, 0.0029859, 0.0020247, 0.001951, 0.0024581, 0.0025769, 0.0017355, 0.002492, 0.0032086, 0.003047, 0, 0.0008107, 0.0025066, 0.0038855, 0.0021885, 0.0025724, 0.0033209, 0.0029537, 0.0025046, 0.0016808, 0.0012756, 0, 0.0021637, 0.0018119, 0, 0.0026478, 0.0025986, 0.0025549, 0.0017624, 0.0021135, 0.002187, 0.0019714, 0.0021288, 0.0020297, 0.0021864, 0.0027735, 0.0029676, 0, 0.0028388, 0.0026888, 0.0036368, 0.002038, 0.0020728, 0.0022013, 0.0017403, 0.0019969, 0.0019111, 0.001603, 0.0020078, 0.0018701, 0, 0.0021569, 0.0025026, 0.0018617, 0.0016443, 0.0024439, 0.0023055, 0.002093, 0.0019352, 0.0019927, 0.0017946, 0.0015532, 0.0020187, 0.0016352, 0.0015159, 0.0018121, 0.0015205, 0, 0, 0.003034, 0.0022611, 0, 0.0025637, 0.0024419, 0.0020986, 0.0022718, 0.0023789, 0, 0.0022413, 0.0028193, 0.0028762, 0.0027214, 0.002244, 0.0021708, 0.0018435, 0.0020334, 0.0019706, 0, 0.0022639, 0.0025072, 0.0022149, 0.0027734, 0.0020009, 0.0026767, 0.0029133, 0.00201, 0.0017485, 0.0012851, 0.0010707, 0.0016146, 0.0020564, 0.0018929, 0.0019799, 0.0021179, 0.0015914, 0.0013726, 0, 0.0015093, 0.0020336, 0.0018314, 0, 0.0014183, 0.001662, 0.0019109, 0.0017352, 0.0021319, 0.0022287, 0.0016068, 0.0019899, 0.0020226, 0.0012383, 0.0009408, 0.0015125, 0.001798, 0.0016242, 0.0022151, 0.0022777, 0.0017198, 0.0019183, 0.0017866, 0.0019659, 0.001901, 0.0016185, 0.0018489, 0.00221, 0.0023561, 0.0019741, 0, 0.0024052, 0.00203, 0.0023806, 0.0026999, 0.0024905, 0.0022657, 0.0021496, 0.0012225, 0.000876, 0, 0.0015211, 0.0012983, 0.0011448, 0.0016985, 0.0019942, 0.0023058, 0.0028096, 0.0021515, 0.0016178, 0.0014365, 0.0012472, 0, 0.0015926, 0.0020613, 0.0018211, 0.0020969, 0.0025518, 0.002997, 0.0026396, 0.0019228, 0.0015303, 0.0020197, 0.0022895, 0.0026503, 0.0033805, 0.0034164, 0, 0, 0, 0.0017114, 0.0016926, 0.0014421, 0.0014446, 0, 0, 0.0022002, 0, 0.0004653, 0, 0.0033365, 0.0020438, 0.0018929, 0.0026841, 0.0021096, 0.0024128, 0.0027324, 0.0021918, 0.0018345, 0.0018326, 0.0012385, 0.0016612, 0.0019155, 0, 0.0017451, 0.0020825, 0.0018835, 0.0016119, 0, 0.0020187, 0.0025621, 0.0024376, 0.00247, 0.0027041, 0.0020492, 0.0021045, 0.0022784, 0.0023798, 0.0016359, 0.0019708, 0.0019636, 0.0021278, 0.0019796, 0.0022909, 0.0015893, 0.0016242, 0.001716, 0.0019387, 0.0020582, 0.001738, 0], [0, 0, 0.0014697, 0.0008469, 0.000718, 0.0004202, 7.65e-05, 0.0009469, 0.0007206, 0, 0.00236, 0.0021688, 0.0022568, 0.0026526, 0.0027245, 0.0028963, 0.0022413, 0.0028706, 0.0026103, 0.0022697, 0.0023784, 0.0018201, 0.0016346, 0, 0.003465, 0.0022134, 0.0019614, 0.0017735, 0.0025702, 0.0028438, 0.0019828, 0.0015696, 0, 0.001534, 0.0002303, 0.0004284, 0.001685, 0.0026834, 0.0021418, 0.0019696, 0, 0.0030243, 0.0018545, 0.0014287, 0, 0.0012059, 0, 0.0031328, 0.002358, 0.0022004, 0.0025655, 0.0012538, 0.0019224, 0.0018367, 0.0015846, 0, 0.0020937, 0.0017985, 0.002434, 0.0023551, 0.0021147, 0.0026704, 0.0029205, 0.0034865, 0.0023179, 0.0019636, 0.0020125, 0.002934, 0, 0.0031157, 0.002121, 0.0018835, 0.0017451, 0.0023784, 0.0024894, 0.0015574, 0.0019193, 0.0027941, 0.002599, 0.0018356, 0.0023131, 0.0018563, 0.0015414, 0.0016953, 0.001937, 0.002015, 0.0022725, 0.0026715, 0, 0.002105, 0.00193, 0.0015372, 0.0019161, 0.0018907, 0.0012751, 0.0016497, 0.0014477, 0, 0.0019341, 0.0017935, 0.0023254, 0.0020948, 0.0019086, 0.0017069, 0.0019212, 0.0020782, 0, 0.0016779, 0.0025333, 0.0023561, 0.0023804, 0.0024103, 0, 0.0020356, 0, 0.0019422, 0.0026131, 0.0026935, 0.0022613, 0.0023621, 0.0028806, 0.0026139, 0.0024727, 0.0021663, 0.0022788, 0.0028153, 0.0026294, 0, 0.0022266, 0.002069, 0.001374, 0.0018266, 0.0018456, 0.0017396, 0.0021673, 0.0022954, 0.0021655, 0, 0.0019397, 0.0020793, 0.0013071, 0.0010326, 0, 0.0032025, 0.002319, 0.0022882, 0.0015158, 0.0011477, 0, 0.0011209, 0.0009453, 0, 0.0020465, 0.0024794, 0.002942, 0.0024665, 0.0016104, 0.0019661, 0.002794, 0.0028706, 0.0028069, 0, 0.0021774, 0.0021744, 0.0020658, 0, 0.0029462, 0, 0.002909, 0.0021538, 0, 0.0019593, 0.0025737, 0.0027702, 0.0019449, 0.0018879, 0.0023571, 0.0019291, 0.0017762, 0.0024308, 0.0018681, 0.0020149, 0.0020465, 0, 0.0019373, 0.0015469, 0.0019274, 0.0018532, 0, 0.0023844, 0.0026846, 0.0027359, 0.0020716, 0.0018991, 0.0019113, 0, 0.0021504, 0.002696, 0.0025882, 0.0026159, 0.0026656, 0.0024821, 0.0018812, 0.0017493, 0.0022736, 0.0025777, 0.0020036, 0.0012546, 0, 0.0016072, 0.0012047, 0, 0.0021052, 0.0029217, 0.0027943, 0.0023532, 0.0018649, 0.0020413, 0.0026215, 0.0024343, 0.0022513, 0.0023847, 0, 0.0029737, 0.0023665, 0.0024027, 0.0024906, 0, 0.0012307, 0.0012974, 0.0013928, 0.0015595, 0.0015193, 0.0034339, 0.0017616, 0.0019333, 0.0016723, 0.001397, 0, 0.0021924, 0.0025395, 0.0025465, 0.0022205, 0.0022507, 0, 0.002036, 0.0027257, 0.0020137, 0.0025879, 0.0028258, 0.0026211, 0, 0.0021295, 0.0029056, 0.0030972, 0.0021527, 0, 0.0019912, 0.0018531, 0.0018464, 0.0017236, 0, 0.0022214, 0.0023201, 0.0021801, 0, 0.0009735, 0.0017857, 0.0016556, 0, 0.0018976, 0.0022696, 0.0022803, 0.001777, 0.0020913, 0.0032788, 0.0022337, 0.0020689, 0.0022967, 0.0021227, 0.0020719, 0.0015161, 0.0021319, 0.0026873, 0.0022397, 0.0026069, 0.0018843, 0.0019314, 0.0017425, 0.0018774, 0.0022541, 0.0019945, 0.0025391, 0.001414, 0.001793, 0.0021952, 0.0015451, 0.0017255, 0.002426, 0.0024628, 0, 0.0012074, 0.0015936, 0.0017803, 0, 0.0034357, 0.0028425, 0.002614, 0.0027367, 0.0018735, 0.0018615, 0.0017246, 0.0018933, 0.001941, 0, 0.0006503, 0, 0.0025402, 0.0021191, 0.0011955, 0, 0, 0.0017802, 0.0018036, 0.0016621, 0.0025423, 0.002293, 0.0019251, 0, 0, 0.0017128, 0, 0.0026664, 0, 0.0022465, 0.0023169, 0.0016127, 0, 0.0019824, 0.002223, 0.0019427, 0.0015259, 0.0022281, 0.0029252, 0.0033924, 0.002761, 0.0016817, 0.0019103, 0.0016443, 0, 0.0016747, 0.0021075, 0.0024837, 0.0024806, 0.0022173, 0.0025583, 0.0027388, 0.002371, 0.0020537, 0, 0.0010643, 0, 0.0021109, 0.0029078, 0.0025971, 0, 0.001826, 0.0014399, 0.0014771, 0.0020239, 0.0020716, 0.0025184, 0.0019232, 0.001588, 0.0015577, 0, 0, 0.0023626, 0.0033675, 0.0020341, 0.0021776, 0.0024533, 0, 0, 0.0035651, 0, 0.0026017, 0.0021116, 0.0020838, 0.0021184, 0.0019465, 0, 0.0021016, 0.0026011, 0.0028316, 0, 0.0028885, 0.0034071, 0.0038083, 0.0024736, 0.0022561, 0.0024148, 0.0022589, 0, 0, 0.0007452, 0, 0.0022978, 0.0025883, 0.0014, 0.0016197, 0.0019117, 0, 0, 0.0027648, 0.0021497, 0, 0.0014672, 0.0015978, 0, 0.0020693, 0.0031363, 0.0017838, 0.0016083, 0.0024503, 0.002391, 0.0021901, 0.0023638, 0.001697, 0, 0.0027356, 0.0019179, 0.0023137, 0.0021709, 0, 0.002584, 0.0022013, 0.0024044, 0.0027936, 0.0031913, 0.0031081, 0, 0.0021579, 0.0018091, 0.0013514, 0.0010646, 0.0007217, 0, 0, 0.0019142, 0.001898, 0.002311, 0.0020474, 0.0021727, 0.0025022, 0.0027107, 0.0020698, 0.0021709, 0.0026798, 0.0012897, 0.0015717, 0.0022548, 0.0030373, 0.0031263, 0.0027574, 0.0026052, 0.0024234, 0, 0.0017057, 0.001568, 0.0013592, 0, 0, 0.0017377, 0.0019308, 0.0019476, 0, 0.000856, 0.0015237, 0.0021017, 0.0028508, 0.0029768, 0.0016471, 0.0019115, 0.002847, 0.00246, 0.0017559, 0, 0.002478, 0.0028655, 0.0021541, 0.0021621, 0.002423, 0.0028758, 0.0029243, 0.0022589, 0, 0.0019218, 0.0017325, 0.0020924, 0.0019877, 0.0015435, 0.002071, 0.0023494, 0, 0, 0.0020119, 0.0022057, 0.0024945, 0.0019752, 0.0021302, 0.0027168, 0.0019794, 0.0021152, 0.0017808, 0.0016324, 0.0018386, 0.0017785, 0, 0, 0.0029263, 0.0020313, 0.0020393, 0.0020647, 0, 0.0020317, 0.0025539, 0.0025743, 0.0019052, 0.0015145, 0.0013539, 0.0016243, 0.0015925, 0.0019664, 0.0016303, 0.0014, 0.001581, 0.0016328, 0, 0.0020998, 0, 0.0021438, 0.0015165, 0.0024167, 0.0028463, 0.0022677, 0.0014253, 0, 0.0013848, 0.0014851, 0.0020026, 0.0024334, 0.0024933, 0, 0, 0.0023546, 0.0024097, 0.0025578, 0.0023027, 0.0018008], [0, 0.0001722, 0.0019274, 0, 0.0005445, 0.0003972, 0.000174, 0, 0.0008664, 9.8e-05, 0.0019599, 0.0021391, 0.0027016, 0.0028905, 0.0023161, 0.0017226, 0.001948, 0.0021356, 0.0019525, 0.0023146, 0.0027825, 0.0027096, 0.0025403, 0, 0.0020889, 0.0024693, 0.0023197, 0.0021914, 0, 0.0019106, 0.0019915, 0, 0.002319, 0.002094, 0, 0, 0.0025941, 0.0022375, 0.0017466, 0.0021329, 0.0031318, 0.0016716, 0.0018331, 0.0022016, 0.0025389, 0.0019176, 0.0027033, 0.0023031, 0.001538, 0.0025039, 0.0030281, 0.0012379, 0.001782, 0.0023564, 0.0020951, 0, 0.002177, 0.0014201, 0.0015605, 0.0009243, 0, 0.0027092, 0.0013577, 0.0013781, 0.0021276, 0.0021152, 0.0016632, 0, 0.0015716, 0.0018931, 0.001915, 0.0018773, 0.0020783, 0.0024192, 0.0026574, 0.0030063, 0.0029591, 0.0020779, 0.0024125, 0.0026627, 0.0026823, 0.0025174, 0.0020446, 0, 0, 0.0014443, 0.0018122, 0.0016567, 0, 0.0015955, 0.0014342, 0.0015432, 0.0021846, 0.0018676, 0.0017827, 0.0014294, 0.0016706, 0.0018164, 0.0021032, 0.0020604, 0.0021468, 0.0023307, 0.0018399, 0, 0.0017015, 0, 0.0026697, 0.0027225, 0.002092, 0.0023119, 0.0021283, 0.0017381, 0.0007399, 0, 0.0020666, 0.0024505, 0.0018234, 0.0015358, 0, 0.0016359, 0.0018631, 0.0021962, 0.0017659, 0, 0.0024921, 0.0023251, 0.0025743, 0.0025755, 0, 0.0008075, 0, 0.0020188, 0.002053, 0.0026289, 0.0028682, 0.0022874, 0.0023518, 0.002028, 0.0019633, 0.0018624, 0, 0.0024462, 0.0025862, 0.0024807, 0.0021092, 0, 0.0025288, 0.0023321, 0.0021466, 0, 0.0031358, 0.0024442, 0.0023679, 0.0026761, 0.0022292, 0.0023262, 0.0025925, 0.0026883, 0, 0.001804, 0, 0, 0.0025004, 0.0031341, 0.0028099, 0.0024324, 0.0025129, 0.0026804, 0.0022481, 0.0018209, 0.0031337, 0.0033202, 0, 0.0023385, 0.0031214, 0.0025995, 0, 0, 0.0015821, 0.001572, 0.0017183, 0.0016681, 0, 0.0025432, 0.0024851, 0, 0.0017058, 0.0020246, 0.001673, 0.0014102, 0, 0.0037233, 0.0026663, 0.0021981, 0.0019291, 0.0022645, 0.0023063, 0, 0.0015357, 0.0017374, 0.0022855, 0.0028647, 0.0022814, 0.0021324, 0.0023527, 0.0018976, 0.0020488, 0.0022135, 0.002043, 0.002049, 0.0017093, 0.0022313, 0.0026125, 0.0027061, 0.0022674, 0.0020763, 0.0019884, 0.0018301, 0, 0.0019856, 0.0020527, 0.0019683, 0.0024656, 0.0022206, 0.0015145, 0.0019361, 0.0023596, 0, 0.0010155, 0, 0.0025021, 0.0027112, 0.0024481, 0.0026753, 0.0019549, 0.0015995, 0.0017748, 0.0024365, 0.0039887, 0.0042608, 0.0023994, 0.0020388, 0.0018922, 0.0023624, 0.0022593, 0.0028582, 0.0024752, 0.0018426, 0, 0.0013721, 0.0016508, 0.0019935, 0.0029004, 0.0028816, 0.0020042, 0.0016991, 0.0019502, 0.0014094, 0, 0, 0.0018129, 0.0021056, 0.0021753, 0, 0.0020167, 0.0021701, 0, 0.0020394, 0.0020663, 0.0022721, 0.0022918, 0.0022516, 0.0018177, 0.0015731, 0, 0.0021897, 0.0026641, 0, 0.0030033, 0.0031751, 0, 0.0021699, 0.0021533, 0.0026442, 0.002319, 0.0022084, 0.0023369, 0.0023309, 0, 0.001877, 0.0016648, 0.0023551, 0.0021842, 0.0017642, 0, 0.0028385, 0.001943, 0.0017243, 0.0017549, 0, 0.0035825, 0.0033311, 0.0029572, 0.0017098, 0.002221, 0.0026583, 0, 0.0020227, 0.0021805, 0.002606, 0.0017892, 0.0010734, 0, 0, 0.0026455, 0.0017777, 0, 0, 0.0033295, 0.0029776, 0.0018447, 0.0021478, 0.0018107, 0.0020134, 0.0024337, 0.0029203, 0.0022585, 0.0018915, 0, 0, 0.0013515, 0.0014281, 0.0019725, 0.0024745, 0.0021733, 0.0017916, 0.0017461, 0.0021345, 0.0026132, 0.0021204, 0.00209, 0.0021807, 0.0021158, 0.001757, 0, 0.0013283, 0.001475, 0.0020435, 0.0021272, 0.001726, 0, 0.0013755, 0.0014459, 0.0023712, 0.0030525, 0.002088, 0.0016037, 0.0018614, 0.0018225, 0.0019715, 0.0019883, 0.0016337, 0.0015779, 0.0021858, 0.0024614, 0.0022467, 0.0022306, 0.0021091, 0.0024407, 0.0019659, 0.0017266, 0.001538, 0.0022279, 0.0029977, 0.0029273, 0.0019012, 0.0020603, 0.0022029, 0.0018947, 0.0014593, 0, 0.0016408, 0.0014005, 0, 0.0024773, 0.0018369, 0.0018218, 0.0017789, 0.0016883, 0.0017491, 0.0016799, 0.0020254, 0.0025328, 0.0025892, 0.002, 0.0012532, 0, 0.0029308, 0.0025846, 0.0020779, 0.0023267, 0.0024337, 0.0023855, 0.0017619, 0.0016753, 0.0025548, 0.0020577, 0.001786, 0.0016603, 0, 0.0013362, 0.0020572, 0.0023922, 0.002565, 0.0044633, 0.0030071, 0.002797, 0.0031456, 0.0027192, 0, 0.0023998, 0, 0, 0.0015491, 0.0015888, 0.0016496, 0.0017735, 0.0015315, 0, 0.0025288, 0.0024782, 0.0021478, 0.0019193, 0.0017715, 0.0015302, 0, 0.001808, 0, 0.0014529, 0.0018057, 0.0015612, 0, 0, 0.0017434, 0.0016702, 0, 0.0018266, 0.0021988, 0, 0.0020904, 0.0023439, 0.0018738, 0.0023046, 0.0020618, 0.0019324, 0.002149, 0.0027901, 0.0027811, 0.0022599, 0.00234, 0.0029919, 0.0030832, 0.0019746, 0.0022095, 0.0026987, 0.0024382, 0.0022985, 0.0028589, 0.0032355, 0.0024823, 0.0021303, 0, 0, 0, 0.0015576, 0.0018626, 0.0021189, 0.0021714, 0.0027897, 0.0025511, 0.0010991, 0, 0.0021128, 0.0021025, 0.0020631, 0.0024666, 0.0027162, 0, 0.0019403, 0, 0.0016442, 0, 0.0022831, 0.0026777, 0.0023159, 0.0022771, 0.0028335, 0.0019982, 0.0022842, 0.0019924, 0.0016939, 0, 0.0013062, 0.0019706, 0.0025335, 0.0026397, 0, 0, 0.0016393, 0.0017311, 0.0023362, 0.0024183, 0.002003, 0.0021701, 0.0028388, 0.002497, 0.0023509, 0.0018541, 0, 0.0024929, 0.0019841, 0.0017131, 0, 0.001662, 0, 0.0014843, 0.0015436, 0.0025754, 0.0024311, 0.0026226, 0.0020151, 0.0022477, 0.0021125, 0.0020191, 0.0019008, 0.0020001, 0.0023962, 0.0024576, 0.0023367, 0.0016236, 0.0012271, 0.0006353, 0, 0.0023713, 0, 0, 0.0031327, 0, 0.0021215, 0.0024417, 0.0026897, 0.0024142, 0, 0.0012897, 0.0011664, 0.0016984, 0.001884, 0.0017456, 0, 0], [0.0011291, 2.15e-05, 0.0014972, 0.0010874, 0.0007734, 0, 6.2e-05, 0.0003907, 0.000303, 4.2e-06, 0.0023942, 0.0025373, 0, 0, 0.0018817, 0.0022191, 0.0019059, 0.0019619, 0.0019547, 0.0026354, 0.0017177, 0.0018009, 0.0023381, 0.0015397, 0.0018382, 0.001891, 0.0021771, 0.0023619, 0, 0.0021359, 0.0015907, 0.0013888, 0, 0.0016007, 0.0003048, 0, 0.0020312, 0.0012802, 0.0012353, 0, 0.0028489, 0.002139, 0.0019311, 0.0015326, 0.0013715, 0.0020796, 0.0026385, 0, 0.0016057, 0, 0, 0.0008507, 0.0014685, 0.0016502, 0.0014625, 0, 0.0023522, 0, 0, 0.0019658, 0.001077, 0, 0.0022623, 0.0028025, 0.0032141, 0, 0.0017359, 0.0020614, 0.0020062, 0.0023036, 0.0029158, 0.0025544, 0.0023745, 0, 0.0026624, 0.0023218, 0, 0.0012813, 0.000995, 0.002068, 0.0030325, 0.0024253, 0.0016948, 0, 0.0023378, 0.0018647, 0.001578, 0.0018836, 0.0019672, 0, 0.0024944, 0.003114, 0.0030381, 0.0017986, 0.0013433, 0, 0.0027858, 0.0025745, 0, 0.002754, 0.002341, 0.002453, 0.0024804, 0.0029198, 0.0028155, 0.0025039, 0.0018739, 0.0016031, 0.0020019, 0.0022454, 0, 0.0022497, 0.0018338, 0, 0.0017279, 0.0024147, 0.0026847, 0.0026076, 0.0021882, 0.0022256, 0.0024416, 0.0014498, 0.0015005, 0.0017583, 0.0018281, 0, 0, 0.0015371, 0.0016468, 0.0022116, 0.0022072, 0.0026806, 0.0022944, 0.002129, 0.0020177, 0.0026744, 0.0025101, 0, 0.0028279, 0.0028124, 0.002228, 0.0019612, 0, 0.0024047, 0.0023881, 0.0020844, 0.0022224, 0.0020355, 0, 0.0031525, 0, 0, 0.0017685, 0.0016042, 0.001816, 0.0020554, 0.002233, 0.0020105, 0, 0.0021674, 0, 0.0024596, 0.0021436, 0.0023108, 0.0027933, 0.0033541, 0.00333, 0.0030046, 0.0019984, 0.0021781, 0.0025811, 0.0024571, 0.0021312, 0, 0.0025301, 0.0023293, 0.002289, 0, 0.0015839, 0.0019018, 0.0016872, 0, 0.0018127, 0.0022507, 0.0025109, 0, 0.001979, 0.0020829, 0.0022926, 0.0023965, 0, 0.0026651, 0.0015534, 0.0020168, 0.0025539, 0, 0.0025666, 0.0020694, 0.00195, 0.0023038, 0.0028065, 0.0019231, 0.0021778, 0.0022473, 0.002144, 0.0024331, 0.0028669, 0.003082, 0, 0.0020859, 0.0013925, 0.002562, 0.0034738, 0.0027863, 0.002677, 0.0014491, 0.0005155, 0, 0.0018824, 0.001587, 0.0022142, 0.0023442, 0.001833, 0.0022967, 0.0022181, 0.0020976, 0.0020297, 0.0026302, 0.0027518, 0.0020935, 0.0019692, 0.0032039, 0.0029942, 0.0031343, 0.0027154, 0.00211, 0.0025678, 0.0033967, 0.0028884, 0, 0.0012009, 0.0017838, 0.0017013, 0.0017105, 0.0021683, 0.0023967, 0, 0.0016094, 0.0015327, 0, 0, 0.0020744, 0.0018844, 0.0018774, 0.0018285, 0, 0.0027518, 0, 0.0024028, 0.0019279, 0.0022189, 0.0025915, 0.0033121, 0.0032261, 0.002579, 0.0023488, 0.0022649, 0.0023512, 0.0027072, 0.0024059, 0.0028796, 0.0030893, 0, 0.0017416, 0.001803, 0, 0.0017758, 0.0016729, 0.0021305, 0, 0.0017052, 0.0027311, 0.003159, 0.0021354, 0.0019024, 0.0021263, 0.0019445, 0.0014759, 0.000917, 0, 0.0015867, 0.0016526, 0.001608, 0, 0.0021442, 0.002407, 0.0020631, 0.0016802, 0.0015609, 0.0019736, 0.0020924, 0.0019763, 0, 0.0017328, 0.0021458, 0.0012705, 0.0014639, 0.0025931, 0.0023859, 0.0021358, 0.0019713, 0.0017563, 0.0018638, 0.0016714, 0.0019658, 0.0027362, 0.0028943, 0, 0.0025818, 0.0024996, 0.0030756, 0.0026404, 0, 0.0023436, 0.0020296, 0.002337, 0.002715, 0.0019335, 0.0019239, 0.0027405, 0.001931, 0.0016846, 0.0017904, 0.0021438, 0.0023792, 0.0022685, 0.0016355, 0.0023905, 0.0031457, 0.0022689, 0.0017085, 0.0020412, 0.002466, 0.001806, 0.0019687, 0.0024619, 0.0017767, 0, 0, 0, 0.0009882, 0, 0, 0.0026998, 0.0022948, 0.0019792, 0.0019234, 0, 0, 0.001844, 0.0017109, 0.00161, 0, 0.0019351, 0.0017986, 0.0013766, 0, 0.0016382, 0.0013515, 0.0023441, 0.0032114, 0, 0.0032153, 0.0025958, 0.002402, 0.0029309, 0.0021945, 0.002309, 0.0021394, 0.0020391, 0.0013551, 0.0017685, 0.0026286, 0.0026779, 0.0025526, 0, 0.0020848, 0.0021105, 0.0024344, 0.002596, 0, 0, 0.0010316, 0, 0.0023752, 0.0024045, 0.0033654, 0.003045, 0.0020632, 0.0016463, 0.0009625, 0.0017799, 0.0018952, 0.00135, 0.0012655, 0, 0.0018754, 0.0020258, 0.0008368, 0.001853, 0.0019674, 0.0019966, 0.0024592, 0.0026488, 0.0024465, 0.0025622, 0.0022775, 0, 0.0019983, 0.0021226, 0.0022092, 0.0021863, 0.0021234, 0.0018138, 0.0016007, 0, 0, 0.0011844, 0.0011611, 0.0020112, 0.0021116, 0, 0.0020506, 0, 0.0023368, 0.0025747, 0.0021998, 0.0023868, 0.0030346, 0.0026775, 0, 0.0017405, 0, 0.0016956, 0, 0.0024975, 0, 0.0022006, 0.0023687, 0, 0.001744, 0.0018146, 0.0024632, 0.002945, 0.002257, 0.0021734, 0.0026106, 0.0020596, 0.0018719, 0.0022776, 0.0020446, 0.0016811, 0.0016045, 0, 0.0024131, 0.0011564, 0.0017784, 0.0020541, 0.0025434, 0.0025571, 0.0030559, 0.0021337, 0.0017553, 0, 0.0026638, 0.0016765, 0.0016807, 0.0024025, 0.0038619, 0.0032479, 0.0018468, 0, 0.0020075, 0.0016184, 0.0014187, 0.0018821, 0.0018548, 0.0019518, 0.0019306, 0.0017928, 0.0015805, 0.0023283, 0.0023569, 0.0022297, 0, 0, 0.002354, 0.0015764, 0.0019325, 0.0019444, 0, 0.0018815, 0.0024585, 0.0025913, 0.0021808, 0, 0.0031168, 0.0023382, 0.0020781, 0.0026747, 0.0025922, 0.0020796, 0.0017701, 0.002178, 0.0026911, 0.0024816, 0.0023847, 0, 0.0008385, 0.0018574, 0.0027291, 0.0021958, 0.0025271, 0.0022622, 0.0015867, 0.0017112, 0.0021722, 0.002202, 0.0023324, 0.0029833, 0.00295, 0, 0.0024037, 0.0034082, 0.0029425, 0.0029604, 0.0024995, 0.002543, 0.0017378, 0.0015972, 0.0015903, 0.0015746, 0.0017307, 0.0020451, 0.0024014, 0.0025569, 0.0018021, 0.0015841, 0.0014587, 0, 0.0014266, 0.0018817, 0.0021486, 0.0021341, 0.0023662, 0.0025922, 0.0026241, 0.0026524, 0.0024451, 0], [0.0014662, 0.0001086, 0.0007939, 0.0010005, 0.0011394, 0.0004343, 0.000107, 0.000405, 0.0004493, 0.0001011, 0.0029059, 0.0029021, 0.0024386, 0, 0.0017393, 0.0021174, 0.001963, 0, 0.0028967, 0.0022621, 0.0028202, 0.0029417, 0, 0.0020695, 0.0027538, 0, 0.0025606, 0.0024434, 0.0021865, 0.0017945, 0.0022723, 0.0028661, 0, 0.0020582, 0.0002679, 0, 0.00159, 0.0016955, 0.0016183, 0.0020449, 0.0025574, 0.0018039, 0.00189, 0.0020323, 0, 0.0026517, 0.0024988, 0.0023793, 0.0030827, 0.0021351, 0.0020426, 0.0012633, 0.0022995, 0, 0.002357, 0, 0, 0.0012432, 0.0016198, 0.002027, 0.0022402, 0, 0.0017756, 0, 0, 0.0018431, 0.0014461, 0.001635, 0.0024147, 0.0028251, 0, 0.0012072, 0.0014345, 0.0018617, 0.002548, 0.0018629, 0.0018863, 0.0018556, 0, 0.003123, 0.0015842, 0.0017287, 0, 0.0020337, 0.0019238, 0, 0.0011252, 0, 0, 0.001563, 0.0027081, 0.0026217, 0, 0.0019961, 0.0021771, 0.0034598, 0.0027594, 0, 0, 0.0017621, 0.0016285, 0.0022311, 0.0024358, 0.0022498, 0.0020005, 0.0016946, 0, 0.0023444, 0.0018669, 0.0016694, 0.0020854, 0.0024647, 0.0020744, 0.001987, 0, 0.0020399, 0.0027903, 0.0027866, 0, 0.0025981, 0.0028887, 0.0030831, 0.002939, 0.0027431, 0.0022066, 0.0018776, 0.0022838, 0.0030545, 0.0032925, 0.0023136, 0.0021096, 0.0021779, 0.002369, 0.0016191, 0, 0.0019285, 0.0025088, 0.002465, 0.0022606, 0.0022133, 0, 0.0034662, 0, 0.0019756, 0.0024659, 0.0030666, 0.0020019, 0.0023525, 0.00252, 0, 0.0017356, 0.002222, 0.0023264, 0.0019342, 0.0025077, 0.002403, 0, 0.0028672, 0.0021868, 0.0016591, 0.0024027, 0.002706, 0.002494, 0.0018636, 0.0022908, 0.0025235, 0, 0, 0.0020481, 0.0020255, 0.0016691, 0.0014537, 0, 0, 0.0022194, 0.0019689, 0.0020823, 0.0019174, 0, 0, 0.0016525, 0.0016494, 0.0025832, 0.0031734, 0.0021234, 0.0018204, 0, 0.003634, 0.0032055, 0.0025225, 0.0020991, 0.0027576, 0.0024658, 0, 0.0022418, 0.002212, 0.0021196, 0.0020989, 0.0016943, 0.0015563, 0.0016456, 0.0015495, 0.0017247, 0.0016948, 0.001537, 0, 0.0013363, 0, 0.0028709, 0.0031099, 0.0025249, 0.0024191, 0.0018103, 0.0020876, 0.0024125, 0.0021734, 0.0019124, 0.0016555, 0.0020382, 0.0020485, 0.0022406, 0.0021949, 0, 0.0025366, 0.0024002, 0.0023477, 0.0021023, 0, 0.0027765, 0.0026124, 0.0019342, 0.0019877, 0.0014183, 0.00191, 0.0021302, 0.0027944, 0.0029822, 0.0027177, 0.002084, 0, 0.0016803, 0.0023928, 0.0024963, 0.0019741, 0.0019934, 0.0024797, 0.002715, 0.0028011, 0.0017759, 0, 0.0027288, 0.0021013, 0.0018381, 0, 0.0019675, 0.0017963, 0.0019675, 0.0024627, 0.0019671, 0.0019591, 0.0017398, 0.0014907, 0, 0.003092, 0.0019268, 0.0020728, 0.0027192, 0.0023522, 0.0020068, 0, 0.0020776, 0.0019932, 0.0020944, 0.0024805, 0.0018526, 0.0011449, 0.0019831, 0.0019074, 0.0022384, 0.0019988, 0.0019849, 0.0023066, 0.002591, 0.0027382, 0.0014311, 0, 0.0023754, 0.0015816, 0, 0.0008014, 0.0010384, 0, 0.0024869, 0.0023446, 0.0021699, 0.0027085, 0.0030184, 0.0029785, 0.0026162, 0.0015407, 0.0014267, 0.0019832, 0.001857, 0.0016169, 0.0016861, 0.0017828, 0.0017455, 0, 0, 0.0019348, 0.0018171, 0.0019106, 0.0018578, 0.0023286, 0.0024027, 0.0019633, 0.0015466, 0.0017409, 0.0022949, 0.0023952, 0.0020598, 0.00176, 0, 0.001774, 0.0026271, 0.002216, 0, 0.0016031, 0.0013982, 0, 0.0020721, 0.0018945, 0.0021456, 0.0026448, 0.0020075, 0, 0.002383, 0.002213, 0.0019196, 0.0025145, 0.0029964, 0.0028506, 0.0023969, 0.0025346, 0.0028103, 0.0021869, 0.0026176, 0.0019631, 0.0014101, 0, 0.0020566, 0.0025734, 0.0017272, 0.0014152, 0.001646, 0.0012092, 0.0012538, 0.0015839, 0.0013322, 0.0011836, 0.0011933, 0, 0.0022189, 0.0033803, 0.0022048, 0.0029124, 0.0033752, 0.002828, 0.001923, 0.0013548, 0, 0.0027108, 0.0022293, 0.0014654, 0, 0.001878, 0.0013919, 0.0013525, 0.0013177, 0.0013908, 0.0018419, 0.0023403, 0.0025072, 0.0026184, 0.0021048, 0.0017635, 0, 0.0026817, 0, 0.0020762, 0.0023811, 0.0019848, 0.001823, 0.0020647, 0.0025487, 0.0018192, 0.0027154, 0.0038112, 0.0024135, 0.0024884, 0.0024642, 0.0028414, 0.0018962, 0.0020657, 0.0022499, 0.0021368, 0, 0.0027723, 0.0019875, 0.0020592, 0.0023063, 0.0010594, 0, 0.0030884, 0, 0.0003195, 0, 0.0014608, 0.0016453, 0, 0.0024522, 0.0023461, 0.0024813, 0, 0.0033662, 0.0027012, 0, 0.0024634, 0.0021211, 0.0015838, 0.0019577, 0.0024166, 0.0033161, 0.0038998, 0.0022512, 0.0030005, 0.0021218, 0.001534, 0.0014529, 0, 0.0024208, 0.0029173, 0, 0, 0, 0.0011091, 0, 0.0020261, 0, 0.0027417, 0.0028855, 0.0029162, 0.0023334, 0.0015554, 0.0014649, 0.0018008, 0.0022837, 0.0021567, 0.0024052, 0.0024154, 0.0015563, 0, 0.001708, 0.001616, 0, 0.0022557, 0, 0.0023972, 0.0018718, 0.0023628, 0.0022983, 0.0023203, 0.0022697, 0.0016383, 0.0023056, 0.0020829, 0.0017545, 0.0015956, 0, 0.0022412, 0.0026299, 0.0028035, 0, 0.0023963, 0.0023254, 0, 0.0025786, 0.0025042, 0.0020024, 0.0025673, 0.0029399, 0.0022647, 0.0021959, 0.0022168, 0.0020601, 0.0019803, 0.0016682, 0, 0.0028926, 0.0031279, 0, 0.0019799, 0.0013649, 0.0016961, 0.0020126, 0.0017389, 0.0019616, 0.0021369, 0.0016874, 0.0018024, 0.0020278, 0.0026258, 0.0024898, 0.0023272, 0.00252, 0.0020938, 0.0023378, 0.0020396, 0.002113, 0.0022122, 0.0019023, 0.0019698, 0.0020316, 0.0020709, 0, 0.0014436, 0, 0.0025781, 0.0031027, 0.0021636, 0.0017518, 0, 0.0023576, 0.0017964, 0.0022073, 0.0031971, 0.0021458, 0.0016317, 0.0011373, 0.0014534, 0.0020015, 0.0029254, 0.0020183, 0.0013656, 0, 0, 0.0016262, 0.0019593, 0.0017721, 0.0019424, 0.002889, 0.0021618, 0.0017775, 0, 0.0027116, 0, 0.0015913, 0.0020445, 0.0021773, 0.0024182], [0, 1.66e-05, 0.0010898, 0.001096, 0.0008101, 0.0004013, 0.0001038, 0.0002626, 0, 0, 0.0026338, 0.0023417, 0.0019075, 0, 0.0006289, 0, 0.0026294, 0.0023123, 0.0018043, 0.0015168, 0.0013251, 0, 0.0024952, 0.0017719, 0.0018857, 0.00255, 0.0028691, 0.0026036, 0, 0, 0.0031127, 0.0022493, 0.0016177, 0.0016561, 0, 0.0005344, 0.0016696, 0.0018585, 0.0023393, 0.0016983, 0.0019555, 0.001599, 0, 0.0035929, 0, 0.0012263, 0.0016745, 0.0025662, 0.002335, 0.0024243, 0.0034252, 0.0017964, 0, 0.001142, 0, 0.0016368, 0.0012122, 0.001048, 0.0017391, 0.0017779, 0.0021484, 0.0025269, 0.002939, 0.0022914, 0.0020413, 0, 0.0012457, 0.0019998, 0.001701, 0.0018933, 0.002695, 0.0028896, 0, 0.0023667, 0.0030843, 0.0020578, 0.0021161, 0.0021037, 0.0023857, 0.0018728, 0.0018479, 0.0013778, 0.0019655, 0.0028532, 0.0035342, 0.0025492, 0.0022001, 0.0021019, 0.0018553, 0.0017782, 0.0021868, 0.0021029, 0.0013803, 0.0009286, 0.0011561, 0.0020945, 0.0028349, 0.0022883, 0.0017048, 0.0020978, 0.0024655, 0.0027367, 0.0023381, 0.0022215, 0.0023574, 0, 0.0024482, 0.0024377, 0, 0, 0, 0, 0.0021813, 0.0022304, 0.0024929, 0.0030688, 0.0026648, 0.0022067, 0.0018713, 0.0018994, 0.0022089, 0.0020069, 0, 0.0020328, 0.0024403, 0, 0.0023389, 0.0015523, 0.0019646, 0.0020088, 0.001942, 0.0024398, 0.0018977, 0.0024076, 0.0031853, 0.0032536, 0.0027052, 0.0023597, 0.0020094, 0.0021598, 0.0023629, 0.001837, 0.0018493, 0.0023283, 0.0020885, 0.0014601, 0, 0.0019744, 0, 0.0020998, 0.0019426, 0.0028031, 0.0023103, 0.0017278, 0.0017847, 0.0022093, 0.0028181, 0.0023153, 0.0021671, 0.0023625, 0.0023462, 0.0019739, 0.0018393, 0, 0.0015701, 0.0015631, 0.002427, 0.0027645, 0.0019942, 0.0014967, 0.0022607, 0.0028414, 0.002023, 0, 0.002558, 0.002193, 0, 0.0026295, 0.0027098, 0.0026511, 0.0021519, 0.001387, 0, 0.0017759, 0.0018996, 0.0024027, 0.0025068, 0.001995, 0.0019882, 0.0019396, 0.0015824, 0.0012919, 0.0022607, 0.0021596, 0.0027873, 0.0022989, 0.0019849, 0, 0.000499, 0, 0.0020692, 0.0018595, 0.0019866, 0.0019606, 0.0023258, 0.0028564, 0.0031004, 0, 0.0021685, 0.0019831, 0.0021905, 0.0021361, 0.0019739, 0, 0.0018561, 0.0024311, 0.002339, 0.0020636, 0.0017718, 0.0021228, 0.0023673, 0.0024089, 0.0023762, 0, 0.0021115, 0.0020113, 0, 0.001967, 0, 0.0014296, 0.0013043, 0, 0, 0.0021755, 0.0021044, 0, 0, 0.0029289, 0, 0.0022249, 0.0019303, 0.0021671, 0.0027554, 0.0029518, 0, 0, 0.0023273, 0.0019072, 0, 0.0021303, 0.0022583, 0.0024044, 0.0024091, 0.0025415, 0.0025052, 0, 0, 0.0024153, 0, 0.002285, 0.0026704, 0.0027635, 0.0025962, 0.0016202, 0, 0.0027074, 0.0032327, 0.0033978, 0.0024439, 0.0022497, 0.0025279, 0.0021982, 0.0025292, 0.0026309, 0, 0.0020472, 0.0018922, 0.0021004, 0.0019675, 0.0024473, 0.0023754, 0, 0.0023613, 0, 0.0021727, 0.0022608, 0, 0.0027495, 0.0029233, 0.0030027, 0.0023828, 0, 0.0019246, 0.0017117, 0.0017656, 0.0018003, 0, 0, 0.0020448, 0.0024548, 0.0023062, 0.002419, 0.0016032, 0.0010072, 0, 0.002567, 0.0021536, 0.0019625, 0, 0, 0.0022067, 0.0020095, 0.0024428, 0.0028527, 0.0031967, 0.0018461, 0.0018693, 0.0022668, 0.0019735, 0.0010906, 0, 0.0020286, 0.0024487, 0.0019578, 0.0023389, 0.0025457, 0.0022673, 0.0018241, 0, 0.002705, 0.0018991, 0.0018876, 0.0020172, 0, 0.0022862, 0.0022014, 0.0024156, 0.0025994, 0, 0, 0.0025329, 0.0012907, 0.0018014, 0.001494, 0.001296, 0.0016832, 0.0017023, 0.0020745, 0.0019513, 0.0023346, 0.0024574, 0, 0, 0, 0, 0.0029468, 0.0019558, 0.0015524, 0.0021344, 0.0026847, 0.0019394, 0.0018569, 0.0023852, 0.0020494, 0, 0.0023362, 0, 0.0017166, 0.0020021, 0.0026365, 0.0024376, 0.0020112, 0.0021505, 0.0020384, 0.0018475, 0, 0, 0, 0.0022489, 0.0018333, 0, 0.0022003, 0, 0.0023331, 0, 0.0040174, 0, 0.002251, 0, 0.0019106, 0.0018341, 0.0019276, 0.001926, 0.0023918, 0.0022331, 0.0015126, 0.0015347, 0, 0.0030158, 0.0027813, 0.0020628, 0.00182, 0, 0.0020877, 0.0020198, 0.0020664, 0.0020151, 0.0016739, 0.0018524, 0.0020501, 0.0028005, 0.0029503, 0.0029932, 0.0033325, 0.0028892, 0.0017108, 0.0020385, 0.0024523, 0.0030734, 0.0037826, 0.0028021, 0.0023402, 0.0025785, 0.0019476, 0.0021449, 0.0022191, 0, 0.0020841, 0.0021383, 0.0027011, 0.0015075, 0.0016643, 0.0019682, 0.0021148, 0.0028306, 0.0025671, 0.0027156, 0.0021944, 0.0012201, 0.0012728, 0.0015553, 0.0019671, 0.002462, 0.0024807, 0.0020288, 0.0018342, 0.0013353, 0.0009283, 0.0022703, 0.0017932, 0.0022294, 0.0017631, 0, 0.0036403, 0.0016567, 0.0010811, 0, 0.00184, 0.0018377, 0.0016303, 0.0022662, 0.0021392, 0.0020544, 0.0019487, 0, 0.003043, 0.003369, 0, 0.0026253, 0.0020476, 0.0020892, 0.002253, 0.0027578, 0.0017922, 0.0021761, 0.0031495, 0.0028235, 0.0018504, 0.0020206, 0.0020846, 0.0023173, 0.0024689, 0.0021293, 0.0018211, 0.0015037, 0.0016443, 0.0020217, 0.0014269, 0.0011971, 0.0007924, 0, 0.002281, 0.0024463, 0.0036007, 0.0027381, 0.0020993, 0.0017559, 0.0021066, 0.0024408, 0.0023372, 0, 0.0013239, 0, 0.0018277, 0.0020229, 0.0022, 0.0026713, 0.0026769, 0.0021541, 0.0029097, 0.0020437, 0.0021237, 0.0020193, 0.0020726, 0.0019922, 0.0018757, 0, 0.0023841, 0.0025515, 0.0017293, 0.0012951, 0, 0.0022542, 0.0015517, 0.0014242, 0, 0.0031881, 0.002092, 0.0017094, 0, 0.0020531, 0.0026455, 0.0023614, 0, 0.0022779, 0.0029617, 0.0022668, 0.0017695, 0.0022272, 0.0021552, 0.0020515, 0.0019536, 0.00233, 0.0021471, 0.0017546, 0.0022557, 0.0033313, 0.0031221, 0, 0, 0.0018504, 0.0024456, 0.002427, 0, 0.0024737, 0.0022478, 0.0020457, 0.0016063, 0.0021154, 0.0025347], [0.0003005, 0, 0.0012879, 0.0006543, 0.0006473, 0.0002859, 0, 0.0005788, 0.0004107, 0, 0.0027195, 0.0024512, 0.0027849, 0.002438, 0.0024729, 0.0026071, 0.0024562, 0.002282, 0.0024342, 0.0030173, 0.00274, 0, 0.0025348, 0.000769, 0.0023836, 0.0030667, 0.0019285, 0.0019442, 0.00238, 0.0023729, 0.0024891, 0.0019796, 0.0019539, 0.0019101, 0.000185, 0.0002508, 0, 0.0021806, 0.0026269, 0.0018849, 0.0015484, 0.0020927, 0.0023555, 0.002466, 0.0025938, 0.0024295, 0.0025368, 0, 0.0006853, 0.0010589, 0.0013719, 0.0014038, 0.0024604, 0.002281, 0.0023594, 0.0033083, 0.0028282, 0.0016156, 0.0023314, 0.0019232, 0.002101, 0.0016095, 0.0021555, 0.0026369, 0.0032556, 0.0032079, 0, 0.0026842, 0.0025199, 0.0017481, 0.002053, 0.002295, 0.0019319, 0, 0, 0.0015507, 0.0014074, 0, 0.0020237, 0.0031898, 0.0033354, 0.0028624, 0.0021078, 0.0018511, 0.0020043, 0.0019335, 0.0018695, 0.0020549, 0.0017928, 0, 0.0025194, 0, 0, 0.0012135, 0, 0.0019115, 0.001945, 0.0025391, 0.0026514, 0.0022066, 0.0024287, 0.0025674, 0, 0, 0.0030721, 0.0024526, 0.0016787, 0.0017834, 0.0016637, 0.0017902, 0.0019517, 0.002426, 0.0022711, 0.0020099, 0, 0.0037952, 0.0024208, 0.0016894, 0, 0.0023408, 0.0022606, 0.0019199, 0.0022135, 0.0022499, 0.0017168, 0.0013268, 0.001982, 0.0025011, 0.001898, 0.0018291, 0.0018874, 0.0013707, 0.0020223, 0.0026748, 0, 0.0024104, 0.0022089, 0.0025147, 0.0029749, 0.0025418, 0, 0.0032078, 0.0024531, 0.002207, 0.0022908, 0.0019049, 0.0017532, 0.001342, 0, 0.00315, 0.0028798, 0.0024429, 0.0027851, 0.002739, 0.0014774, 0.0014312, 0.0014897, 0.0019671, 0.0020128, 0.0016796, 0, 0.0026773, 0.0022606, 0, 0.0026527, 0.0024944, 0.0017099, 0.0015728, 0.0015442, 0.0014471, 0, 0.0045988, 0, 0.0018546, 0.0014858, 0.0012879, 0.0018796, 0.0017361, 0.0027119, 0.0033208, 0.0018175, 0.0015957, 0.001712, 0.0022001, 0.0014811, 0, 0.0026874, 0.0029069, 0.0028883, 0, 0.0015914, 0.0018863, 0.0023718, 0.0022823, 0.0021107, 0, 0.0017816, 0.0013984, 0, 0.0023648, 0.0025382, 0.0025878, 0.0034696, 0.0028954, 0.0020275, 0.0018183, 0, 0, 0.0009201, 0, 0.0031363, 0.002926, 0.0024601, 0.0018748, 0, 0.0015483, 0.0017858, 0.0018836, 0.002484, 0.0027327, 0.0020219, 0.0020073, 0.0015818, 0.0019495, 0.001814, 0.0023093, 0.0031679, 0.002877, 0.0017416, 0, 0, 0.0022541, 0.0021862, 0.0024912, 0.0022136, 0.001888, 0.0017673, 0, 0.0016682, 0.0021782, 0.0019593, 0.0028339, 0.0023146, 0.0018352, 0.0027254, 0.0023992, 0.0019819, 0, 0.001986, 0.0024779, 0.0026203, 0.0018525, 0.0010285, 0, 0, 0, 0.0024815, 0.0019455, 0.0011307, 0, 0.0021831, 0.0022321, 0.002169, 0.0027527, 0.0032686, 0.00209, 0.0017302, 0.0023282, 0.0019048, 0.0016399, 0.0017485, 0.0017183, 0, 0.0039662, 0.0027549, 0.0021413, 0.0020291, 0, 0.0025322, 0.0025908, 0.002854, 0.0020778, 0.0017247, 0.0017408, 0.0019945, 0.0015979, 0, 0.0017954, 0.0017718, 0.0016749, 0.0015457, 0.0021529, 0.0034915, 0.0023765, 0.0021627, 0.0028772, 0.0029171, 0, 0.0021092, 0.0024793, 0.0020682, 0.0025413, 0.0023548, 0.0022074, 0.0020244, 0, 0, 0.0021691, 0.0019383, 0.0014405, 0.0013684, 0.0017927, 0.0014855, 0.0014199, 0.0019152, 0.0020381, 0, 0.0027501, 0.0022702, 0.0016287, 0.000941, 0, 0.0008256, 0, 0, 0, 0.0013671, 0, 0.0025234, 0.0025721, 0.0020957, 0.0022251, 0.0017998, 0.0026161, 0.0013767, 0.001853, 0.0019259, 0.0022638, 0.0020754, 0.0018931, 0, 0.0023394, 0.0019426, 0.0015679, 0, 0, 0.0017334, 0.0022423, 0.0020054, 0.0017244, 0.0025458, 0.0025806, 0, 0.0022069, 0.0016108, 0.0018767, 0.0023671, 0.0024546, 0, 0.0014464, 0.0019834, 0.0027739, 0.0025549, 0.0022427, 0, 0.0024687, 0.0022081, 0.0026538, 0.0017906, 0.00175, 0.0018104, 0, 0.0015736, 0, 0, 0.0020535, 0.00183, 0.0018174, 0, 0.0018018, 0.0014369, 0.0022273, 0.0026871, 0, 0.0015076, 0.0011321, 0, 0.0028285, 0.0030704, 0.0028965, 0.0028404, 0.0027199, 0, 0.00231, 0.0021969, 0.0017381, 0, 0.0019172, 0.0021692, 0.002383, 0, 0.0016351, 0, 0.0013408, 0.0015689, 0.0024121, 0.0027237, 0.0025334, 0.0022885, 0.0024187, 0.0022739, 0.0022202, 0.0021824, 0.0022474, 0.0021734, 0, 0.0022046, 0.0014922, 0.0031007, 0.0019497, 0.0018605, 0.0021329, 0.0019586, 0.0016973, 0.0023284, 0.0029163, 0, 0.0021788, 0.0024601, 0.0023788, 0, 0.0016934, 0.0018112, 0, 0.0022517, 0.0021681, 0.001805, 0.0019747, 0.0026665, 0.0025562, 0.0021653, 0.0029668, 0.0026202, 0.0028792, 0.0019296, 0.0018858, 0.0018595, 0, 0.0021118, 0.0024782, 0.00273, 0.0026494, 0, 0, 0.0017544, 0.0014942, 0.0017352, 0.0019739, 0.0018188, 0.0017232, 0.0018944, 0.0019577, 0, 0, 0.001345, 0.0014799, 0.0021808, 0, 0.0023347, 0.0027879, 0.0031908, 0, 0.0023728, 0, 0.002143, 0.0016837, 0.0015822, 0.0017103, 0.0019128, 0, 0.0020458, 0.0022731, 0.0022347, 0.0023263, 0.0021383, 0.0015742, 0, 0.003608, 0.0020546, 0.002148, 0.0020795, 0, 0.002461, 0.0025931, 0.0023737, 0.0020114, 0, 0, 0.0024561, 0.0014667, 0.0020324, 0.0022968, 0.0020062, 0, 0, 0.001313, 0.0014816, 0.0010369, 0, 0.0022635, 0.0020849, 0.0018507, 0.0021798, 0.0020107, 0.0021898, 0.0020639, 0.0024567, 0.0027081, 0, 0.002792, 0.0030597, 0.0023882, 0.0033667, 0.0030977, 0.0024052, 0.0027434, 0.0023808, 0.0024469, 0.0028132, 0.002374, 0, 0.0019727, 0.0016812, 0, 0.0019072, 0.0023005, 0.0024085, 0.0030883, 0.0028048, 0.0026044, 0.0025515, 0.0018906, 0.0021018, 0.0028691, 0.003136, 0.0027239, 0.0020338, 0.0017522, 0, 0.0020031, 0.0020584, 0.0025024, 0.0021441, 0.0018769, 0.0019032, 0.0023273, 0.0025884, 0, 0.0021509, 0.0016915], [0.0008643, 7.4e-06, 0.0005571, 0, 0.0005115, 0.000294, 5.87e-05, 0.0005137, 0.000394, 0, 0.0021114, 0.0030252, 0.0028427, 0.0020847, 0.0018717, 0.0018963, 0, 0.0020988, 0.0023624, 0.0022965, 0.0020561, 0.0023214, 0.0024544, 0, 0.0013679, 0.0021296, 0.0024067, 0.0020603, 0, 0, 0.002391, 0.0016958, 0.0015521, 0.0013663, 0.0003073, 0.0004515, 0, 0.0030414, 0.0029028, 0.0023893, 0.0020331, 0.0017473, 0.0017821, 0.0017496, 0.0014437, 0, 0.0018949, 0.0021637, 0.0025546, 0.0025783, 0, 0.0012978, 0.0028006, 0.0029062, 0.0024898, 0.0019154, 0.0017097, 0.0020168, 0.0023393, 0.0018529, 0, 0.001962, 0.0026355, 0.0029115, 0.0019494, 0, 0.0008606, 0.0018062, 0.0022241, 0, 0.0021157, 0.002344, 0.0021139, 0, 0.0014813, 0.0017567, 0.0016397, 0.0020791, 0.0016397, 0.0014853, 0.0014837, 0, 0.0019495, 0.0019635, 0.0016251, 0.0023013, 0.0024435, 0.001687, 0.0019308, 0.0022012, 0.0021732, 0.0024821, 0.0023251, 0.0019881, 0.0020825, 0.0039022, 0.0046555, 0, 0, 0.0027784, 0.002658, 0.0022853, 0.0018058, 0.0017606, 0.002149, 0.0023323, 0.00225, 0, 0.0029839, 0.002118, 0, 0.0014754, 0.0023785, 0.0025158, 0, 0.0016529, 0.0015741, 0, 0.0031405, 0.0024098, 0.0021716, 0.0024477, 0.0026873, 0.0025002, 0.0024904, 0.0019589, 0.001984, 0.002068, 0.0019192, 0.0022837, 0.0028033, 0.0022498, 0, 0.0019882, 0.0022275, 0.0017224, 0, 0.0024396, 0.0025237, 0.0022481, 0.0020021, 0.0014612, 0.001744, 0.0016725, 0, 0.0022704, 0.0023153, 0.002387, 0.0019447, 0, 0.0026104, 0.0028416, 0.0028337, 0, 0.0024937, 0.0024535, 0.0025451, 0.0028304, 0.0024572, 0.0022304, 0.0024081, 0.0023783, 0.0022092, 0, 0.0011174, 0, 0.0018806, 0.0022499, 0.0017362, 0, 0.001973, 0.0021827, 0.0014246, 0.0011252, 0, 0.0044785, 0, 0.0020886, 0.0019319, 0, 0.0031843, 0.0031118, 0.0026154, 0.0025282, 0.0025928, 0.003438, 0.0026916, 0, 0.0032502, 0.0033027, 0.0029276, 0.0027466, 0.0027219, 0, 0.0014247, 0.0017381, 0.0025159, 0.0024605, 0.0030306, 0.0029979, 0.0026698, 0, 0, 0.002122, 0.0022256, 0.0022466, 0.0024941, 0.0025449, 0.0023335, 0, 0.0031609, 0.0026845, 0.0023819, 0, 0.0017729, 0, 0.0021091, 0.0027783, 0.0022881, 0, 0, 0.0024932, 0.0028161, 0.0026647, 0, 0.0017106, 0, 0.002535, 0.0018313, 0.0017565, 0.0020733, 0.002214, 0.002422, 0.0038082, 0.0036587, 0, 0.002463, 0.0023157, 0.0030659, 0.0030893, 0.0024221, 0, 0, 0.0023126, 0.0018132, 0, 0, 0.0020617, 0.0016538, 0.0021581, 0.0021673, 0.0017566, 0, 0.0024545, 0.0026094, 0.0014078, 0.0005922, 0, 0, 0.0027304, 0.0018285, 0.0024848, 0.0027598, 0, 0.00182, 0.0017177, 0, 0.0018744, 0.0021551, 0.00196, 0.002207, 0.0027263, 0.0023077, 0.0018081, 0.0019328, 0.0020217, 0.0029193, 0.0031274, 0.0018128, 0.0015276, 0, 0.0032143, 0.0018575, 0.0012298, 0, 0.0017216, 0.0025012, 0.0019572, 0.0014794, 0, 0.0022839, 0.0030108, 0.0024352, 0.0021503, 0.0021182, 0.0023336, 0.0027651, 0.0024728, 0.0017964, 0, 0.0021981, 0.0024652, 0.0027768, 0.0026721, 0.0028328, 0.0021504, 0.0020165, 0.0024254, 0.0030622, 0.0028358, 0.0023208, 0.0024156, 0.0020275, 0, 0.0026665, 0.0024506, 0.0023299, 0, 0.002269, 0.0028531, 0.0029741, 0.0029167, 0.003278, 0.0023003, 0.0022532, 0.0017791, 0.0015162, 0.0021532, 0.0025077, 0.0019479, 0, 0, 0.0025653, 0.002366, 0, 0.0016112, 0.0022389, 0.0018172, 0.0021698, 0.0020666, 0.0017056, 0.0020625, 0.0015931, 0.0023233, 0.0028466, 0.00231, 0.002107, 0.0022575, 0.0019462, 0.0011063, 0.0022155, 0.0020276, 0.0021909, 0.0024641, 0.0030875, 0.0021714, 0.0017196, 0.0016808, 0, 0, 0.0020489, 0, 0.0016756, 0, 0, 0.002028, 0.0025833, 0.0027553, 0.0026374, 0, 0, 0.0022818, 0.0022691, 0.0026534, 0.0024982, 0, 0.0035264, 0.002967, 0.0025285, 0, 0.0022318, 0.0020583, 0.0020573, 0, 0.0019821, 0.0023529, 0.0022888, 0.0026546, 0.0016106, 0.0018872, 0.0020166, 0.0017474, 0, 0.0022379, 0.0018314, 0.0019127, 0.0019683, 0.0025675, 0.0026881, 0.0025156, 0, 0.0029267, 0, 0, 0.0020032, 0.0024914, 0.0023633, 0.0018225, 0.0022184, 0.0027388, 0.0022738, 0.0016967, 0.0019073, 0.001883, 0.002907, 0.0037901, 0, 0, 0, 0.0024686, 0.002634, 0, 0, 0.002448, 0.0020442, 0, 0.0022638, 0, 0.0014366, 0.00194, 0.0023851, 0.0020008, 0.0016865, 0.0020804, 0.0025353, 0.0022503, 0.0017573, 0.0017575, 0.0018249, 0, 0.0023045, 0.0018977, 0.0015547, 0, 0.0011321, 0.0016613, 0.0016584, 0.0022144, 0.0025537, 0, 0, 0.0019393, 0.0011507, 0.0006444, 0, 0.0017377, 0, 0.0015449, 0.0021849, 0.0024503, 0, 0.0019396, 0.0020603, 0.0029169, 0.0043659, 0.0020664, 0.0022832, 0.002764, 0, 0.0014916, 0.0017202, 0.0019289, 0.0025477, 0.0026283, 0.0018837, 0, 0.003379, 0.0027314, 0.0021661, 0.0027366, 0.0032094, 0.0018609, 0.0016525, 0.0017849, 0.0015297, 0.0021051, 0.0026815, 0, 0.0029967, 0.0026529, 0.0023896, 0, 0.0031609, 0.002386, 0, 0.0018553, 0.0019014, 0.0021495, 0.0027468, 0.0036649, 0.0026379, 0.0024293, 0.0019706, 0.0016025, 0, 0, 0.002022, 0.0024441, 0.0025387, 0, 0.0021436, 0.0008995, 0, 0.0020137, 0.0017766, 0, 0, 0.00243, 0.0019496, 0.0015557, 0.0013628, 0, 0.0027581, 0.002133, 0.0027773, 0.0031824, 0, 0, 0.0018694, 0, 0.002681, 0.0032748, 0.0022472, 0.0018397, 0.0019134, 0.00195, 0, 0.0025133, 0.0027332, 0.0024856, 0.0022746, 0.0022822, 0.0024388, 0.0020757, 0.0021774, 0.0023313, 0.0025922, 0.0026707, 0, 0.0014365, 0.0012619, 0, 0.0025174, 0.0028988, 0.0027378, 0, 0.002568, 0.0020511, 0.0020271, 0.00203]]}})
      ok  44.0 s  auprc=0.8408476694925249
  [8/10] oilgas_gasturbine seed=44 ...
D:\Data\Harold\github\hsbc-quantum-fraud-2026\.venv\Lib\site-packages\eqc_models\base\results.py:172: UserWarning: Cannot evaluate objective value in results for <class 'eqc_models.ml.classifierqboost.QBoostClassifier'>. Method not implemented.
  warnings.warn(f"Cannot evaluate objective value in results for {model.__class__}. Method not implemented.")
Runtime of _build_weak_classifiers_sq: 41.75 seconds!
Built 560 weak classifiers!
Runtime of get_hamiltonian: 42.55 seconds!
2026-10-06 08:03:19 - Dirac allocation balance = 1150 s
2026-10-06 08:03:19 - Job submitted: job_id='6ac4e387358b23d0cb3719e8'
2026-10-06 08:03:19 - QUEUED
2026-10-06 08:03:22 - RUNNING
2026-10-06 08:04:12 - COMPLETED
2026-10-06 08:04:14 - Dirac allocation balance = 1105 s
SolutionResults(solutions=array([[8.2560e-04, 0.0000e+00, 1.7404e-03, ..., 1.7631e-03, 2.0398e-03,
        2.2189e-03],
       [9.8830e-04, 2.2200e-05, 1.2625e-03, ..., 2.3942e-03, 1.7527e-03,
        1.5290e-03],
       [8.0350e-04, 0.0000e+00, 1.3918e-03, ..., 1.7888e-03, 1.5183e-03,
        1.4885e-03],
       ...,
       [5.3880e-04, 7.5700e-05, 9.6480e-04, ..., 1.6341e-03, 1.4123e-03,
        0.0000e+00],
       [6.6520e-04, 2.0000e-07, 1.3514e-03, ..., 2.6722e-03, 2.7587e-03,
        0.0000e+00],
       [1.5849e-03, 0.0000e+00, 1.9291e-03, ..., 1.8353e-03, 1.7808e-03,
        1.6445e-03]]), energies=array([-21939.3671875, -21939.1308594, -21938.1171875, -21937.7148438,
       -21937.484375 , -21937.3144531, -21936.9023438, -21936.2753906]), counts=array([1, 1, 1, 1, 1, 1, 1, 1]), objectives=None, run_time=[6991887569, 6908864975, 5732194424, 3764778614, 7644275188, 7072189808, 3371136427, 3361557007], preprocessing_time=2701987505, postprocessing_time=[0, 0, 0, 0, 0, 0, 0, 0], penalties=None, device='dirac-3_normalized_qudit', raw_solutions=None, time_units='ns', response={'job_info': {'job_id': '6ac4e387358b23d0cb3719e8', 'job_submission': {'problem_config': {'normalized_qudit_hamiltonian_optimization': {'polynomial_file_id': '6ac4e382d190799f598b191f'}}, 'device_config': {'dirac-3_normalized_qudit': {'num_samples': 8, 'relaxation_schedule': 2, 'sum_constraint': 1}}}, 'job_status': {'submitted_at_rfc3339nano': '2026-10-06T12:03:19.015Z', 'queued_at_rfc3339nano': '2026-10-06T12:03:19.015Z', 'running_at_rfc3339nano': '2026-10-06T12:03:19.73Z', 'completed_at_rfc3339nano': '2026-10-06T12:04:11.339Z'}, 'job_result': {'file_id': '6ac4e3bbd190799f598b1930', 'device_usage_s': 45}}, 'status': 'COMPLETED', 'results': {'counts': [1, 1, 1, 1, 1, 1, 1, 1], 'energies': [-21939.3671875, -21939.1308594, -21938.1171875, -21937.7148438, -21937.484375, -21937.3144531, -21936.9023438, -21936.2753906], 'solutions': [[0.0008256, 0, 0.0017404, 0.0010622, 0.0007308, 0, 1.73e-05, 0.0006184, 0.0003874, 0, 0.0014595, 0.002021, 0.00227, 0.0015871, 0.0017555, 0.0018343, 0, 0.000168, 0, 0.0020014, 0.0020894, 0.0019228, 0.0013567, 0, 0.0021299, 0.001995, 0.0017572, 0.0014714, 0.0015925, 0.0020548, 0.0023893, 0.0019381, 0.0021184, 0.0021181, 0, 0.0005175, 0.0020426, 0.0016395, 0.0019979, 0.0024604, 0, 0.0027036, 0.001766, 0.0021262, 0.0015392, 0.0015382, 0.0023874, 0.0026123, 0.0022992, 0, 0, 0.0010229, 0.0015134, 0.0019125, 0.0020977, 0.0020134, 0, 0.0013312, 0.0013785, 0.0011314, 0.0014772, 0.0014986, 0.0017208, 0.0020691, 0.0018244, 0.0019327, 0.0015171, 0, 0.0023088, 0.0020319, 0.0018978, 0.0025187, 0.0023168, 0.0023341, 0.0026592, 0.002709, 0.0020605, 0.0020794, 0.0020981, 0.0023466, 0.0020504, 0, 0.0023018, 0.0021667, 0.0017461, 0.00134, 0, 0, 0, 0, 0.0021718, 0.0022559, 0, 0.0015664, 0.0012104, 0.0017142, 0.0022332, 0.0022656, 0.0024043, 0.0021811, 0.0018662, 0.0021193, 0.0017443, 0.0016168, 0.0018688, 0.0017973, 0.001763, 0.0017589, 0, 0, 0.0013859, 0.0018929, 0.0017932, 0.0023926, 0.0027592, 0.0026614, 0, 0.0021617, 0.001936, 0.0020338, 0.0018003, 0.0020809, 0.0024633, 0.0025202, 0, 0, 0.0013205, 0.0018619, 0.0019089, 0.0022042, 0.0025114, 0.0029809, 0.0022807, 0.0023674, 0.0022653, 0.001846, 0.0021896, 0.001833, 0.0020892, 0.0022628, 0.0020408, 0, 0, 0.0025826, 0.0024928, 0, 0, 0.001599, 0.0013157, 0, 0.002673, 0.0030052, 0.0022718, 0, 0.0018716, 0.0023228, 0.0026974, 0.0031341, 0.0025036, 0.0023516, 0.0024212, 0, 0, 0.0017409, 0.0023943, 0, 0.0023056, 0, 0.0031101, 0.0022624, 0.0031455, 0.0034965, 0.0024167, 0.0022945, 0.0024704, 0.0027601, 0.0029824, 0.0024669, 0, 0.0032035, 0.0032866, 0.0022281, 0.0018225, 0.0019543, 0.0017786, 0.0017859, 0.0023396, 0.0020475, 0.0016507, 0.0018112, 0.001988, 0.002617, 0.002284, 0.0021274, 0.0023492, 0.0021442, 0.0021336, 0.0026482, 0.0027857, 0, 0.0021181, 0.0018243, 0, 0.0026539, 0.0022225, 0.0020418, 0.0020061, 0.0021791, 0.0020174, 0.0016695, 0.001906, 0.0016199, 0, 0.0022708, 0.0021177, 0.0016934, 0.0016909, 0.0013253, 0.0018843, 0.0017034, 0.0020615, 0.0017985, 0.0023178, 0.0020943, 0.0017207, 0, 0.0018008, 0.0022637, 0.0020836, 0.0022536, 0.0019361, 0.0016596, 0, 0.0012751, 0.0019278, 0.0016696, 0.0018705, 0.0020638, 0.0019143, 0, 0.0015235, 0.0020669, 0, 0.002459, 0.0020207, 0.0020074, 0.0017797, 0, 0.0023502, 0.0025973, 0.0028162, 0.0025337, 0, 0.0011115, 0.0009958, 0, 0.0029142, 0.0021429, 0.0023399, 0.0025844, 0.002667, 0.0026744, 0, 0.0019395, 0.0019618, 0.0019351, 0, 0, 0.0021888, 0.0015893, 0.0018506, 0.0022886, 0.002253, 0, 0.0017877, 0.0020301, 0.001828, 0.0016346, 0, 0.001865, 0, 0, 0.0019376, 0, 0.0023172, 0.001651, 0.0019173, 0.0025558, 0.0024633, 0.002673, 0.0026763, 0.0029562, 0.0024156, 0.0019626, 0.0017175, 0, 0.0018851, 0.0015371, 0.0019855, 0.0026046, 0.0023946, 0.0019177, 0, 0.0030884, 0.002896, 0.0015363, 0.0018826, 0.0023068, 0.0019429, 0.0023502, 0.0020324, 0.0022611, 0.0027557, 0.0024655, 0.0021047, 0.0021405, 0.0020561, 0.0018826, 0, 0, 0.0027729, 0.0022858, 0.0015639, 0.0018892, 0.0018191, 0.0016448, 0.0018642, 0.0018917, 0, 0.0027231, 0.0023587, 0, 0.0022334, 0, 0.0022034, 0.0018418, 0.0023312, 0.0024584, 0, 0.0018496, 0.0017963, 0.0021238, 0.0021965, 0, 0.0018272, 0.0022557, 0.001545, 0.0012402, 0.0020888, 0.0017744, 0.0018965, 0.0025792, 0.0009855, 0.0019106, 0.0022519, 0.0034789, 0.0028, 0.0023562, 0.0023112, 0.0019736, 0, 0.0024605, 0.0017711, 0, 0.0030551, 0.0017513, 0.0023015, 0.0026064, 0, 0.0020435, 0.0024338, 0.0020307, 0, 0.0021456, 0.0022503, 0.0022547, 0.0023041, 0, 0.0018385, 0.0013981, 0.001918, 0.0023837, 0, 0.0030271, 0.0030249, 0.0022869, 0.0026526, 0.0030856, 0.0032126, 0.0037229, 0.0026567, 0.0023441, 0.0022953, 0, 0.001424, 0.0019487, 0.0027893, 0.0032249, 0.0024809, 0, 0.0014761, 0.0015106, 0.0018827, 0.0023963, 0.0021294, 0.0014068, 0.0019598, 0.0025117, 0.0027399, 0.0026235, 0.0030062, 0.0034867, 0.0030046, 0.0025188, 0.003, 0.0030763, 0, 0.0019984, 0.0024418, 0.0026577, 0.0030144, 0.0032711, 0.0020523, 0.0020005, 0.0021683, 0.002206, 0.0028004, 0.0024751, 0.0019566, 0, 0, 0.0024975, 0.0030028, 0.0023863, 0.0016822, 0.0018919, 0.0019572, 0.002065, 0.0021903, 0.001921, 0.0024258, 0.0038302, 0.002385, 0.0020544, 0.0020958, 0.0014891, 0, 0.0026158, 0.0017172, 0.0009263, 0.0007411, 0.0006297, 0, 0.001013, 0.0024004, 0.0029502, 0.0023326, 0.0026924, 0.0026452, 0.0025671, 0.0026879, 0.0018911, 0.0023838, 0.0016822, 0.0020054, 0.0027027, 0.0019694, 0.0016513, 0, 0, 0.0017382, 0.0018776, 0.0026142, 0.0029253, 0.0019297, 0.0011242, 0, 0.0021486, 0.0015446, 0.0017482, 0.001905, 0.0019643, 0.0021944, 0.0024053, 0.0023697, 0.0023947, 0.003187, 0.003098, 0.002582, 0.0026926, 0.0027295, 0, 0.0020262, 0.0019947, 0, 0.0021844, 0, 0, 0.0022446, 0.0020596, 0.0017151, 0, 0.0017736, 0.0020998, 0.0027341, 0.0026444, 0.0023344, 0, 0.0022679, 0.002777, 0.0027269, 0.002675, 0.0025433, 0.0024272, 0.0026225, 0.002776, 0.0027283, 0, 0.0006583, 0.0013806, 0.0019624, 0.0019257, 0.0020304, 0.0019501, 0.0023681, 0.002442, 0.001796, 0.0016044, 0.001417, 0.0014875, 0.0017178, 0.0012728, 0.0016798, 0.0019156, 0.0020962, 0.0016695, 0.0016616, 0.0021204, 0.001789, 0.0017746, 0.0020434, 0.0022086, 0.0028493, 0.0034624, 0.0018219, 0.0013097, 0, 0.0020436, 0.0017756, 0.0013834, 0.0012799, 0, 0.0019539, 0.0021713, 0.0022694, 0.0016509, 0.0018422, 0.0017631, 0.0020398, 0.0022189], [0.0009883, 2.22e-05, 0.0012625, 0.0008716, 0.000755, 0.0003576, 5.52e-05, 0.0007745, 0.0005915, 0, 0, 0.0019974, 0.0019466, 0, 0.0023948, 0.0020406, 0.0021371, 0.0010075, 0.0022811, 0.0019881, 0, 0.0026188, 0.0013426, 0.0016892, 0.0017875, 0.0022031, 0.0026516, 0.0022942, 0, 0.0025522, 0.0024017, 0.0019792, 0.0020822, 0.0013281, 0.0002008, 0, 0, 0, 0.0029669, 0.0022432, 0.0017821, 0.0018559, 0.0011104, 0.0007826, 0, 0.0017081, 0.0017383, 0, 0.002161, 0.0019573, 0.0020771, 0.0014499, 0.0024821, 0.0019609, 0, 0.0008777, 0, 0.0018336, 0.0022444, 0.0019197, 0.0023729, 0.0026095, 0.0024889, 0.0023669, 0.0021208, 0, 0.0012733, 0, 0.002462, 0, 0.0010871, 0.0020956, 0.0016625, 0, 0.0019838, 0.0024046, 0.002625, 0.0021394, 0.0024152, 0.0025817, 0.002057, 0.0019517, 0.0017709, 0.0017343, 0.001659, 0, 0.0019087, 0.0018566, 0, 0.0018377, 0.0018545, 0.0020016, 0.0024088, 0.0015249, 0.0010453, 0.0024485, 0.0026417, 0.0021893, 0.0022413, 0.0020066, 0, 0.0019518, 0.0022512, 0.0021237, 0.0020266, 0.0015783, 0, 0.0016197, 0.0022668, 0.0027071, 0.0022184, 0.0019891, 0.00262, 0.0032707, 0.0029882, 0.0027527, 0.0031005, 0.0031237, 0.0022789, 0.0022991, 0.0031142, 0.0029319, 0.0028212, 0.0027155, 0.0028038, 0.0020038, 0.0017888, 0.0016216, 0, 0, 0, 0.0020048, 0, 0.0012475, 0.0019752, 0.0017726, 0.0025038, 0.0024562, 0, 0.0016851, 0.0015357, 0.0016802, 0.0021533, 0.0017397, 0.0014699, 0, 0.0019256, 0.0015693, 0, 0.0010068, 0, 0, 0.0031013, 0.0020838, 0.0019714, 0.0024626, 0.0022403, 0, 0.002044, 0.0021206, 0.0019813, 0.0018697, 0.0017477, 0.0016452, 0, 0.0015402, 0.0024309, 0.0033379, 0.0034135, 0, 0.0022266, 0.0025447, 0.0019686, 0.0023962, 0.0027381, 0.0018051, 0.0022421, 0.0027539, 0.00267, 0.0016227, 0.002471, 0.002583, 0.0020532, 0.0023579, 0.0029602, 0.0025219, 0.0013218, 0.0019526, 0.0026344, 0, 0.0025635, 0.002399, 0.0026849, 0.0022418, 0.0020336, 0, 0.002415, 0.0025056, 0.0022893, 0.0021108, 0, 0.0011719, 0.001506, 0.0017597, 0, 0.0030405, 0.0022301, 0, 0.00158, 0.0022005, 0.0021862, 0.0024006, 0.0020681, 0.0015016, 0, 0.0014069, 0.0019225, 0.0026144, 0.0025365, 0.0020012, 0.0031129, 0.0025906, 0.002207, 0.0014401, 0.0018011, 0.0018391, 0.0019175, 0.0020478, 0, 0.0015344, 0.0014239, 0.0012704, 0, 0.001952, 0.0011765, 0, 0.002025, 0.0020051, 0.0018024, 0.0021043, 0.0017056, 0.0017512, 0.0020046, 0.0021841, 0.0014958, 0.0018335, 0.0027359, 0.0025677, 0, 0.0023537, 0.0015816, 0.0022233, 0.0025356, 0.0028679, 0.0021462, 0.0020663, 0.0018787, 0.0024055, 0.0023777, 0.0011611, 0.0022948, 0.0024835, 0.0021757, 0.0017377, 0.0014998, 0.0017861, 0.0018451, 0.0020185, 0.0023728, 0.0025494, 0, 0.002017, 0.0020535, 0.0018601, 0, 0.0017086, 0.0023807, 0.0023409, 0.0024956, 0.0029242, 0.0024004, 0.0022883, 0.0019837, 0.0018178, 0, 0.0020394, 0.0022943, 0.0025032, 0.0026709, 0, 0, 0.0035244, 0.002567, 0.0021288, 0.002118, 0.0020019, 0.0011269, 0, 0, 0, 0.0027541, 0.0033524, 0.0022639, 0.0019463, 0.0024752, 0.0026433, 0.0029333, 0.0029846, 0, 0.0024996, 0.0032249, 0.0021275, 0.0017633, 0.0014254, 0.0016555, 0.0021083, 0.0020591, 0, 0.0015601, 0.0021673, 0.0018108, 0.0024377, 0.0018946, 0.0015265, 0, 0.002462, 0.0020809, 0.0019386, 0.002258, 0.0023549, 0.0026206, 0.0026586, 0.0027702, 0.0025683, 0.0025099, 0.0026098, 0.0012663, 0.0017949, 0.0020746, 0.001902, 0.0019011, 0, 0.0022733, 0.0020088, 0.0017298, 0, 0.0004909, 0, 0.0020942, 0.0016467, 0.0016677, 0.0014324, 0.0024667, 0.0038555, 0.0041121, 0, 0, 0.0031376, 0.0029799, 0.0024377, 0, 0.0022593, 0.0019224, 0.0015875, 0, 0.0023302, 0.0022376, 0.001584, 0.0016698, 0.001659, 0, 0.0020797, 0.0023864, 0.0021934, 0.002436, 0.0023782, 0, 0.002751, 0.0028559, 0.0028044, 0.0020431, 0.0021095, 0.0021888, 0.0022612, 0.0021979, 0, 0.0023331, 0, 0.0015597, 0.0023325, 0.0024503, 0, 0.0022691, 0.0020035, 0, 0, 0.0021741, 0.0024864, 0.0017308, 0.0018184, 0.001427, 0, 0, 0, 0, 0.0018154, 0, 0.0022203, 0.0015976, 0.0018644, 0.0022205, 0.0021249, 0.0023504, 0.0023139, 0, 0.0016671, 0.0023076, 0.0028354, 0.0021386, 0.0017959, 0, 0.002638, 0.0026061, 0.0024334, 0.0019997, 0.0017453, 0, 0.000999, 0, 0.0015849, 0.0017595, 0.0020382, 0.0018177, 0.0025824, 0.0029492, 0.0030908, 0.0020707, 0, 0.0026474, 0.0021043, 0.0019873, 0.0017749, 0.0014923, 0.0018738, 0.0024718, 0.0021227, 0.002721, 0.0025249, 0.0021273, 0.0018792, 0.0024477, 0.0028272, 0.0018775, 0.0020835, 0.0020733, 0.0018917, 0.0024423, 0.0024211, 0.0017061, 0, 0.001901, 0.0017557, 0, 0.001445, 0.0019629, 0, 0.0014347, 0.0026277, 0.0025502, 0.0016796, 0.0014488, 0.0014031, 0.0019709, 0.0023803, 0.0028119, 0.0021677, 0.0026695, 0.001998, 0.0019449, 0.0021522, 0.0021739, 0.0027769, 0.003182, 0.0017665, 0, 0.0020609, 0.0020895, 0.0025999, 0.002668, 0.0024759, 0.0022771, 0, 0.0029909, 0.0022085, 0.0011863, 0.0027119, 0.0021348, 0.0024125, 0.002422, 0.0022325, 0.0020129, 0.0022304, 0.0029001, 0.0014484, 0.00179, 0.0022443, 0.003239, 0.0030457, 0.0023168, 0, 0.0024002, 0.0018052, 0, 0.0023237, 0.0027072, 0.0025173, 0.0020025, 0.0017109, 0.002146, 0.0021057, 0.0015141, 0, 0.0026504, 0, 0.0019975, 0.0019532, 0.0023943, 0.0026874, 0.002476, 0.001781, 0.0018793, 0.0019672, 0.0018885, 0.0017419, 0.0019588, 0.0015677, 0.0020291, 0.0029159, 0.0025291, 0.0021684, 0.0020806, 0.0017247, 0.0019578, 0.002611, 0.0027742, 0.0020722, 0.0017891, 0.0020412, 0.0015215, 0.0018255, 0.0019683, 0.0017813, 0.0018048, 0.0014374, 0.0019652, 0.0026875, 0.0026652, 0.0023942, 0.0017527, 0.001529], [0.0008035, 0, 0.0013918, 0.0011416, 0, 0.0002807, 1.59e-05, 0.0004436, 0.0004569, 0, 0.0027439, 0.002026, 0.0016548, 0.0014808, 0.0013599, 0, 0.0015865, 0.0009569, 0.0020916, 0, 0.0011881, 0, 0.0020967, 0.0023692, 0.0017436, 0.0022387, 0.0019884, 0.0019424, 0.0020022, 0.0018786, 0, 0.0027134, 0.002704, 0.0022741, 0.0002495, 0.0007517, 0.0032538, 0.0019848, 0.0016216, 0.0015237, 0.0009009, 0, 0.0022573, 0.0021797, 0.0021014, 0.001867, 0.0018007, 0, 0.0026871, 0.0018167, 0.0017274, 0.001405, 0.0022735, 0.0029313, 0.0032769, 0.0032021, 0, 0, 0.0019874, 0.0017882, 0.0021565, 0, 0.0036779, 0, 0.0022821, 0.0022597, 0, 0.0014379, 0.0020507, 0.0015812, 0.0022884, 0.0027652, 0, 0.001561, 0.0025808, 0.0037579, 0.0024136, 0.00174, 0.0019509, 0.0006991, 0, 0.0030817, 0.0027847, 0.0017353, 0.001307, 0, 0.0027172, 0.0028222, 0.0020675, 0.0020656, 0.0017962, 0, 0.0020831, 0.0020848, 0.0018768, 0.0016531, 0, 0, 0.0019285, 0.002181, 0.0018994, 0.0019671, 0.0026862, 0.0030775, 0.0023023, 0.0027055, 0.0028524, 0.0024269, 0.0021774, 0.0023419, 0.0024325, 0, 0.0013567, 0, 0.0018877, 0.0015996, 0.0013712, 0.0016132, 0.0025273, 0.0022762, 0.0019998, 0.0022806, 0.0022301, 0.003008, 0.0024905, 0.002121, 0.0020064, 0.0017563, 0.0018107, 0, 0, 0.0018409, 0.0023924, 0.0029193, 0.0029968, 0.0031696, 0.0017661, 0.0013548, 0, 0.0022956, 0.002494, 0, 0.0017326, 0.0025488, 0.0023117, 0.002933, 0.0021844, 0.0017874, 0.0016647, 0, 0, 0.0034498, 0.0033944, 0.003109, 0, 0.002231, 0.002552, 0.0025548, 0.0025131, 0.002521, 0.0025663, 0.0025637, 0.0023954, 0.0021133, 0, 0, 0.0018454, 0.0017661, 0.0016543, 0.0013786, 0.0027874, 0.0023077, 0.0012653, 0.0011962, 0.0012018, 0.0017701, 0.0023421, 0.0020911, 0, 0, 0.0020635, 0.0018594, 0.0019047, 0.0020246, 0.0025635, 0.0023425, 0.0021169, 0, 0.0021296, 0.001876, 0.0017616, 0, 0.0025246, 0.001853, 0.001775, 0.0017458, 0, 0.0030378, 0.001839, 0.0020979, 0.0028241, 0.0029332, 0, 0, 0.002437, 0.0022313, 0.0025109, 0.0027745, 0.0030081, 0.003451, 0.0031161, 0.0017268, 0.0016544, 0.0021092, 0.0021091, 0.0025265, 0.0024685, 0.0022939, 0, 0.0021912, 0.0033799, 0.0036301, 0.003184, 0.0022416, 0, 0.0025125, 0.0022798, 0, 0.0024385, 0.0026894, 0.0018533, 0, 0.0019934, 0.0024382, 0.0024201, 0.0027344, 0.0021648, 0.0024835, 0.0031049, 0.0017002, 0.0016699, 0.0028466, 0.0027185, 0.0017359, 0.0020036, 0.0026494, 0.0020852, 0.0017397, 0, 0.0010977, 0, 0.0019886, 0.0023731, 0, 0.0027324, 0.0018778, 0.000874, 0, 0.0015798, 0.0016801, 0.0018276, 0.002404, 0.0023024, 0.0021605, 0.0021593, 0, 0.0016666, 0, 0, 0.0029772, 0.0026336, 0.0022978, 0.0020667, 0.0023072, 0.0022293, 0.002185, 0.0020743, 0.0015564, 0.0019632, 0.002248, 0, 0.0018392, 0.0017453, 0, 0.0024944, 0.0024519, 0.0024893, 0.0010922, 0.0019442, 0.0017932, 0.0022615, 0.0025141, 0.0024343, 0, 0.0022629, 0.0019123, 0.0013967, 0.001601, 0.0017825, 0.0020842, 0.0027193, 0.0029565, 0.0021449, 0.0017887, 0, 0.0016438, 0.0020024, 0.0022818, 0.0018325, 0.0018584, 0.0026446, 0.0027718, 0.0025616, 0.0028786, 0.0037073, 0.0026807, 0.0029156, 0.0032936, 0, 0.0010794, 0.0013117, 0.0015517, 0.0020308, 0.0020357, 0.002636, 0.0024769, 0.0028424, 0.0018065, 0.0020202, 0.002829, 0.0026281, 0.0018173, 0.0016477, 0.0025087, 0.0022402, 0, 0.0018537, 0.0018421, 0.0022191, 0.0023108, 0.0029121, 0.0027325, 0.0028719, 0.0022305, 0.0027151, 0.0030787, 0, 0.002119, 0.0020775, 0.0015279, 0.0020892, 0.0021222, 0.002193, 0.0021995, 0, 0.003134, 0.0020827, 0.0020681, 0.00252, 0.0024655, 0.0021107, 0, 0.0021031, 0.0019572, 0.0020715, 0.0020416, 0.0024043, 0.0021401, 0.0018755, 0.0013444, 0.0008121, 0.0016483, 0.0017528, 0.0022519, 0.0027106, 0.0022915, 0.0028509, 0.0022781, 0.0016685, 0.0019607, 0.0017835, 0.0014137, 0, 0.0022705, 0.0013376, 0.0010661, 0.0015193, 0, 0.0035032, 0.0022318, 0.0029083, 0.0027418, 0.0023266, 0.001845, 0.0021736, 0.0023382, 0.0023025, 0, 0.0019872, 0.0014084, 0.0025097, 0.0021728, 0.002058, 0.0013894, 0, 0.0021147, 0, 0.0015819, 0.0015571, 0, 0.001776, 0.0017727, 0.0021847, 0.0025705, 0, 0.0017528, 0.0017331, 0, 0.0010226, 0, 0.000882, 0.0007655, 0, 0.0021123, 0.0010663, 0, 0.0022973, 0.0015993, 0.0019159, 0.0024829, 0.001396, 0.0013436, 0.0018938, 0.0019597, 0.0024241, 0.0023055, 0.0016289, 0.0018556, 0.0026347, 0.0026613, 0.0024993, 0, 0.0015964, 0.0017058, 0.0018668, 0.0019391, 0, 0, 0.0018778, 0.0012617, 0.0013563, 0.0018301, 0.0023888, 0.0018488, 0.0015851, 0.0021928, 0.0021044, 0.0016042, 0.0013254, 0.0015876, 0.0018459, 0.0017394, 0.0018359, 0.0021123, 0.001895, 0.0018148, 0.0022869, 0.0027239, 0.0028208, 0, 0, 0, 0, 0, 0, 0.001537, 0.0019115, 0.002251, 0.001785, 0.0020558, 0.0022779, 0, 0.0022663, 0.0021836, 0.0022019, 0.0016286, 0.0019046, 0.0024245, 0.0021218, 0.0020805, 0.0027591, 0.0027757, 0.0017262, 0.0021073, 0.0020887, 0.0026061, 0.0028537, 0.0028152, 0.0025868, 0.0028292, 0.0022718, 0.00202, 0.0016962, 0.0020493, 0.0029182, 0.0020314, 0.0013938, 0.0018817, 0.0030959, 0.0020519, 0, 0.0024695, 0.0022778, 0.001935, 0.0026946, 0.0031735, 0.0024484, 0.001878, 0.0013152, 0.0016312, 0.0025403, 0.0019907, 0.001951, 0.002021, 0, 0.0025545, 0.0019153, 0, 0.0017553, 0, 0, 0, 0.0023556, 0.0020711, 0.0016391, 0.0020824, 0.0019238, 0.0021443, 0.0025264, 0.0023173, 0.0016698, 0.0021248, 0.0027294, 0.0023046, 0.0023676, 0.002692, 0.0023134, 0.0023615, 0.002454, 0.0020989, 0.0018384, 0, 0, 0, 0.002016, 0.0019066, 0.0018655, 0.0017888, 0.0015183, 0.0014885], [0.000551, 0, 0, 0.000809, 0.0005305, 0, 7.54e-05, 0.0006313, 0.0004981, 1e-07, 0.0020409, 0.0021206, 0.0023051, 0, 0.0018332, 0.0019336, 0.0020968, 0, 0.0022982, 0.002522, 0.0025941, 0.0024266, 0.0021083, 0.0022669, 0.001833, 0, 0.0025668, 0, 0.0023856, 0.0017342, 0, 0.002815, 0.0023401, 0, 0.0002949, 0.0007642, 0.0032434, 0.002836, 0.0027287, 0.0026061, 0.0036524, 0.0027197, 0.002117, 0.0025974, 0.0026082, 0.0018286, 0.0013, 0.0015658, 0.0020531, 0.0016079, 0.0017298, 0.0009793, 0.0014553, 0.0023059, 0.0031995, 0.0028991, 0, 0.0027697, 0.0032422, 0.0019877, 0.0019649, 0.0019245, 0.001887, 0.0017458, 0.0022664, 0.0021214, 0.0014092, 0, 0.0028491, 0.0027696, 0.0016419, 0, 0.0023423, 0, 0.0020714, 0.0020026, 0, 0.0019774, 0.0027111, 0.0011338, 0.0015411, 0.0018523, 0, 0.0024881, 0.002509, 0.0027111, 0.0025242, 0, 0.0014901, 0.0016983, 0.0016143, 0.0017518, 0.0021941, 0.0017833, 0, 0.0016023, 0.0022504, 0.002754, 0.0020583, 0.001421, 0, 0.001482, 0.0022027, 0.0019895, 0.0018772, 0.0017987, 0, 0, 0.0030113, 0.002917, 0, 0, 0.0025404, 0.0019678, 0.0017587, 0.0017304, 0, 0.0015128, 0.0016865, 0.0017135, 0.0020734, 0.0021943, 0.0018585, 0.0019563, 0.0014661, 0.0010867, 0, 0.0022203, 0.0022505, 0.0017263, 0.0018927, 0.0014882, 0.0011889, 0, 0, 0.0030516, 0.0031083, 0.0021904, 0.0027603, 0.0033936, 0.0026646, 0.0025924, 0.0022059, 0.0019819, 0.0015024, 0.0022543, 0.0025265, 0.0025097, 0.0019618, 0.0017207, 0.0023673, 0.0032775, 0.0020328, 0.001564, 0.0013841, 0.001038, 0, 0.0021284, 0.0016495, 0, 0.0018892, 0.0017001, 0.0020056, 0.0011964, 0.0016306, 0.002124, 0.001878, 0.0022283, 0.0021061, 0.0021695, 0.0022297, 0.0011978, 0, 0.0019638, 0.002109, 0.0020123, 0.0027375, 0.0024741, 0.0026328, 0.0031288, 0.0028122, 0.0021726, 0.0019733, 0.0022955, 0.0025008, 0.0024246, 0, 0.0026022, 0.0017947, 0.0022188, 0.0027721, 0, 0.0020249, 0.0024889, 0.0020862, 0.0024287, 0.0030716, 0.0023508, 0.0019654, 0, 0.0014999, 0.0024459, 0.002485, 0.0024213, 0.0018616, 0, 0.0020841, 0.0022066, 0.0026211, 0.0027201, 0, 0.0016166, 0.0015749, 0.0013568, 0.001762, 0.0028338, 0.0022611, 0.0027239, 0.0032888, 0.0019102, 0.0023082, 0.0021416, 0.0027218, 0.0024372, 0.0023045, 0.0022666, 0, 0.0012013, 0.0014717, 0.0022886, 0.002195, 0.0016374, 0, 0.0017655, 0, 0.0016447, 0.0013449, 0.0016968, 0.0020875, 0, 0.0014418, 0.0020159, 0.0033993, 0.0030332, 0.0035915, 0.0036069, 0.0016143, 0.0019932, 0.0025809, 0, 0.0021764, 0.001557, 0.0020778, 0.0022883, 0.0021305, 0.0019272, 0, 0.0025554, 0.002654, 0.0026012, 0.0029324, 0.0025057, 0.0017382, 0, 0.0027544, 0.0025183, 0.0015863, 0.0016527, 0.0015372, 0.0019177, 0.0021107, 0.0019062, 0.0029561, 0.0027531, 0, 0.0014358, 0, 0.0028298, 0.002299, 0, 0.0018811, 0, 0.0024322, 0.0025987, 0.0025616, 0.0021709, 0.0019733, 0, 0.0022735, 0.0020983, 0, 0.0029473, 0.0023576, 0.0020608, 0.0020326, 0.0029823, 0.003186, 0.0029763, 0.0022156, 0.002099, 0.0017153, 0, 0.0018259, 0.0019455, 0.0021228, 0.0021134, 0.0020039, 0.0016732, 0, 0.0026606, 0.0023398, 0.002339, 0.0024069, 0.0023913, 0, 0.0030569, 0, 0.0022856, 0.0023302, 0.0024753, 0.0015722, 0.0019187, 0.0019878, 0.0018898, 0.0021279, 0.0023987, 0.0022513, 0.0015527, 0.0022261, 0.0028967, 0.0028093, 0, 0, 0.0026645, 0.0028953, 0.0022514, 0.0016312, 0.0015199, 0, 0.0021783, 0.0025886, 0.0026736, 0.0021686, 0.0022244, 0.0020502, 0.002977, 0.0041182, 0.0025686, 0.0024507, 0.0019084, 0.0020153, 0.0020062, 0.0015402, 0.0016422, 0.001724, 0.0015744, 0.001501, 0.001963, 0.0012972, 0.0010354, 0, 0.0014807, 0.0021984, 0.0024096, 0, 0.0030458, 0.0026215, 0.0025601, 0.00216, 0.0019039, 0, 0.0017492, 0.0016092, 0.0013236, 0, 0, 0.0020514, 0.0023641, 0.0025148, 0.002659, 0.0026782, 0, 0, 0.002209, 0.0015406, 0.0013523, 0, 0.0039846, 0.0026213, 0.0019943, 0, 0.0029923, 0.0028323, 0, 0.0020352, 0.0019276, 0.0022578, 0.0024272, 0, 0.0012224, 0, 0.0021213, 0.0022936, 0, 0.0018469, 0.0017761, 0.0018754, 0.002439, 0.002577, 0, 0, 0, 0.0017045, 0.0015307, 0, 0.0029701, 0, 0.0023871, 0.0027273, 0, 0.0026248, 0, 0, 0.0017576, 0.0015834, 0.0022231, 0.0030791, 0.0029482, 0, 0.0012467, 0, 0.001321, 0.001517, 0.0018494, 0.0019034, 0.0024372, 0.0028284, 0, 0.001901, 0.0015435, 0.0011715, 0.0015982, 0.0021655, 0.0026893, 0.0028245, 0.0024302, 0, 0.0029633, 0.0024859, 0.0017155, 0, 0.0018294, 0.0020385, 0.0018996, 0.0018761, 0.0017994, 0.0020683, 0.0029072, 0.001331, 0.0019273, 0.002219, 0.001748, 0, 0.0022534, 0.0021749, 0, 0.0012497, 0.0017266, 0.0021201, 0.0025751, 0.0029001, 0.0012974, 0, 0.0029561, 0.0025143, 0.0017157, 0.0019594, 0.0023887, 0.0025313, 0.002319, 0.0016636, 0.0009031, 0, 0.002161, 0.0024002, 0.0022496, 0.0019938, 0.0014829, 0.0013206, 0, 0, 0.0028987, 0.0020179, 0.0018012, 0.0020033, 0.0025305, 0.002039, 0.0017613, 0, 0.0021656, 0.0021082, 0.002252, 0.0025712, 0.0026759, 0.0026344, 0.0025085, 0.0015635, 0.0017864, 0.0018387, 0.0017485, 0.0022781, 0.0025739, 0, 0.0018755, 0.0009606, 0.0017977, 0.0018191, 0.001977, 0.0019721, 0.0016142, 0.0020926, 0.0027915, 0.0017036, 0.0016368, 0.0024985, 0.0023148, 0.0020265, 0.0021913, 0.0018136, 0.0025088, 0.0029949, 0, 0, 0.001864, 0.002194, 0.0023695, 0.0017593, 0.002869, 0.0032508, 0.0024633, 0.0019651, 0.0016915, 0.0023756, 0.001987, 0.001299, 0.0017697, 0.0020592, 0.0020441, 0.0024469, 0.0021852, 0.0022567, 0.0019301, 0.0018021, 0.0014902, 0, 0.0030117, 0.0023663, 0.0022879, 0.0029967, 0.0031147], [0.0008887, 3.34e-05, 0, 0.0011718, 0, 0.0002923, 0, 0.0002279, 0.0001959, 1e-06, 0, 0.001412, 0.0012699, 0.0016236, 0.0016931, 0, 0, 0.0010448, 0.0022702, 0.0024045, 0.0018955, 0.0017536, 0.0014706, 0.0017457, 0.0016864, 0.0019258, 0.0019143, 0.0022626, 0.0019715, 0.0022943, 0.0023983, 0.0025669, 0.0028345, 0, 0, 0.0004777, 0.0012504, 0.0018898, 0, 0.0037228, 0.0024903, 0.0023473, 0.0024284, 0, 0.0014392, 0.0014808, 0.0016136, 0, 0.0026084, 0, 0.0017046, 0.0009861, 0, 0.0031235, 0, 0.0029466, 0.001979, 0.0015996, 0.0023003, 0.0020066, 0.002645, 0.0025406, 0.0028343, 0.0024904, 0.002145, 0.0019733, 0, 0.0027981, 0.0023363, 0, 0.0027707, 0.0025609, 0.003195, 0.0029193, 0.002479, 0, 0.0022427, 0.0022086, 0, 0.0022988, 0.0020861, 0.0025753, 0.0028314, 0.0024783, 0.0025985, 0.0025793, 0, 0.003132, 0.0028053, 0.0026784, 0.0020054, 0.0018889, 0.0017174, 0.0014729, 0.0019408, 0.0024017, 0, 0.0026522, 0.0023047, 0.0027176, 0.0026105, 0.0032641, 0.0026583, 0.0020955, 0, 0.0024074, 0.0016198, 0.0013936, 0, 0.0018951, 0, 0.0023686, 0.0026727, 0.0023586, 0.0022166, 0.002079, 0.0019558, 0, 0.0027846, 0.0021567, 0.001893, 0, 0.0017376, 0.0021881, 0.0027773, 0.0031763, 0.0019175, 0.002034, 0.0028373, 0.0026789, 0.0021528, 0, 0.0025656, 0.0023807, 0.0022571, 0, 0.0026859, 0.001839, 0.0012976, 0.0022648, 0.0022602, 0.0018738, 0, 0.0008753, 0, 0.0023576, 0, 0, 0.0020631, 0.0026457, 0.0021064, 0.0015656, 0.0020043, 0.0018989, 0.0018018, 0.0023804, 0.0024881, 0.0021912, 0.0021094, 0.0021848, 0.0023705, 0.0026357, 0.0022259, 0.0020795, 0.0021618, 0.0018103, 0.0013749, 0.0020038, 0.0027176, 0, 0, 0.0042891, 0.0027086, 0.0022166, 0.0024962, 0.0022288, 0.0021191, 0, 0.0020745, 0.0028408, 0.003714, 0.0026535, 0.0020509, 0.0017239, 0.0015215, 0, 0.0020714, 0, 0.0021507, 0.0021209, 0.00241, 0.001419, 0.0019212, 0.0024535, 0, 0.0028397, 0.0021562, 0.0027927, 0.0033215, 0, 0.0016096, 0.001766, 0.0017787, 0.0017336, 0, 0, 0, 0.0023398, 0.0026036, 0.0022421, 0.0014052, 0.0015192, 0.0021577, 0.0026239, 0.0027217, 0, 0, 0.0028601, 0.002457, 0.0020973, 0.0018969, 0.0019242, 0.0015985, 0.0017094, 0.0021255, 0.0019682, 0.0017254, 0, 0.0021066, 0.0017126, 0.0018586, 0.0019051, 0.0010994, 0.0018818, 0.0017633, 0.0023954, 0.0019975, 0.0017137, 0.0024569, 0.0029589, 0.0021754, 0, 0.0018791, 0.0025137, 0.0024776, 0, 0.0013316, 0, 0.0018588, 0.0019278, 0.0018147, 0.0022546, 0.0025447, 0.0024058, 0.002348, 0, 0.0021448, 0.0022017, 0, 0.0006766, 0, 0.0020639, 0.0024797, 0.0023566, 0.0022888, 0.0020688, 0.002282, 0.0023723, 0.0024337, 0.0020229, 0, 0.0035726, 0, 0, 0, 0.0024896, 0.001881, 0.0015962, 0, 0.0027838, 0.0029308, 0.0020426, 0, 0.0021498, 0.0022601, 0.0024504, 0.002457, 0.0023809, 0.002118, 0.0016679, 0.0018989, 0.002167, 0.0014651, 0.0024208, 0.0029405, 0.0028205, 0.0036492, 0.0033441, 0.0025878, 0.0035324, 0.0014687, 0.0016369, 0.002296, 0.0028954, 0.0030877, 0.0027597, 0.0028338, 0.0017864, 0.0005958, 0, 0.0021111, 0.0028738, 0.0027887, 0, 0.0028924, 0.0030053, 0, 0.0023308, 0.0021926, 0.0018837, 0.0019559, 0.0019372, 0.0019677, 0.0023432, 0.0016315, 0.0008725, 0, 0.0012536, 0.0018408, 0.0024571, 0.0014893, 0.0021712, 0.0027496, 0.0023018, 0.0021113, 0, 0.0018586, 0.0018886, 0.001567, 0.0014236, 0.0018795, 0.0021616, 0, 0.0019376, 0.0018185, 0.0017534, 0.0020114, 0.0024002, 0.0018498, 0.0022023, 0.0026722, 0.0025583, 0.0026367, 0.0023634, 0, 0.0025561, 0.0020188, 0.002124, 0.0020888, 0.0023084, 0.0024551, 0.0019177, 0.0017902, 0.0024164, 0.0028971, 0.0034044, 0.0028404, 0.0019668, 0.0022035, 0.0017177, 0.00202, 0.0024965, 0.0034585, 0.0031459, 0.0022421, 0.0020837, 0.0022474, 0.0015724, 0.0008787, 0, 0.0024893, 0.0021636, 0.0018262, 0, 0.0022536, 0.0018291, 0.0016643, 0, 0.0015877, 0.0016451, 0.0013122, 0, 0.002637, 0.0016092, 0.0020914, 0.0023754, 0.0020722, 0, 0.0020383, 0.0018327, 0.0014882, 0.0014737, 0.0018856, 0.0019199, 0.0019715, 0.0023407, 0.0017162, 0.0020128, 0.00215, 0, 0, 0.0016526, 0, 0.0025846, 0.0028345, 0.0023879, 0.0022066, 0.0025604, 0.002683, 0.0021091, 0.0020306, 0.0025199, 0.0026545, 0, 0.0021105, 0.0021581, 0.001965, 0.0018333, 0.0013883, 0.0021526, 0.0021921, 0.0012662, 0.0010303, 0, 0.0016415, 0.0021765, 0.0021823, 0.0018687, 0.002155, 0.0027145, 0.0029564, 0.0020921, 0.0017613, 0.0019429, 0.0018395, 0.0016401, 0.0014591, 0.001754, 0.0021504, 0.0018606, 0, 0.0027144, 0.0022559, 0.0022152, 0.0021841, 0.0020983, 0.0015143, 0.0014688, 0.0017696, 0.0024636, 0.0027548, 0, 0.0014118, 0.0029362, 0.0023581, 0.0019031, 0, 0.0027354, 0.0029543, 0.0028747, 0, 0.0019773, 0, 0.0015227, 0.0015676, 0.0017665, 0.0015167, 0.0015267, 0.0022402, 0.0012715, 0.0019489, 0.0023529, 0.0020923, 0.0020484, 0.0030899, 0.003408, 0.0025855, 0.0021648, 0.0020266, 0, 0.0023839, 0.0027059, 0, 0.0032877, 0.0015947, 0.0014265, 0.0020298, 0.0025212, 0.0029442, 0.0030913, 0.0026591, 0.0017002, 0.0011883, 0.0010471, 0.0011124, 0.0016951, 0.0014073, 0, 0, 0.0020129, 0.001826, 0.0021412, 0.0022755, 0.002429, 0.0020151, 0.0021467, 0.0031707, 0.0022241, 0.0021703, 0.0021648, 0, 0.002254, 0.0018169, 0, 0, 0.0024039, 0.0018495, 0.0024462, 0.0028119, 0.0019707, 0.0016307, 0, 0, 0.0020971, 0.0023216, 0.0019875, 0, 0.0018613, 0.001743, 0.0016915, 0.001645, 0.0021638, 0.0025187, 0.002366, 0, 0, 0.0016711, 0.0020918, 0.002653, 0.0029624, 0, 0.0024328, 0.0020983, 0, 0.0012879, 0.0008774, 0.0013204, 0.0016693, 0.0023317, 0.0027842], [0.0005388, 7.57e-05, 0.0009648, 0, 0.0008862, 0.0002979, 6.59e-05, 0.0002154, 0, 3.78e-05, 0.0018873, 0.0019571, 0.0017855, 0.0016252, 0, 0.0021002, 0.0020839, 0.0009732, 0.0017788, 0.0017238, 0, 0.0022285, 0.0014473, 0.0013958, 0, 0.0027226, 0.0024296, 0, 0.0022824, 0.0023821, 0.0029115, 0.002473, 0.0032814, 0.0031139, 0.0004025, 0.0004601, 0.0020733, 0.0019326, 0.0023769, 0.0017696, 0.0013451, 0, 0, 0.0019671, 0.0019147, 0.0017607, 0.001921, 0.002419, 0.0026553, 0.0029822, 0.0026953, 0.0010025, 0, 0.0019828, 0.0020156, 0.0021373, 0.0020164, 0.0025091, 0.0021317, 0, 0.001871, 0.0015446, 0, 0.0024756, 0.0027541, 0.0023995, 0.0012188, 0.0018956, 0.0021748, 0.0020289, 0.0022611, 0.0017537, 0.0010921, 0, 0.002251, 0, 0, 0.0015063, 0, 0.0015405, 0, 0.0017987, 0.0014901, 0.0018574, 0.0023774, 0.0019615, 0.0015354, 0.0016361, 0.0019776, 0.0014874, 0.0014786, 0.0017081, 0, 0.00154, 0.0019337, 0.0022081, 0.0020533, 0, 0.0026294, 0.002234, 0.002054, 0.0020372, 0.0024346, 0.0019897, 0.0021201, 0.0023298, 0, 0.0029443, 0.0023745, 0.0022487, 0.0018401, 0, 0.002455, 0.0024712, 0.0025618, 0.0027866, 0.0017255, 0.0022736, 0.0024115, 0, 0.0027003, 0, 0.001497, 0.0013864, 0.0018268, 0.0020238, 0.0020131, 0.0018423, 0.0016331, 0.0014455, 0.0020093, 0.0022448, 0.0020188, 0, 0.0018947, 0.002284, 0.0023584, 0.0022842, 0.0023079, 0.002028, 0.0023528, 0.0027996, 0.0026614, 0.001733, 0, 0.0025525, 0.0025516, 0.0020961, 0.0025247, 0.0033686, 0.0033323, 0.0028789, 0.0027456, 0.0024178, 0.0021461, 0, 0.0025563, 0.0020887, 0.0016922, 0.0018127, 0.0018705, 0, 0.0025418, 0.0021821, 0.0020575, 0.002303, 0.0027681, 0.0020921, 0.0021887, 0.0024802, 0.0023682, 0, 0.0018357, 0.0013202, 0.0009585, 0, 0.0016778, 0.001721, 0.0024538, 0.0026127, 0.0020957, 0.0013698, 0.0015753, 0.0020439, 0.0019826, 0.0019736, 0.0017208, 0, 0, 0.0023675, 0.0015726, 0.0012931, 0, 0.0006601, 0, 0.0022534, 0.0025425, 0.0030656, 0.0029236, 0.0025326, 0.0022518, 0, 0.0027049, 0, 0.0013345, 0.0015489, 0.0017951, 0.0023697, 0.0024636, 0, 0.0028313, 0, 0.0017284, 0, 0.0030333, 0.0020065, 0.001525, 0.0019345, 0.0022024, 0.0021682, 0.0007123, 0.0017314, 0.0022023, 0.001919, 0, 0.0022015, 0.0022941, 0, 0.001756, 0, 0, 0.0029682, 0.002295, 0.002326, 0.0019767, 0.0019389, 0.0020696, 0.0020365, 0.001631, 0.0012989, 0, 0.0025301, 0, 0.0022087, 0.0026507, 0.002212, 0.0017174, 0, 0, 0.0016371, 0, 0.0023439, 0.0024256, 0.0020688, 0, 0.0028585, 0.0021239, 0.0017029, 0.0019937, 0.0026296, 0.0020857, 0.0018757, 0.0017233, 0, 0.0019838, 0.0027714, 0.0025115, 0.0021704, 0.0018337, 0.0019458, 0.0022015, 0.0027197, 0.0018234, 0.0016198, 0.0017061, 0.0017363, 0, 0.0021891, 0, 0.001723, 0.0027592, 0.0030828, 0, 0.0018291, 0, 0.0021093, 0.0025592, 0.0028715, 0.0026062, 0.0022233, 0.0022248, 0.0019499, 0.0021911, 0.0018108, 0.0025811, 0.0032248, 0.0023715, 0.0021337, 0.0018626, 0.001977, 0.0018187, 0.0021322, 0.0022545, 0.0019439, 0.0021462, 0.0020778, 0.0022285, 0.002432, 0.0024645, 0.0018592, 0.0021478, 0.0030436, 0.0027198, 0.0022891, 0.0019999, 0, 0.0032125, 0.0035821, 0.001821, 0.0014498, 0, 0.002454, 0.0019379, 0.0020999, 0.0021708, 0.0020206, 0.0019678, 0, 0.0025524, 0, 0.0019278, 0.0019233, 0.001533, 0.0019699, 0.0023808, 0, 0.0019942, 0.0018508, 0, 0, 0, 0.0020309, 0.0020344, 0.0016242, 0.0018051, 0.0024538, 0.0025304, 0, 0.0029395, 0.0027026, 0.0028172, 0.0023946, 0.0021879, 0.0020314, 0.0032251, 0.003746, 0, 0, 0, 0.0030111, 0.0024496, 0.0021094, 0, 0.0018855, 0.0015915, 0.0023062, 0.0029035, 0.0023443, 0.0022537, 0.0013607, 0.00096, 0, 0.0012782, 0.0019238, 0.0027759, 0.0027188, 0.0021887, 0.0020224, 0.0020584, 0.002078, 0.0021411, 0.0022471, 0.0025281, 0.0031828, 0.0030133, 0.0022423, 0.0012913, 0.0017675, 0.0021138, 0.0018412, 0, 0.003072, 0.0020996, 0.0025173, 0.0022767, 0.002215, 0.0022542, 0.0028149, 0.0030172, 0, 0.0022586, 0.0017259, 0, 0.0022586, 0.0020586, 0.0018009, 0, 0.0026135, 0, 0.001631, 0.0019007, 0.0019007, 0, 0, 0, 0.0033088, 0, 0, 0.0015824, 0.0020414, 0.001482, 0.0020612, 0.0032495, 0.0021048, 0.0019786, 0.0020721, 0.0008086, 0, 0.0045354, 0.0029293, 0.0025544, 0, 0, 0.0028489, 0.0025738, 0, 0.0013125, 0.0015289, 0.0020165, 0.0017724, 0.0017975, 0.0019214, 0.0022443, 0.0027455, 0.0028862, 0.0023025, 0.0019006, 0.0017862, 0.0021923, 0.0021354, 0.0026598, 0.0027721, 0, 0.0020121, 0.0019916, 0.0019829, 0.0021289, 0, 0.001864, 0.0017289, 0.0015299, 0, 0.0016282, 0.0023326, 0.0025357, 0.0027957, 0.0021886, 0.0021718, 0.0026793, 0.0028209, 0, 0.0010212, 0.001329, 0.0015076, 0.0019352, 0.0021674, 0.0015151, 0.0020502, 0.002676, 0, 0.0019417, 0.0021043, 0.0014025, 0.0013844, 0.001773, 0.0022224, 0.0025926, 0.0022497, 0.0020285, 0.0025112, 0.0034328, 0.0029541, 0.0021521, 0.0021864, 0.0021706, 0, 0.001743, 0.0024023, 0.003017, 0.0029565, 0.0028802, 0.0035823, 0.0024056, 0.001767, 0.0016131, 0.0023956, 0.0020065, 0.0019736, 0.0022896, 0.0022371, 0, 0.0026352, 0.0022359, 0.0030845, 0.0030434, 0.0023571, 0.0025991, 0.0027592, 0.0026028, 0.0016876, 0.0018119, 0.0021404, 0.0024832, 0.0017897, 0.001544, 0.0019774, 0.0018154, 0, 0.0009576, 0.0018341, 0.0022967, 0.0029003, 0.0030473, 0.0026107, 0.0024945, 0.0020605, 0.0018518, 0.0026421, 0.0036565, 0.0035163, 0.0033702, 0.0019949, 0.0017236, 0.0022631, 0.0022367, 0.0020556, 0, 0.0021205, 0.0018997, 0, 0.0028627, 0.0026793, 0.0024307, 0, 0.0026431, 0.0023499, 0.0021531, 0.0016341, 0.0014123, 0], [0.0006652, 2e-07, 0.0013514, 0, 0, 0.0002279, 8.07e-05, 0.0003979, 0.0003659, 0, 0.0027734, 0, 0.0024247, 0, 0.0028825, 0, 0.0014163, 0.0012477, 0.0026173, 0.0022732, 0.002009, 0, 0.0014826, 0.0020666, 0.0016946, 0.0015002, 0, 0.0016065, 0.0020728, 0.0021971, 0.0021758, 0, 0, 0, 0.0003017, 0.000815, 0.0036422, 0, 0.0017462, 0.0024167, 0.0026706, 0.0029457, 0.0028295, 0.0027703, 0.0021925, 0.0018784, 0.0019226, 0, 0.0011999, 0.0013892, 0, 0.0014261, 0.0017749, 0, 0.0021143, 0.0021413, 0.0026298, 0.0023295, 0.0009937, 0, 0.0014497, 0.0019068, 0.0019844, 0.0020942, 0.0030167, 0.0035204, 0.0015773, 0.0025324, 0.0034881, 0.003706, 0, 0.0027901, 0.0022675, 0.0018539, 0.0016382, 0.0016452, 0.0024862, 0.0029676, 0, 0.0022619, 0.0019214, 0.0016183, 0.0011625, 0.0011437, 0, 0.0015205, 0.0015212, 0.0017222, 0.0018042, 0.00235, 0.0023709, 0, 0.0020146, 0.0019077, 0.001567, 0.0021978, 0.0021358, 0.0017781, 0.0015203, 0.0007167, 0, 0.0022258, 0.0019337, 0, 0.0017717, 0, 0.0029248, 0.0020314, 0, 0.0020059, 0, 0.0018085, 0.0019939, 0.002101, 0.00225, 0.0023359, 0.0020174, 0, 0.0023523, 0.0024875, 0.002831, 0.0024729, 0, 0.0016931, 0, 0.0019624, 0.0021351, 0.0021624, 0.0020433, 0.0018469, 0.002246, 0.0020793, 0.0024795, 0.0027695, 0, 0, 0.0035428, 0.0021049, 0.001522, 0.0028375, 0.002774, 0.0019447, 0.0016153, 0.0010942, 0.00143, 0.0017729, 0, 0.0008707, 0, 0.0028347, 0.0023696, 0.0024116, 0.0029933, 0.0024179, 0.0019095, 0.0017182, 0.0020484, 0, 0.0017746, 0.0024364, 0.0023227, 0.0020129, 0, 0.0017803, 0.0017023, 0.0019456, 0.002297, 0.002794, 0.0021874, 0.0016625, 0.0020137, 0.0024869, 0.0022159, 0.0019793, 0.0019166, 0.0024341, 0.0029214, 0.0027676, 0.0031348, 0.0026908, 0.0024801, 0.0019362, 0.0020137, 0.0025978, 0.0031819, 0.0020423, 0.0020534, 0.0020828, 0.0017786, 0.001424, 0.0014975, 0.002048, 0.0022131, 0.0025374, 0.00208, 0.0018971, 0.0019089, 0.0021152, 0.0025874, 0, 0.0019207, 0, 0.0020581, 0.0016866, 0.0016596, 0.0015866, 0.0019452, 0.0019848, 0.001732, 0, 0.0030413, 0.0032486, 0.0036719, 0.0037196, 0.0034472, 0.0026699, 0, 0.0011744, 0.0025691, 0.0021746, 0.0017943, 0, 0.0023319, 0.002222, 0.0027864, 0.002246, 0.0015855, 0.0018042, 0.0028358, 0.0033243, 0.0026624, 0.0015674, 0.0010724, 0, 0.0022433, 0.0025689, 0.0023289, 0.0020403, 0, 0.0033094, 0.0026225, 0.0020175, 0.0020184, 0.0021168, 0.0026839, 0.0023127, 0.0022336, 0.0021442, 0, 0.0021108, 0.0027485, 0.0018765, 0.0018779, 0.0020508, 0.0013798, 0.0023399, 0.0028615, 0.0027696, 0.0017934, 0.0021571, 0.001969, 0.0021578, 0.0026116, 0.0018017, 0.0025513, 0.0023991, 0.0019889, 0.002311, 0.002296, 0, 0.0020392, 0, 0.002816, 0.0026805, 0.0017914, 0.0022927, 0.0030882, 0.0025941, 0.0014503, 0, 0.0012493, 0, 0.0018467, 0.0017599, 0.0021642, 0.0025201, 0, 0.0024415, 0.0023937, 0, 0.0017925, 0.0022124, 0.0024598, 0.0025486, 0.0019779, 0.0025539, 0.0027682, 0.0025838, 0.002562, 0.0029024, 0.0023278, 0.0017306, 0.0015561, 0, 0.0022441, 0, 0.00275, 0.0019867, 0.0021308, 0, 0.0022976, 0.0023318, 0.0019859, 0, 0.0026998, 0.0027809, 0.0020592, 0, 0.0024902, 0.0025336, 0.0020541, 0.0018567, 0.001912, 0.0014202, 0.0018763, 0.0028823, 0.0037538, 0.0036174, 0.0019706, 0.0021315, 0.0028223, 0.0032881, 0.0023979, 0.0023622, 0.0023157, 0.0016335, 0.0017897, 0.0014831, 0.0018104, 0.0022206, 0.0026279, 0.0025023, 0.0026225, 0.002135, 0.0025293, 0.0037849, 0.0027524, 0.0020593, 0, 0, 0, 0.0026355, 0.0018576, 0.0020609, 0.0025053, 0.0019461, 0.0018585, 0.0019224, 0.0018016, 0.0021988, 0.0024549, 0.0016996, 0.0012834, 0.0018484, 0.0020136, 0.0021681, 0.0024703, 0.0029154, 0.0017597, 0.0019418, 0.0025444, 0.0026127, 0, 0.0018119, 0, 0.0016312, 0.0014141, 0.0013491, 0, 0.0029283, 0.0020606, 0.0015598, 0.0022776, 0.0023388, 0.001964, 0.0025479, 0.0029799, 0, 0.0028867, 0, 0.0021707, 0, 0, 0.0015425, 0.0019524, 0.0021781, 0.0017642, 0, 0.0021475, 0.002086, 0.0021396, 0.0025419, 0.0021602, 0, 0, 0.0021176, 0.0020114, 0, 0, 0.002561, 0.0021678, 0.0017124, 0, 0.0025809, 0.0025343, 0.0020407, 0.0020441, 0.0020228, 0.0017928, 0.0022822, 0.0025111, 0, 0.0016543, 0.0016361, 0.0021894, 0.0024026, 0.0022582, 0, 0.0022665, 0.0019388, 0.0021161, 0.0016396, 0, 0.0020688, 0.0019083, 0.0014717, 0, 0, 0.0014855, 0.0018043, 0.0020746, 0.0018408, 0.0017205, 0.0027177, 0.0021398, 0.0017112, 0, 0.0020463, 0.0015425, 0.001495, 0.0013586, 0, 0.0016958, 0.002259, 0.0027938, 0.002137, 0.0020691, 0.0019963, 0.0017692, 0.0021596, 0.0024515, 0.0019022, 0.0026967, 0.002602, 0, 0.0028528, 0.0026948, 0.0021945, 0.0020075, 0, 0.0021547, 0.0019989, 0.0018549, 0.0017961, 0, 0.0011486, 0.0011878, 0.0013683, 0.0016658, 0.0019779, 0.0023705, 0.0020408, 0.0010185, 0, 0.0025813, 0.0020618, 0.0014046, 0, 0.0014148, 0, 0, 0.0038622, 0.0038056, 0.0027574, 0.0014527, 0.0018368, 0.001832, 0.0020118, 0.0026564, 0.0019528, 0.0022155, 0.0025892, 0.0022239, 0.0024853, 0.002163, 0.0022932, 0.0021661, 0.0024291, 0.0025092, 0.0024476, 0.0018192, 0, 0.0022428, 0.0025628, 0.0025254, 0.0027411, 0.0023139, 0.0021345, 0.0016577, 0.0022258, 0.0022738, 0.002298, 0.0024106, 0.0024344, 0.0027828, 0.0025251, 0.0017187, 0.0019051, 0.0020967, 0, 0.0018461, 0, 0.0021483, 0.0020763, 0.0023361, 0.0023658, 0, 0, 0.0031371, 0.0022799, 0, 0.0022346, 0.0030473, 0.002804, 0, 0.0027056, 0, 0, 0, 0.0023671, 0, 0.0016706, 0.0017303, 0.0016891, 0.0017273, 0.0022882, 0.0024651, 0.0026722, 0.0027587, 0], [0.0015849, 0, 0.0019291, 0.0013775, 0.0009333, 0, 4.75e-05, 0.0004908, 0.0003875, 0, 0.0018493, 0.0016405, 0.0015212, 0.0020586, 0.0025149, 0.0017021, 0.0020631, 0.0010876, 0.0018291, 0.0027942, 0.0033484, 0.0028094, 0.0016831, 0.0012971, 0.0021413, 0.0029851, 0.0022858, 0.0019911, 0.0018669, 0.0016802, 0.0016335, 0.0020418, 0.0018283, 0.0012356, 0, 0.0009093, 0.0024237, 0.0020185, 0.0016456, 0.0015978, 0.0023982, 0.0028894, 0.003212, 0.0023705, 0, 0.0020155, 0.0019834, 0, 0.003916, 0.002991, 0, 0.0019318, 0.0027114, 0.0023923, 0.0021059, 0, 0, 0.0019534, 0, 0.0029028, 0.0019384, 0.0018623, 0.0020566, 0.0016507, 0.0020329, 0.0023411, 0, 0.0022111, 0.0024141, 0.0025918, 0, 0.002856, 0.0024401, 0, 0.0022977, 0, 0.0021951, 0.0023637, 0.0020256, 0, 0.0015628, 0.001566, 0.0014335, 0.001838, 0.0018274, 0, 0.0021128, 0.0022315, 0.0020282, 0.0018309, 0.0016229, 0, 0.0023476, 0.0026804, 0.002518, 0.0020809, 0.0023157, 0.002469, 0.0025835, 0.001952, 0, 0.0014903, 0.0008792, 0, 0.0031612, 0.0021076, 0.0016858, 0, 0.0026756, 0.0025673, 0, 0.0018125, 0, 0.0027251, 0, 0.0027374, 0.0024512, 0.0018139, 0.0025229, 0.0032169, 0.0023934, 0.002083, 0.0025426, 0.0023022, 0.0017243, 0, 0.0017571, 0.0020124, 0.0019893, 0, 0.0026914, 0.0028604, 0.0021581, 0, 0.0026737, 0.0021965, 0.0024341, 0.0021194, 0.0019877, 0.0011108, 0, 0, 0.0029712, 0.0020589, 0.0016769, 0.0021863, 0.0022225, 0.0020398, 0.0022018, 0.0022941, 0, 0.0022289, 0.002589, 0.0025046, 0.0029164, 0.0026927, 0.0026674, 0.002358, 0.0019024, 0, 0.0021598, 0.0015519, 0.0020034, 0.0024845, 0.0027485, 0, 0, 0.0023532, 0.0018767, 0, 0.0012841, 0.0010297, 0, 0.0017104, 0.0013239, 0.0012646, 0.0021934, 0.0025483, 0.002163, 0.0026701, 0, 0.0021773, 0.0023096, 0, 0.0021159, 0.0019431, 0.0027898, 0.0032816, 0.002665, 0, 0.002112, 0.0017601, 0, 0, 0.0023745, 0.0014494, 0, 0.0022844, 0.0023028, 0.0022454, 0, 0.0026494, 0.0025874, 0.0018309, 0, 0.0019546, 0, 0.0026627, 0.0025273, 0.0027412, 0.0021801, 0.001873, 0, 0.0022226, 0.001782, 0.0015988, 0.002306, 0.0025744, 0, 0.0025464, 0.0024572, 0.0031834, 0.0032914, 0.0021558, 0.0022573, 0.0027162, 0.0027674, 0, 0.0027327, 0.0029843, 0.0025634, 0.0026937, 0.0028501, 0.0018002, 0.0016207, 0.0017927, 0, 0.0014304, 0.0021819, 0.0025525, 0.0020286, 0.001462, 0.0017369, 0.0025485, 0.0034215, 0.0035216, 0, 0.0024123, 0.0025757, 0.0024047, 0.0021757, 0.0025047, 0.0022535, 0.001773, 0.0020722, 0.0023425, 0.0023371, 0.0024899, 0.0024169, 0.0025082, 0.0019279, 0.0022834, 0.0027059, 0.0023967, 0.0021681, 0.0019434, 0, 0, 0.0024791, 0.0029921, 0, 0, 0, 0.0018352, 0.0016625, 0.0017143, 0, 0.0012246, 0.001888, 0.0023958, 0.0021769, 0, 0.002625, 0, 0.0025014, 0.0026651, 0.0023326, 0.0021338, 0, 0.0023101, 0.0016986, 0.0009609, 0, 0.0016886, 0, 0, 0, 0.0020502, 0, 0.0020918, 0.0018911, 0.0020148, 0.0019423, 0.002324, 0.0025127, 0, 0.0019763, 0.002584, 0.0021892, 0.0025023, 0.0020585, 0.0020035, 0.0021983, 0.0023964, 0.0024173, 0.0022617, 0, 0.003436, 0.002641, 0, 0.0023039, 0.0026502, 0.0027488, 0.0021421, 0.0021947, 0.0020208, 0.0021887, 0.0018491, 0.0016996, 0.0022439, 0.0020761, 0.0026208, 0.0031755, 0.0029343, 0.0025656, 0.0015966, 0.0015372, 0.0017156, 0.0025432, 0.003175, 0, 0.000986, 0.0019189, 0.0022192, 0.0021445, 0.0027819, 0.0025344, 0.0022329, 0, 0, 0.0011678, 0, 0.0019688, 0.0020829, 0.0028319, 0.0026862, 0.0024927, 0.0036108, 0.0038458, 0.0021226, 0.0015774, 0.0014837, 0, 0.0018666, 0.0020314, 0.0025667, 0.0027317, 0, 0.0016522, 0.001895, 0.0019975, 0.0020113, 0.0017313, 0.0017261, 0.0022439, 0.0020397, 0.0021773, 0.0031553, 0.002634, 0.002372, 0.0021712, 0.0016864, 0.0025366, 0.0027522, 0.0021801, 0.0030209, 0.0028412, 0.002014, 0.0014153, 0, 0.002033, 0.0022053, 0.0023718, 0.0023027, 0.0018194, 0.0024222, 0.003134, 0.0021922, 0.0022398, 0.0028672, 0.0034981, 0.0031722, 0, 0.0021077, 0.0024978, 0.0024609, 0, 0.0029149, 0, 0.001752, 0.0015485, 0.0019537, 0.0026772, 0.0027769, 0, 0.0018825, 0.0024928, 0.0021398, 0.0022707, 0.0014657, 0.0015781, 0.0016557, 0.0018512, 0.0025711, 0.0024724, 0, 0.0028665, 0.0027479, 0, 0.0014006, 0.0015817, 0.0015865, 0.0014135, 0, 0.0016249, 0, 0, 0.0032015, 0, 0.0013572, 0.0023112, 0.0020221, 0.00193, 0.0018932, 0, 0.0025224, 0.0024381, 0.0024434, 0.0020576, 0.0016918, 0, 0, 0.0022963, 0.0017319, 0.0020318, 0.0020358, 0.0020969, 0.0027105, 0.0028994, 0.0027372, 0, 0.0023852, 0.0019918, 0.0024179, 0.0028539, 0.0016474, 0.0015299, 0.0020137, 0.0021384, 0.0025535, 0.0027276, 0.0025962, 0.0025509, 0.0023366, 0, 0.0013858, 0.002163, 0.0027158, 0.0023504, 0, 0.0028361, 0.0030419, 0.0026368, 0.0018632, 0, 0.0019813, 0.0021555, 0.0019312, 0, 0, 0.0024572, 0, 0.0018886, 0.0019527, 0.0010853, 0, 0.0022614, 0.0015105, 0.0015495, 0.0019397, 0.0020212, 0.0019902, 0.0023338, 0.002219, 0.0024411, 0.0022005, 0.0019532, 0.001804, 0.0016325, 0.0025522, 0.0026294, 0.001243, 0, 0, 0.0016968, 0.0023352, 0.0029749, 0.0027566, 0.0024197, 0, 0.0007633, 0, 0.0020595, 0, 0.002057, 0.0017337, 0.001964, 0.0010922, 0.001682, 0.0018955, 0.0018969, 0.0014695, 0.0019031, 0, 0.0023099, 0.0015166, 0.0016279, 0.0021923, 0.0016576, 0.001566, 0.0013715, 0, 0.002261, 0.0023444, 0.0023555, 0.0017279, 0.0017952, 0.0018459, 0.0018458, 0.0018488, 0.0020277, 0.0025697, 0.0022816, 0.0025885, 0.0029432, 0.0019689, 0.0017357, 0.0018353, 0.0017808, 0.0016445]]}})
      ok  45.0 s  auprc=0.8234178889259705
  [9/10] oilgas_gasturbine seed=45 ...
D:\Data\Harold\github\hsbc-quantum-fraud-2026\.venv\Lib\site-packages\eqc_models\base\results.py:172: UserWarning: Cannot evaluate objective value in results for <class 'eqc_models.ml.classifierqboost.QBoostClassifier'>. Method not implemented.
  warnings.warn(f"Cannot evaluate objective value in results for {model.__class__}. Method not implemented.")
Runtime of _build_weak_classifiers_sq: 41.79 seconds!
Built 560 weak classifiers!
Runtime of get_hamiltonian: 42.60 seconds!
2026-10-06 08:05:20 - Dirac allocation balance = 1105 s
2026-10-06 08:05:20 - Job submitted: job_id='6ac4e3ff358b23d0cb3719e9'
2026-10-06 08:05:20 - QUEUED
2026-10-06 08:05:23 - RUNNING
2026-10-06 08:06:13 - COMPLETED
2026-10-06 08:06:15 - Dirac allocation balance = 1059 s
SolutionResults(solutions=array([[0.0000e+00, 6.6000e-06, 1.2534e-03, ..., 1.6741e-03, 1.9138e-03,
        1.6882e-03],
       [3.6090e-04, 5.5400e-05, 0.0000e+00, ..., 0.0000e+00, 1.6790e-03,
        1.8092e-03],
       [1.4488e-03, 4.0000e-07, 1.3190e-03, ..., 1.9368e-03, 1.8616e-03,
        1.8031e-03],
       ...,
       [0.0000e+00, 6.0600e-05, 1.3910e-03, ..., 0.0000e+00, 0.0000e+00,
        1.2410e-03],
       [7.8290e-04, 0.0000e+00, 1.0072e-03, ..., 0.0000e+00, 0.0000e+00,
        1.0757e-03],
       [4.7730e-04, 0.0000e+00, 1.8214e-03, ..., 1.4519e-03, 1.4305e-03,
        0.0000e+00]]), energies=array([-21937.7949219, -21937.6132812, -21937.5898438, -21937.3984375,
       -21937.2324219, -21936.8359375, -21935.9101562, -21933.6386719]), counts=array([1, 1, 1, 1, 1, 1, 1, 1]), objectives=None, run_time=[6914610386, 6032527447, 3372613192, 7069318771, 6923053265, 6565628529, 3286952496, 4893964291], preprocessing_time=2670285463, postprocessing_time=[0, 0, 0, 0, 0, 0, 0, 0], penalties=None, device='dirac-3_normalized_qudit', raw_solutions=None, time_units='ns', response={'job_info': {'job_id': '6ac4e3ff358b23d0cb3719e9', 'job_submission': {'problem_config': {'normalized_qudit_hamiltonian_optimization': {'polynomial_file_id': '6ac4e3fbd190799f598b1932'}}, 'device_config': {'dirac-3_normalized_qudit': {'num_samples': 8, 'relaxation_schedule': 2, 'sum_constraint': 1}}}, 'job_status': {'submitted_at_rfc3339nano': '2026-10-06T12:05:19.781Z', 'queued_at_rfc3339nano': '2026-10-06T12:05:19.781Z', 'running_at_rfc3339nano': '2026-10-06T12:05:19.892Z', 'completed_at_rfc3339nano': '2026-10-06T12:06:11.01Z'}, 'job_result': {'file_id': '6ac4e432d190799f598b1951', 'device_usage_s': 46}}, 'status': 'COMPLETED', 'results': {'counts': [1, 1, 1, 1, 1, 1, 1, 1], 'energies': [-21937.7949219, -21937.6132812, -21937.5898438, -21937.3984375, -21937.2324219, -21936.8359375, -21935.9101562, -21933.6386719], 'solutions': [[0, 6.6e-06, 0.0012534, 0.0011354, 0.0007046, 0.0003273, 3.28e-05, 0, 0.0004653, 5e-07, 0.0037335, 0, 0.0017658, 0, 0.0014669, 0.0012416, 0.0033051, 0.0029482, 0.0030333, 0.0028877, 0.0025293, 0, 0.0017689, 0.0019996, 0.0018881, 0.0022863, 0.0030316, 0.0032244, 0, 0.0010552, 0, 0.002566, 0.0028122, 0.0028923, 0.0003852, 0.0005453, 0.0019798, 0.002326, 0.0024972, 0.0029433, 0.0023181, 0.0020612, 0.0021907, 0.0023999, 0.0014494, 0.0022274, 0.0018432, 0.0014849, 0, 0.0019847, 0.0018486, 0.0011105, 0.001916, 0.0027391, 0.0029398, 0.0021399, 0.0014128, 0.0015161, 0.0020153, 0.0017325, 0, 0.0026951, 0.0019702, 0, 0.0030248, 0.0022213, 0.0023978, 0.0026698, 0.0024226, 0.0027243, 0.0027116, 0.0018899, 0.002374, 0.0026424, 0.0026512, 0.0022595, 0.0019911, 0, 0.0020518, 0.0021847, 0.0026478, 0.001561, 0.0018311, 0.0018606, 0, 0, 0.0028628, 0.0023952, 0.0027428, 0, 0, 0.0010953, 0, 0, 0.0012632, 0.0015872, 0.0016151, 0, 0.0016345, 0, 0.0020331, 0.0020392, 0.0015344, 0, 0.0022698, 0.0022566, 0.0022474, 0.0024513, 0.0009067, 0.0019509, 0.0027132, 0.0026171, 0.0030531, 0.0024294, 0.0018668, 0.0018457, 0.0020345, 0.0021938, 0.0022566, 0.0012479, 0.0013594, 0.0014135, 0.0017255, 0.0017013, 0.0014971, 0, 0.0013666, 0.0018787, 0.0023623, 0.0026033, 0.0022367, 0.0025625, 0.0024283, 0.0032716, 0.0024535, 0.0018618, 0, 0.0023405, 0.0023382, 0.0019983, 0.0020328, 0.0028083, 0.0020303, 0.0022638, 0.0019301, 0.0024401, 0.002909, 0, 0, 0.001613, 0.0013644, 0, 0.0019881, 0.0020899, 0.0020678, 0.002435, 0.0028012, 0.0021377, 0.0019705, 0.0021057, 0.0020791, 0.0015084, 0.0020127, 0.0021823, 0.0020585, 0.0025816, 0.002494, 0, 0.0018601, 0, 0.0024423, 0.0023902, 0.0018527, 0.0014592, 0, 0, 0.002255, 0.0024865, 0.0024004, 0, 0.0032969, 0.0028593, 0.0022743, 0.0018991, 0.001684, 0.0018161, 0.0018574, 0.0023687, 0.0023739, 0.002618, 0.0032856, 0.0027701, 0.0022314, 0.0020663, 0.002477, 0.0028333, 0.0024588, 0.0024697, 0.0025343, 0.0028478, 0.0021463, 0.0017284, 0.0021863, 0.0026484, 0.0021804, 0.0023821, 0.003111, 0.0024451, 0.0019359, 0.0023702, 0.0027801, 0.001544, 0, 0.0014302, 0, 0.0014219, 0.0019365, 0.0014868, 0.0017808, 0.0021253, 0, 0.0023104, 0.0020005, 0.0018863, 0, 0.0025132, 0.0017299, 0.0014621, 0, 0, 0.0016866, 0.0020696, 0.0021637, 0.0028976, 0.0020971, 0, 0.0036613, 0.0020631, 0.0014814, 0.0019517, 0.0013318, 0, 0.0012396, 0.0021796, 0.0018897, 0.0021561, 0.0019253, 0.0017913, 0.0018436, 0.0019319, 0.0020265, 0.0017705, 0.0026753, 0.0025029, 0.0017528, 0.0024219, 0.0023893, 0.0026257, 0.002338, 0.0025045, 0.0029031, 0.0020207, 0.0016755, 0, 0, 0.0019883, 0.0017541, 0.0022332, 0.0021146, 0, 0.0024368, 0.0023933, 0.0020579, 0.0019096, 0.0019794, 0.0020164, 0.0015854, 0.002152, 0.0027241, 0.0027007, 0, 0.0026135, 0.002811, 0.0029717, 0.0032056, 0.0026851, 0.0024296, 0, 0.0018366, 0.0017123, 0, 0.0015823, 0.0017739, 0.0021541, 0.0019818, 0.0018139, 0.0018628, 0.001785, 0.0017921, 0.0026739, 0.0030819, 0.0024867, 0.0015677, 0.0016962, 0.0018103, 0.0017939, 0.0018637, 0.0022064, 0.0022079, 0, 0.0024984, 0.0025032, 0.0019928, 0.0015602, 0, 0.0012272, 0, 0.0021295, 0.0022894, 0.0021262, 0.0019547, 0, 0.0022137, 0, 0, 0.0031875, 0.0020613, 0.0020932, 0.0026005, 0.0026842, 0, 0.0028828, 0.002642, 0.0024385, 0, 0, 0.0015767, 0.001309, 0, 0.0018879, 0.0023944, 0.0028771, 0.0026179, 0.0025775, 0.001931, 0, 0.001983, 0.0021611, 0.0018588, 0.0015037, 0.0007343, 0, 0.003163, 0.003496, 0.003716, 0.0022308, 0.0028271, 0.0026345, 0, 0.0008777, 0.0016231, 0.0024368, 0.0026058, 0.0020166, 0.0020765, 0.0026464, 0.0031598, 0.0019001, 0.0024512, 0.0030996, 0, 0, 0, 0, 0.0007359, 0, 0, 0.0022325, 0.002599, 0.0023841, 0, 0.0016197, 0.0016717, 0.0023454, 0.0026503, 0, 0.0021134, 0.0020247, 0.0019699, 0.0021699, 0.0016195, 0.0014626, 0.0024269, 0.0031827, 0, 0.0020244, 0.0021472, 0.0024844, 0.0026556, 0.0020161, 0.0023152, 0.002606, 0, 0.0018864, 0.0016665, 0, 0.0024648, 0.002244, 0.0021526, 0.0015632, 0.0018898, 0.002301, 0.002519, 0.002075, 0.0016845, 0.0015383, 0.0018211, 0.0019343, 0, 0.0044851, 0, 0.0024303, 0.0023762, 0.0022862, 0.0022506, 0.0018105, 0.0018139, 0.0014426, 0.001675, 0.0013104, 0.0014601, 0.0016235, 0.0017832, 0.0019778, 0.0023142, 0.0018959, 0, 0.0026652, 0.002281, 0.0022377, 0.0023246, 0.0018495, 0.0014643, 0, 0.0011421, 0.0019593, 0.0023477, 0.002264, 0.003002, 0.0039314, 0.0025561, 0.0022702, 0.0027556, 0.0022964, 0.0017261, 0, 0.0019857, 0.0022956, 0.0019827, 0, 0, 0.002022, 0.0023855, 0.0023656, 0.0020622, 0.0022296, 0.0023285, 0.0021628, 0.0026792, 0.0020371, 0, 0.0022049, 0.002153, 0.0016021, 0.0014452, 0.0014073, 0.0028162, 0.0018331, 0.0016444, 0.0022963, 0.0025235, 0.0025131, 0.002281, 0, 0, 0.0015999, 0.002204, 0.0021397, 0.0020159, 0.001529, 0.0015842, 0, 0.0015614, 0.0017374, 0.0017534, 0, 0.0028997, 0.0029957, 0.0032566, 0.0024722, 0.0020884, 0.0016545, 0.0017947, 0.0015143, 0.0016637, 0.0021095, 0.0018945, 0.0017496, 0.0015692, 0.0015426, 0.0015937, 0.0024288, 0.0023115, 0.0019767, 0, 0.0025369, 0.0024424, 0.0023112, 0.0018001, 0, 0, 0.0017102, 0.0017614, 0.0022901, 0.0018846, 0.0020534, 0.0022026, 0, 0.0021909, 0.0027549, 0.0027914, 0.0018407, 0.0013838, 0, 0.0022065, 0.0016264, 0.0014796, 0.0012445, 0, 0.0023533, 0.0024261, 0.002382, 0.002183, 0.0016665, 0.0019433, 0.0021432, 0, 0.0024463, 0.0030468, 0.0033709, 0, 0.0016336, 0, 0.0024914, 0.002256, 0.0013037, 0.0012804, 0.0016741, 0.0019138, 0.0016882], [0.0003609, 5.54e-05, 0, 0, 0, 0.0003268, 0.0001856, 0.0008896, 0.0006914, 0.0001044, 0.0021575, 0.0027049, 0.0034229, 0.0023133, 0.0018156, 0.0013725, 0.0027601, 0, 0.0018088, 0.0019439, 0.0021923, 0.0022282, 0, 0.0027581, 0.0021852, 0.0030283, 0.0040357, 0.0028808, 0.0026404, 0.0033041, 0.0029308, 0.0026317, 0.0034467, 0.0027129, 0.0005179, 0.0007468, 0.0029173, 0.0021968, 0, 0.0017393, 0.002194, 0, 0.0037247, 0.0030423, 0.0027951, 0.0024909, 0.0027116, 0.0025031, 0.0025838, 0.0026448, 0.00315, 0.0016605, 0.002207, 0.0020215, 0, 0.0022001, 0.0020375, 0.0015672, 0, 0.0029915, 0.0031313, 0.003408, 0.002522, 0.0016637, 0.0019282, 0.0019912, 0, 0.0026664, 0.0031024, 0.0020797, 0.002043, 0.0023905, 0.0024095, 0.0019279, 0.002274, 0.0023358, 0.0027609, 0.0030088, 0, 0.002208, 0, 0.0021822, 0.0025133, 0.0022447, 0.0019324, 0.0017614, 0.0017175, 0, 0.0019201, 0.0019889, 0.0022604, 0.0021322, 0.0019929, 0.0016324, 0.0021014, 0.0024847, 0.0029381, 0.0024047, 0.0016009, 0.0015243, 0.0016366, 0, 0.0021735, 0.0019752, 0, 0.0022425, 0.0017846, 0, 0.0017243, 0.0025361, 0.002732, 0.0019217, 0.0015403, 0, 0, 0.001834, 0.0011911, 0.0016901, 0.0022606, 0.0023095, 0.0026599, 0.0027216, 0.0028609, 0.0028228, 0.0026667, 0.0026831, 0, 0.0014725, 0, 0.0017781, 0.0015519, 0.0019456, 0.0018073, 0.0013947, 0, 0.0018291, 0.001904, 0.0022268, 0.0026767, 0.0028863, 0.0031558, 0.0029959, 0.0028469, 0, 0.0022705, 0.0033895, 0.004147, 0, 0.0023643, 0, 0.0021689, 0.0022974, 0.0021181, 0, 0.0018393, 0.0017986, 0.001908, 0.0026116, 0.0021572, 0.0022426, 0.0026786, 0.0023986, 0.0019884, 0.002143, 0.0021036, 0, 0.0012489, 0, 0.0024774, 0.0018926, 0.0021682, 0.0021182, 0.001841, 0.0020315, 0.0024569, 0.0020972, 0.0017224, 0, 0.002199, 0.0015708, 0.0021707, 0.0019667, 0.0016041, 0, 0.0029099, 0.0024441, 0.0026401, 0.0028434, 0.0018488, 0, 0.0030837, 0.0020302, 0.0016536, 0, 0.002249, 0.0021275, 0, 0.0025429, 0.0027379, 0.0027128, 0.0026494, 0, 0.0035386, 0.0026075, 0.0022212, 0.0019126, 0.0015104, 0.0014411, 0.0017258, 0.0015172, 0, 0.0008803, 0, 0.0024575, 0.0021091, 0.0014799, 0.0018765, 0.0022576, 0.0026376, 0.001668, 0, 0.0027905, 0.0023232, 0.001954, 0.0023226, 0.0025878, 0, 0, 0.0027501, 0.002537, 0.0022115, 0.0013711, 0.0014843, 0.001978, 0.0017324, 0.0010824, 0.0016255, 0.0014781, 0, 0.0014654, 0, 0.0023529, 0.0019614, 0, 0.0019322, 0.0023021, 0.002786, 0.0024437, 0.0024113, 0.0029049, 0.0021807, 0.0015147, 0, 0, 0.0011555, 0.0015604, 0.0017943, 0.0015199, 0.00167, 0.002195, 0.0018686, 0.002279, 0.0028762, 0.0021673, 0.0016741, 0.0018964, 0.0018332, 0.0014948, 0, 0.002776, 0.0025097, 0.0022552, 0, 0, 0.002446, 0.0027626, 0.0026855, 0.002152, 0.0017586, 0, 0.0015994, 0.001422, 0.0015727, 0.0016527, 0.0026392, 0.0024844, 0.0021841, 0.0021382, 0.0017999, 0.0019773, 0.001953, 0.001178, 0.0009655, 0, 0.0028671, 0, 0.0023285, 0.0031084, 0.002066, 0.0020446, 0.0028787, 0.0025108, 0.0021564, 0, 0.0022325, 0.0019901, 0.0028438, 0.0021197, 0.0023202, 0.0023043, 0.0020904, 0.0022498, 0.0020736, 0.0017786, 0.0020675, 0.0017025, 0.0015577, 0.0012617, 0, 0.0022592, 0, 0.0019928, 0.0017324, 0.0024629, 0.0028617, 0, 0.0020431, 0.0016075, 0.0012902, 0, 0.0039971, 0, 0.002843, 0.0021807, 0.0019817, 0.001549, 0.0016281, 0.0023158, 0.0028077, 0.0021746, 0.001712, 0.0019047, 0.0017069, 0.0015509, 0, 0.0020982, 0.0018572, 0.0020269, 0.0024665, 0.0029307, 0.0029188, 0.0026235, 0, 0, 0.0018587, 0.0018518, 0.0018287, 0, 0.0019841, 0.0021741, 0.0014842, 0.0016754, 0.0020398, 0.0022575, 0, 0.0026606, 0.0020123, 0, 0.002149, 0.0023754, 0, 0.0016088, 0.0016602, 0.0020388, 0.0023696, 0.0025969, 0.0024024, 0.0019369, 0.0016723, 0.002307, 0.0023199, 0.0011073, 0.0021279, 0.002237, 0.0024027, 0.0017463, 0.0019791, 0.00266, 0.0025974, 0.0019958, 0.0014948, 0, 0.0020527, 0.0021272, 0, 0.0014627, 0.0014584, 0, 0, 0.0017741, 0.0017359, 0, 0.0019631, 0.00282, 0.0028247, 0.0023554, 0, 0.0022508, 0.0014908, 0, 0, 0.0024803, 0.0016907, 0.0015161, 0, 0.0024881, 0.0027412, 0.0021254, 0.0018218, 0, 0.0018705, 0.0021477, 0.0020149, 0.0021692, 0.0024724, 0.0016808, 0.0016417, 0.0016497, 0, 0.0021659, 0.002285, 0.00229, 0, 0, 0.0016322, 0.0025357, 0.0022297, 0.002604, 0.0026073, 0.0017001, 0.0019406, 0.0025887, 0.0020845, 0.0021475, 0.0020353, 0, 0.0011695, 0.0013787, 0, 0.001948, 0.0015791, 0.0019038, 0.0020981, 0.0018565, 0.0020298, 0.0020114, 0.0020775, 0.0019314, 0.0023354, 0.002642, 0.003244, 0.0021024, 0.0017202, 0.0015505, 0.0020011, 0.0024771, 0.0025579, 0.0029263, 0.0028575, 0, 0, 0.0016099, 0.001408, 0, 0.0018545, 0.0014493, 0, 0, 0.002292, 0.0022235, 0.0021435, 0, 0.0023433, 0.0018048, 0.0017677, 0.0018954, 0.0026749, 0.0024268, 0.0017428, 0.0017571, 0.0018772, 0.0018604, 0.0021299, 0.0022262, 0.0018397, 0.0016744, 0, 0.0021456, 0.0022234, 0.0021241, 0.0020393, 0, 0.0025274, 0.0019751, 0.002074, 0.0023559, 0.0012795, 0.000968, 0, 0.0018053, 0.0021883, 0.002442, 0.002808, 0.0025628, 0.0024017, 0.0026138, 0.0026475, 0.0018954, 0.0017677, 0.0018595, 0.0016256, 0.0020348, 0.0023658, 0.0016771, 0.0017012, 0.0022217, 0.0028218, 0.002647, 0.0023786, 0, 0, 0.00261, 0.002289, 0.0016882, 0.0019395, 0.0027121, 0.0035072, 0.0026204, 0.0027517, 0.0026785, 0, 0, 0.0018861, 0.0023868, 0.0021417, 0.0021666, 0.0018057, 0.0019312, 0.0027339, 0.0027185, 0.0021911, 0.0018353, 0.0020745, 0.0019582, 0.001606, 0, 0.0013004, 0, 0.001679, 0.0018092], [0.0014488, 4e-07, 0.001319, 0.000827, 0.0007111, 0.000392, 0.0001215, 0.0006275, 0.00058, 0, 0.0021195, 0.002411, 0, 0.0027862, 0.0029829, 0.0012441, 0.0018495, 0.0019184, 0.0024353, 0.0024922, 0.0030562, 0.0023409, 0.0018622, 0.0015431, 0.0027078, 0.0022214, 0.0019473, 0.001882, 0, 0.0013847, 0, 0.0026131, 0.0021559, 0, 0, 0.0009468, 0.0030081, 0.0027022, 0.0031679, 0.0028587, 0.0025011, 0, 0.0032012, 0.0023498, 0.0018378, 0.0023207, 0.0024418, 0.0028223, 0.0029089, 0.0028819, 0.0028603, 0, 0.0017738, 0.0021708, 0.0023519, 0.0022462, 0, 0.0021993, 0.0023528, 0.002583, 0.0026742, 0.0028967, 0.0023264, 0.0025416, 0.0028496, 0.0021178, 0.0014116, 0, 0, 0.001898, 0.0022105, 0.0016961, 0, 0.0028695, 0.0022036, 0.0019605, 0, 0.00225, 0.0022627, 0.0017751, 0.0019208, 0.0017233, 0.0021546, 0.0020267, 0.0018038, 0.0019803, 0.0030933, 0.0030992, 0, 0, 0.0032444, 0.0029881, 0.002744, 0.0018997, 0.0018682, 0.0018285, 0.0015039, 0.0021119, 0.0024862, 0.0022954, 0, 0.0021122, 0, 0.0017845, 0.0017642, 0.0014336, 0, 0, 0, 0.0017626, 0.0022582, 0.0028347, 0.002665, 0.0019842, 0, 0.002212, 0.0020525, 0.001083, 0.0018181, 0.0019395, 0, 0.001716, 0, 0, 0, 0.001612, 0.0018542, 0.0027291, 0.0029584, 0.0026716, 0, 0.0009482, 0, 0.0021376, 0, 0.0020748, 0.0026968, 0.0024331, 0.0024007, 0.0025439, 0, 0.0021474, 0.0017646, 0.0018347, 0.0019549, 0.0020245, 0.0017423, 0.0013667, 0.0022097, 0.0022544, 0.0019766, 0.0025536, 0.0025347, 0, 0.0024359, 0, 0.0034961, 0.0032305, 0.0022467, 0.0020563, 0.0019446, 0, 0.0023387, 0.0022373, 0.0019616, 0.002171, 0.0017418, 0.0020266, 0.0019336, 0.0016637, 0.0014867, 0.0023757, 0.0022602, 0.0024814, 0.0021272, 0.0014102, 0.0019261, 0.0023716, 0.0023698, 0.0026341, 0.0030711, 0.0027596, 0.002197, 0.0019498, 0.0023062, 0.0029857, 0.003141, 0, 0.0023754, 0.0027403, 0, 0.0021941, 0.0026768, 0.0023755, 0.0028875, 0.0031675, 0, 0.0034913, 0.0020628, 0.0020376, 0.0022334, 0.0018822, 0.001967, 0.0016766, 0.0015043, 0.0017941, 0.001867, 0.0016378, 0.0014633, 0, 0, 0, 0.0040346, 0, 0.0020657, 0.0024166, 0.0022435, 0.0017768, 0.0020965, 0.0024173, 0.0019518, 0, 0.0025929, 0.0024391, 0, 0.0010617, 0, 0.0022509, 0.0031418, 0.0024169, 0.0025463, 0.0020151, 0.0013609, 0.0018345, 0.0022933, 0.0021921, 0.0017517, 0, 0, 0.001911, 0, 0.0020913, 0.0018595, 0, 0.0026546, 0.0023745, 0.0026741, 0.0026633, 0.0022348, 0.0025028, 0.001683, 0.0017625, 0.0021814, 0.0020731, 0, 0.0029783, 0, 0.0012579, 0.0017735, 0.0020356, 0.0023457, 0.0022949, 0.0021641, 0, 0.0021145, 0.0019417, 0.0016835, 0, 0.0017484, 0.0018106, 0.0024961, 0.0023429, 0.0026231, 0.001875, 0.0016287, 0.0017942, 0.0020552, 0.0024078, 0.0018662, 0.0016966, 0.0021693, 0.0027739, 0, 0.001544, 0.0020249, 0.0024038, 0.0021734, 0.0024349, 0.002747, 0.0024646, 0, 0.0017055, 0.0024327, 0.0023747, 0.0019927, 0.0019008, 0.002028, 0.0017071, 0.0017864, 0.0020538, 0.0019405, 0.0022411, 0.002548, 0.002503, 0.001831, 0.0012661, 0, 0.00189, 0.0021359, 0.0023568, 0.0035148, 0.0025588, 0.002145, 0.0021057, 0, 0.0019521, 0.0020183, 0.0015512, 0.0009775, 0, 0.0027912, 0.0020362, 0.0022405, 0.0030166, 0.0031676, 0.0025551, 0.0022862, 0.0020076, 0.0021755, 0.0021651, 0.0017634, 0.0014106, 0.0015662, 0.0019496, 0.0024254, 0.0020842, 0.0016292, 0.0019733, 0.0024803, 0.0028971, 0.0019429, 0.0021105, 0.002461, 0.0026454, 0.0025796, 0, 0.0026649, 0.0026923, 0.0020333, 0.0021174, 0.0018431, 0.0017541, 0, 0.0019357, 0.0018543, 0.0015843, 0.0017101, 0.0021165, 0.0029477, 0.0022641, 0.0018507, 0.0014207, 0.0019622, 0.0029547, 0.0034391, 0.0031754, 0, 0.0022843, 0.002177, 0.0022013, 0.0019592, 0.0018433, 0.0020424, 0.0023347, 0.0021318, 0.0023721, 0.0020294, 0.0020117, 0.0016869, 0.0023937, 0.0024861, 0.0020392, 0.0018841, 0, 0.0022759, 0.002417, 0.0021438, 0.0022779, 0.0017385, 0.0018127, 0.0022351, 0.0027683, 0.0021579, 0.0018194, 0.0019372, 0.0021172, 0.0020142, 0.0027108, 0.0021746, 0.0018536, 0.0025694, 0.0036088, 0.0027491, 0.0023416, 0, 0.0027608, 0.0021323, 0.002495, 0.0019, 0.0018443, 0.0018893, 0, 0, 0.002087, 0.0018642, 0.0023928, 0.0019877, 0.0016679, 0.0016102, 0.0019183, 0.0023679, 0.0024456, 0.0028173, 0.0016952, 0.001973, 0.0022663, 0.001609, 0.0019696, 0.0017972, 0.001846, 0.0016789, 0, 0.0014959, 0.0023558, 0.0027933, 0.0025133, 0.0023177, 0, 0, 0.0020208, 0.002239, 0.0030152, 0.0020596, 0.0018272, 0, 0.0018196, 0.0019137, 0.002095, 0.0022813, 0.0019131, 0.0012563, 0.0006727, 0, 0, 0, 0, 0, 0.0022126, 0.0025551, 0.002345, 0.0025323, 0.0024714, 0.0020113, 0, 0, 0.0015452, 0.0021025, 0, 0, 0, 0.000444, 0, 0, 0.002116, 0.0020916, 0.0018424, 0, 0, 0.0029996, 0.0022651, 0.0016106, 0.0021602, 0.0034496, 0.0023095, 0.0018356, 0, 0.0006849, 0, 0.0020286, 0.0020338, 0.0019551, 0.0024589, 0.0023159, 0.0022692, 0.0022236, 0.0020133, 0, 0, 0, 0.0013952, 0.0020694, 0.0021542, 0.0023945, 0.0025018, 0, 0.0019235, 0.0019034, 0.0018972, 0.0017493, 0, 0.0021076, 0.0021717, 0.002101, 0.0021362, 0.0022054, 0.0027318, 0.002173, 0.0018375, 0, 0.0027263, 0.0021555, 0.0019989, 0.0016547, 0, 0.0016789, 0.0016284, 0.001376, 0, 0.0007882, 0.0020182, 0.002116, 0.0020638, 0.002508, 0.0023703, 0.0030563, 0.0024922, 0.0020041, 0.0012239, 0.0008778, 0, 0.0032942, 0.0030909, 0.0030715, 0.0024773, 0.002099, 0, 0.0024892, 0, 0.0019792, 0, 0.0024861, 0.0023085, 0.0022056, 0.0020466, 0.0020104, 0.0016456, 0.0020807, 0.0019368, 0.0018616, 0.0018031], [0.0018878, 0, 0.0019155, 0.0014695, 0.0010974, 0.0003523, 1.5e-06, 0.0004975, 0.0003454, 0, 0.001088, 0.0018977, 0.0025605, 0, 0.0011727, 0.0008977, 0, 0.0015954, 0.0014718, 0, 0.0024917, 0.0018193, 0.0014705, 0.0021964, 0, 0.002128, 0.0023866, 0.0023752, 0, 0.0025442, 0.0017802, 0.0018785, 0.0026358, 0.0024049, 0.0002053, 0.000573, 0.0028533, 0.0034356, 0.0019944, 0.0011277, 0, 0.0012676, 0.0012545, 0.0016539, 0.0018509, 0, 0.0022061, 0.0021752, 0.0025729, 0.0022293, 0.0022484, 0.0014687, 0.0016773, 0.0015057, 0, 0.0022257, 0.002426, 0.0017502, 0.0021303, 0.0016431, 0.0010544, 0, 0.0024285, 0.0027349, 0.0021044, 0.0017761, 0.0010392, 0.0019353, 0.0025433, 0.0019264, 0.0018814, 0.0025453, 0.0028421, 0.0020109, 0, 0.0022659, 0, 0.0025888, 0.002558, 0.0021429, 0.001695, 0.0014735, 0.001681, 0, 0, 0, 0.002022, 0.0022637, 0.0021721, 0.0020313, 0.0017823, 0.0011906, 0, 0.0018794, 0, 0.0034174, 0.0032851, 0.0026271, 0.0026829, 0.002717, 0.0030373, 0.0023266, 0.0013882, 0, 0.0026937, 0.0027696, 0.0028942, 0.0023785, 0.0021029, 0, 0.002538, 0.0021943, 0.0025431, 0.0026149, 0.0019492, 0, 0, 0.0022248, 0.0026419, 0.0027682, 0.0030664, 0.0020373, 0.0018377, 0, 0.0028499, 0.0034432, 0.0024589, 0.0020684, 0, 0, 0.0011795, 0.0016469, 0.0023257, 0.0023967, 0.001745, 0.0023196, 0.0027173, 0.0019504, 0.0017418, 0.0024799, 0.0033312, 0.0028792, 0.0030264, 0.0025956, 0.0024552, 0.0023227, 0.0023324, 0.0018835, 0, 0, 0.0026903, 0.0027328, 0.0022408, 0.0025693, 0.0025834, 0.0023827, 0, 0.0030257, 0.0022845, 0.0016329, 0.0021623, 0.0024645, 0.0023951, 0.0023196, 0.0024274, 0.0025197, 0.0024551, 0.0027557, 0.0026406, 0.0021855, 0.001843, 0.0014976, 0.0017214, 0.0014263, 0.0025993, 0.002892, 0.0024251, 0.0021595, 0, 0.0007368, 0.0012763, 0, 0.0027759, 0.0033317, 0.0019026, 0.0015139, 0.0020131, 0.0027248, 0.0015672, 0.0012793, 0, 0.0017248, 0.0020035, 0.0021316, 0.0016218, 0.0016073, 0.0015233, 0, 0.0023798, 0.0022554, 0, 0.0016317, 0, 0.0008752, 0.0023936, 0.0030677, 0, 0.0032509, 0.0028829, 0, 0.0028573, 0.0019797, 0.0013668, 0.0016546, 0.0019489, 0.0026759, 0.0030958, 0.0025787, 0, 0.0022122, 0.001858, 0.0014809, 0.0017849, 0.0018935, 0.0016918, 0.0017624, 0, 0.0014015, 0.0017831, 0.0023659, 0.0026505, 0.0018665, 0.0020497, 0.0023665, 0.0015501, 0.0019312, 0.0024347, 0.0022559, 0.0022482, 0.0020798, 0, 0.0017983, 0.0013759, 0.0018224, 0.0018159, 0.002251, 0.0020955, 0.00215, 0.0016144, 0, 0.0011185, 0.0027712, 0.0040454, 0, 0.0017404, 0.0021944, 0.0024367, 0.0026694, 0.0031247, 0.0029914, 0.0017062, 0.001405, 0.0021241, 0.0023615, 0.002087, 0.0016672, 0.0018681, 0.0013963, 0.0015233, 0.0016013, 0.0012872, 0.0014638, 0.0020223, 0.0023799, 0.0023507, 0.0022539, 0.0017028, 0.0020056, 0.0025269, 0.0024244, 0.0023025, 0.0023869, 0.0022337, 0.0019281, 0.0017277, 0, 0.0012678, 0, 0, 0.0013958, 0, 0.0022312, 0.0025895, 0.0023437, 0, 0.0014081, 0.0015779, 0.0026936, 0.0022595, 0.001515, 0.001595, 0.0019055, 0.0019661, 0, 0.0016862, 0, 0.0026477, 0.0026032, 0.0019782, 0.0021089, 0.0021748, 0.0021717, 0, 0, 0.0029676, 0.0021566, 0.0020801, 0.0029523, 0.00342, 0, 0.0025477, 0.0028876, 0.0029229, 0.0027517, 0.0022708, 0.0021138, 0.0013515, 0, 0.0015045, 0.0012346, 0.001627, 0.0013562, 0.0017838, 0.0026424, 0.0027079, 0.0024736, 0.002821, 0.0030448, 0.0029553, 0.002354, 0, 0.0028213, 0.0032828, 0.002793, 0.0017803, 0.0022954, 0.0023889, 0.0014927, 0.0012987, 0, 0.0033314, 0.0021495, 0.0020414, 0.0017053, 0, 0.0020104, 0.0028867, 0.0020971, 0.0016586, 0, 0, 0.0029803, 0.0023901, 0.0022296, 0.0028179, 0.0022653, 0.0019007, 0.001863, 0, 0, 0, 0.0031009, 0.0026871, 0, 0.001972, 0.0023641, 0.0023798, 0.0023199, 0, 0.0020551, 0.0018964, 0.0021725, 0.0024828, 0.0035444, 0.0023817, 0.0014511, 0, 0.0017406, 0, 0.0019596, 0.0018016, 0, 0, 0.0025741, 0.0025849, 0.0021034, 0.0019385, 0, 0.002289, 0.0021496, 0.0019325, 0.0016657, 0, 0.0021236, 0.0017199, 0.0021699, 0.0020128, 0.0019678, 0.0021381, 0.0020083, 0.0017239, 0.0014423, 0.0020238, 0.0020751, 0.002398, 0.0027188, 0.0023026, 0.0018875, 0, 0.0020847, 0.0016535, 0, 0.0020564, 0.0026986, 0.002564, 0.002138, 0.002093, 0.0021232, 0.0020208, 0.0013853, 0.0009365, 0, 0.0023742, 0.0025355, 0.0025112, 0.0026739, 0.0018623, 0.0012494, 0.0014708, 0.0021127, 0.0028094, 0.0024296, 0, 0, 0.0024729, 0, 0.0023599, 0.0020983, 0, 0.0021143, 0.0025282, 0.0026541, 0.0029877, 0.0030341, 0.0029328, 0.0020767, 0.0024884, 0.0027363, 0.0020553, 0.0021426, 0.0021243, 0.0025302, 0.0022773, 0.0023345, 0.0025517, 0.0023183, 0.002287, 0.0019047, 0.0015206, 0.0018632, 0.0022065, 0.001896, 0.0017978, 0.0018618, 0, 0.0032485, 0.0023849, 0.0020166, 0.0020345, 0, 0, 0.0018579, 0.0019062, 0.0021752, 0.0020358, 0.0019674, 0.001937, 0, 0.0020428, 0.0022827, 0.0021259, 0.0018677, 0, 0.0016044, 0.0015619, 0.0019357, 0.0025281, 0.0025518, 0.0027038, 0.0034063, 0.0033645, 0.0027245, 0.0025472, 0.0020556, 0.0018158, 0.0018908, 0.0028067, 0.0016943, 0.001476, 0.0017377, 0.002084, 0.0021743, 0, 0, 0, 0.0017277, 0, 0.0011702, 0, 0, 0.00112, 0.0017994, 0.0018973, 0.001842, 0.0022257, 0.0021375, 0, 0.002802, 0.0025276, 0.002293, 0.0022468, 0.0028902, 0.0027177, 0.0014685, 0.0018128, 0.0019122, 0.0023947, 0.0023447, 0, 0.0020885, 0.002358, 0.0025337, 0.0019832, 0, 0.0022471, 0.0021619, 0, 0.0015005, 0, 0.0019208, 0.0022651, 0.0024713, 0.0022585, 0.002252, 0.002191, 0.0022667, 0.0019395, 0, 0.0020024, 0.0015863], [0.0013861, 1.1e-06, 0.0016792, 0.0009844, 0.0007744, 0, 3.41e-05, 0.0004658, 0.0003819, 0, 0, 0.00259, 0.0021082, 0.0022851, 0.0018019, 0.0010961, 0.0025309, 0.0015547, 0.0014887, 0.0013842, 0.0014379, 0.0022084, 0.0017901, 0, 0.002114, 0, 0.0022248, 0.0027733, 0.0025786, 0.0019507, 0.0014847, 0.0008405, 0, 0.0023591, 0.0002225, 0.0002871, 0, 0.0018409, 0, 0.0033187, 0.0024171, 0.002089, 0.002188, 0.0018974, 0.0015316, 0, 0.0034618, 0.0030263, 0, 0.0016899, 0, 0, 0.0029214, 0.0026382, 0.002018, 0.0016643, 0.0016755, 0.0013155, 0, 0.0027291, 0.0032261, 0.002548, 0.0013053, 0.0009539, 0, 0.0021384, 0.0019751, 0.0028307, 0.002609, 0, 0.0031492, 0.0025606, 0.0026384, 0.0028403, 0.0028847, 0, 0.0027216, 0.002418, 0.0028571, 0.0021902, 0.0019012, 0.0016646, 0.0023013, 0.0020468, 0.0019191, 0.0023748, 0.0025083, 0.0021909, 0, 0.0016597, 0.0016092, 0.0009841, 0.0019206, 0.0018305, 0.0012036, 0.0017694, 0.0025699, 0.0025992, 0, 0.0028736, 0.0027644, 0.0026424, 0.0025767, 0, 0.0026794, 0.0031732, 0.0029995, 0.0023594, 0.001872, 0, 0.0034542, 0.0030225, 0.003033, 0.0029286, 0.0023267, 0.0028967, 0.002453, 0.0023887, 0.0023354, 0.0017223, 0.0018292, 0.0018412, 0.0016168, 0.0014115, 0, 0.0018491, 0.0018409, 0.0016409, 0.0014394, 0, 0.0018177, 0.0020892, 0, 0, 0, 0.0022621, 0, 0.0026904, 0, 0.002504, 0.0026155, 0.0023399, 0.0019272, 0.0017142, 0.0020429, 0.0018032, 0, 0.0026882, 0.0017894, 0.0018302, 0.0021684, 0.0022679, 0.0026789, 0.0028516, 0.0021305, 0.0026734, 0.0019995, 0.0016029, 0.0014576, 0, 0.0020471, 0.0013571, 0.0014882, 0.0018823, 0.0019254, 0.0012167, 0.001334, 0.0014922, 0.0018441, 0.0017899, 0.0022087, 0.0023875, 0.0021755, 0.0023338, 0.0023552, 0.0017576, 0.001948, 0.0016219, 0.0017742, 0.0022604, 0.0019721, 0.0022989, 0.0030263, 0.002221, 0.0016043, 0.0018854, 0.002683, 0.0028264, 0.0027591, 0, 0, 0.000839, 0, 0.0027926, 0.0026392, 0.002689, 0.0030516, 0.0032244, 0.0022727, 0.0019278, 0, 0.0018096, 0.0016906, 0.0020079, 0.0022707, 0.0021775, 0.0022628, 0.0019821, 0.0018956, 0.0020449, 0.0022535, 0.0020097, 0.0014365, 0.0015711, 0.0019902, 0.0023802, 0.0025977, 0.0023959, 0.0026128, 0.0026684, 0.0021323, 0.0016316, 0.0020224, 0.0019896, 0.0025168, 0.0033563, 0.0035917, 0, 0.0017674, 0.0015856, 0, 0.0032361, 0.0017992, 0.0021808, 0.0030675, 0.0033242, 0, 0.001367, 0.0020278, 0.0028024, 0.0026959, 0, 0.0020928, 0.0019677, 0, 0.0025783, 0.0025071, 0.0025844, 0.0024682, 0.0023868, 0.0023238, 0, 0.001437, 0.0021868, 0.002464, 0.0028509, 0.0011649, 0.001629, 0.0022127, 0.0018431, 0.0023994, 0.002331, 0.0019637, 0, 0.0018603, 0, 0.0013149, 0, 0.0018793, 0.0018673, 0.0021819, 0.0028177, 0.0029216, 0, 0, 0.0026955, 0.001905, 0.0023681, 0.0028167, 0, 0.0025012, 0.0028465, 0.0026605, 0.0017855, 0.0012156, 0.0015236, 0.0018134, 0.0017486, 0, 0.0023414, 0.0024596, 0.0020556, 0.0023289, 0.0025516, 0.0026169, 0.0024711, 0, 0.0014466, 0.0020031, 0.0020407, 0.0023322, 0.0028009, 0.0023043, 0.0023801, 0.0019127, 0.0021068, 0.0028669, 0.0031824, 0.0023676, 0.0020554, 0.0015288, 0.0016747, 0.0021251, 0.0016353, 0.0022856, 0.0021671, 0.0022895, 0.0028683, 0.0027337, 0.002028, 0.0019174, 0.0017958, 0.0016982, 0.0023736, 0.0021173, 0.0012723, 0, 0.0032129, 0.0032903, 0, 0.0017318, 0, 0.0021391, 0.0023942, 0.0021767, 0.0021044, 0.0020663, 0.0017659, 0.0014249, 0.0017257, 0.0015555, 0.001445, 0.0020733, 0.0019219, 0.0016847, 0.0016585, 0.0022544, 0.0030392, 0.0022811, 0.0022364, 0.0021168, 0, 0.0024009, 0.0021391, 0.0023343, 0.0023044, 0.0020858, 0.0024108, 0.0023414, 0.0019973, 0.001622, 0.0018096, 0.0018158, 0.0016952, 0, 0, 0.002371, 0, 0.0015826, 0.0019941, 0.0018402, 0.0015818, 0.0021721, 0.0025655, 0.0020603, 0.0023494, 0.0023129, 0.0017689, 0.0019789, 0.0026268, 0.0034361, 0.0020289, 0.0028675, 0.0027287, 0.0022389, 0.0014104, 0.0018089, 0.0023649, 0.002654, 0, 0, 0.0014778, 0.0016005, 0, 0.001637, 0.0025164, 0.002342, 0.0021388, 0, 0.0020601, 0.0025698, 0.0020707, 0, 0.0020447, 0, 0.0016163, 0.0017619, 0.002472, 0.001831, 0.0016217, 0, 0, 0.002429, 0.0013379, 0.001558, 0.002432, 0.0029851, 0.0022721, 0.001914, 0.0013918, 0, 0.0015596, 0.0023616, 0.0026882, 0.0021187, 0.0018054, 0.0019374, 0.001691, 0, 0, 0.0026146, 0.0024478, 0.0022841, 0, 0.0019164, 0, 0.0023745, 0, 0.0023613, 0, 0.0014394, 0, 0.0024751, 0.0025991, 0.0016681, 0.0015768, 0.0019091, 0.0018581, 0.0023523, 0.0018371, 0.0022096, 0.0026394, 0.002605, 0.0025483, 0.0021475, 0, 0.0021919, 0.0029209, 0.0029048, 0.0027824, 0.002251, 0.002101, 0.0020102, 0.0018778, 0, 0.0024289, 0.0022723, 0, 0.0016954, 0.0016104, 0, 0.002202, 0.0021994, 0, 0.0019699, 0.0020018, 0.0029801, 0.0028804, 0.0031861, 0, 0.0012336, 0.0028368, 0.0016457, 0.001941, 0.0027775, 0.0021611, 0.0022758, 0.0026804, 0.0023064, 0.0024131, 0.0020404, 0.0026517, 0.003309, 0.0031492, 0.0024676, 0.0019087, 0.0020745, 0.0014442, 0.0021012, 0.0028745, 0.0021559, 0.0018714, 0.0023055, 0.0024505, 0, 0.0018088, 0.0019325, 0.0023485, 0.0022155, 0, 0, 0, 0, 0, 0.0031982, 0.0013908, 0.0010619, 0.0016766, 0.0019466, 0.0013632, 0.001229, 0, 0, 0, 0.0028929, 0.0029261, 0.0027861, 0.0024981, 0, 0, 0.002201, 0.001773, 0.0025475, 0.0026663, 0, 0.0032946, 0.0031425, 0.002557, 0.0021651, 0, 0.0014643, 0, 0.0015513, 0.0016899, 0.0014859, 0.0012878, 0, 0.0017068, 0.0025188, 0.0027211, 0, 0.0017867, 0.0018085, 0, 0.0019156, 0.0022183, 0.0024531, 0.0018942, 0.0019803, 0.0018774], [0, 6.06e-05, 0.001391, 0.0009772, 0, 0.0006002, 0.0002587, 0.0011963, 0, 0, 0.0024936, 0, 0.0023953, 0.0028641, 0.0031652, 0, 0.0021744, 0.002561, 0.0023462, 0.0025171, 0.0019509, 0.0018049, 0.0019707, 0.0022881, 0.0026077, 0.0028898, 0.0021871, 0.0022068, 0.0021116, 0.0023948, 0.0027285, 0.0016552, 0.002112, 0.0025239, 0.000621, 0.0010177, 0.0022676, 0.0019739, 0, 0.0031031, 0.0021631, 0.0012511, 0.0015827, 0.0019509, 0.0014503, 0.0016298, 0, 0.0023128, 0.002487, 0.0022173, 0.002169, 0.0013947, 0.002798, 0.0023125, 0.0017967, 0.0016561, 0.0014006, 0.0013496, 0.0020407, 0.0020215, 0.0022872, 0.0018674, 0.0018101, 0.0021674, 0.0024162, 0.0013461, 0, 0.002292, 0, 0, 0.0018445, 0, 0.0026618, 0.0025359, 0.0020188, 0, 0.0024567, 0.0018561, 0, 0.0021567, 0.0026066, 0.0016286, 0.0015193, 0, 0.0011177, 0.0010166, 0, 0.0020317, 0.0020066, 0.0025805, 0.0031017, 0.0028944, 0.0024522, 0.0021613, 0.001716, 0.001872, 0.0017222, 0.001564, 0, 0.0023242, 0.0022654, 0.0031394, 0.0027798, 0.0020132, 0.0026743, 0.0024194, 0.002096, 0.0023244, 0.0023921, 0, 0.0035578, 0.0028741, 0, 0.0024894, 0.0023776, 0.0027451, 0.0027358, 0, 0, 0.0022714, 0.0020768, 0.0018952, 0.0021159, 0.002402, 0.0023993, 0, 0.0029089, 0.0022816, 0.0019634, 0.0023849, 0.0021636, 0.0024563, 0.0033295, 0.0031332, 0, 0.0040627, 0, 0.0021452, 0.0019952, 0.0017921, 0, 0.0017773, 0, 0.0030623, 0.0021176, 0.0016119, 0, 0.0023562, 0.0020518, 0.0010546, 0, 0.0030003, 0, 0.002152, 0.0021205, 0.002482, 0.0026334, 0.0023735, 0, 0.002599, 0.0028726, 0.0021651, 0.0018713, 0, 0.0022183, 0, 0, 0.0025378, 0.0023667, 0.0028123, 0.0022033, 0.0025229, 0.002875, 0, 0.0026767, 0.0035999, 0.0024306, 0.0023934, 0.0023107, 0.001498, 0.0018242, 0.0019616, 0.0014847, 0.0019564, 0.0019647, 0.0027744, 0.0026579, 0.0018882, 0.0019542, 0.0020611, 0, 0.0028656, 0.0025397, 0.0022752, 0, 0.0024631, 0.0030856, 0.0029943, 0.0027399, 0.0025408, 0.0024975, 0.0028985, 0.0020927, 0.0020466, 0.0021582, 0.0021827, 0.0026343, 0.0021263, 0.0018041, 0.0020783, 0.0018184, 0, 0.0019213, 0.0027506, 0.0029244, 0, 0.0024788, 0, 0.0013232, 0, 0.0027452, 0.0021874, 0.0019209, 0.0019096, 0.001911, 0, 0.0023792, 0.0024338, 0.0021396, 0.0016854, 0, 0.0014579, 0.0012831, 0.0016486, 0, 0.0020543, 0.002153, 0.002016, 0.0019516, 0.0019475, 0, 0.0019482, 0.0013911, 0, 0.0022916, 0, 0.0017155, 0.0017597, 0.0015703, 0, 0.0014318, 0.0018311, 0.0021407, 0.0019898, 0, 0.0019044, 0.0007889, 0.0009631, 0.0008933, 0.0004956, 0, 0.0014153, 0.0020654, 0.0017969, 0.001947, 0.0018416, 0.002353, 0.0021905, 0.0019542, 0, 0.0012291, 0, 0.0017467, 0.0021944, 0.0016199, 0.0021756, 0.002276, 0.0023641, 0.0027691, 0.0027065, 0.0032871, 0.0036217, 0, 0.0021884, 0.0020413, 0, 0.0024867, 0.0024917, 0.0025798, 0.0029633, 0.0026019, 0.0019295, 0.0016702, 0, 0, 0.0014303, 0.0014987, 0.0022923, 0.0022784, 0.0025683, 0.0021632, 0.0023817, 0.001935, 0.0016043, 0, 0.0024657, 0.0017542, 0.0025328, 0.0026331, 0, 0, 0.0025372, 0.0021665, 0, 0.0014, 0.0016805, 0.0022356, 0.0019553, 0.0020628, 0.0028279, 0.003007, 0.0027127, 0.0025965, 0.001934, 0.0021801, 0.0024934, 0.0019842, 0.0017841, 0, 0.001389, 0.0014668, 0.0015123, 0.0020691, 0.0027603, 0.0028117, 0.0022559, 0.0022414, 0.0016167, 0.0016926, 0.0017295, 0.0023495, 0.0028593, 0, 0.0026553, 0.0026384, 0.0022157, 0.0025603, 0.002563, 0, 0.0024743, 0.0022748, 0, 0.0018719, 0.001911, 0.0014242, 0, 0.0017961, 0.0026336, 0.0037501, 0.0027246, 0.0023397, 0, 0.0020074, 0.0023204, 0.0013922, 0.0015099, 0.0019195, 0.0020527, 0.0019457, 0, 0.0019323, 0.0023853, 0.0018351, 0.0023187, 0.0031639, 0.0020441, 0.0021318, 0.002231, 0.0024387, 0.002952, 0.0026847, 0.0028677, 0.0026064, 0.002474, 0.0023538, 0, 0.0018076, 0.0022129, 0.0021173, 0.0025982, 0.0025391, 0.0019602, 0.0015445, 0.0023067, 0.0025346, 0.0018611, 0, 0.0016727, 0.001577, 0, 0.0018731, 0.0019472, 0.0026551, 0.0030884, 0.0035004, 0.0028041, 0.0020507, 0, 0.0019299, 0.0026465, 0.0026421, 0, 0.0020988, 0.001686, 0.0017705, 0.0028327, 0.0023275, 0.0020379, 0.0023046, 0.0020245, 0.0024667, 0.00287, 0.002426, 0.0021625, 0, 0.0014478, 0, 0, 0.0022115, 0.0026956, 0.0026312, 0, 0.0018637, 0.0022786, 0.0023553, 0.0021343, 0, 0.0021448, 0.002797, 0.0027164, 0.0022763, 0, 0.0022691, 0.0017111, 0.0017113, 0.001323, 0, 0.0017846, 0, 0.0016503, 0.0016726, 0.0020798, 0.0023688, 0.0022332, 0.0019802, 0.0015197, 0, 0.0016432, 0.0016404, 0, 0.002396, 0, 0.0019243, 0.0021383, 0.0023399, 0.0022821, 0, 0.0023944, 0.0025407, 0.0025095, 0.0024061, 0.0016422, 0.0014376, 0, 0.0007939, 0, 0.0019019, 0.0021722, 0.0026795, 0.0021641, 0.0020273, 0.0015758, 0, 0.0030108, 0.0018971, 0, 0, 0.0020791, 0.001848, 0.0017385, 0.0012983, 0.0015025, 0.0021483, 0.0019642, 0.0020944, 0.002111, 0, 0.0023828, 0.0018933, 0.0018758, 0.0027053, 0.001711, 0.0017635, 0.0028369, 0.0028188, 0.0021043, 0.002084, 0.0027716, 0.0035501, 0.001911, 0.0019426, 0.0028159, 0.0028191, 0, 0.0008997, 0, 0.0020383, 0.0022621, 0.0023901, 0.0019296, 0.0016283, 0, 0.0020603, 0.0019684, 0.0027828, 0.0028341, 0.0019732, 0.0019039, 0.0025027, 0.0029678, 0, 0.0025011, 0.00243, 0.0021633, 0, 0.0031179, 0.0032763, 0.0029758, 0.0023787, 0.0015434, 0.0016531, 0.0022059, 0.0022067, 0, 0.0018576, 0.0018563, 0.0018296, 0, 0.0022768, 0.0019485, 0.0021867, 0.0021169, 0.001769, 0.0018686, 0.00214, 0.0020713, 0.0019188, 0, 0, 0.001241], [0.0007829, 0, 0.0010072, 0.0009849, 0.0009632, 0.0004255, 0, 0, 0, 0, 0.0021726, 0.0018446, 0.0018659, 0.0021659, 0.0019243, 0.0009149, 0.0016884, 0.0019575, 0.0020707, 0.002038, 0.0022795, 0.0025975, 0.0019212, 0.0026227, 0.0020726, 0.0020274, 0.0020052, 0, 0.0030362, 0, 0, 0.0017995, 0.0022413, 0.0023223, 0.0001961, 0.0004544, 0.0014132, 0, 0, 0.0035469, 0.0027542, 0.0015745, 0.0015107, 0.0015351, 0, 0.0024472, 0.0024269, 0.0018727, 0.0018433, 0.0023545, 0.0021955, 0.0012067, 0.0020594, 0.0019395, 0.0024919, 0.0026223, 0.0023679, 0, 0.0021393, 0.0023969, 0.0022006, 0.0025957, 0.002062, 0.0016685, 0.0015749, 0, 0.0020197, 0.0032205, 0.0023516, 0.0024276, 0.0028705, 0.0028639, 0.002769, 0.002261, 0.0024165, 0.0023779, 0.00248, 0.0028636, 0.0026468, 0.0025888, 0.0025085, 0, 0.0022251, 0.0020049, 0.0016971, 0, 0.003325, 0.0021461, 0.0023782, 0.0026047, 0.0027736, 0.0018177, 0.0015458, 0.0018563, 0.0020382, 0.0022229, 0.0021989, 0.0022261, 0.0015734, 0.0012626, 0, 0.0017781, 0.0016722, 0.0012303, 0, 0.0027956, 0, 0.0015457, 0.0025639, 0.0025037, 0.0022318, 0.0023185, 0, 0.0018598, 0.0025161, 0.0034565, 0.0029356, 0.0025695, 0.002204, 0, 0.0030445, 0, 0.0025169, 0.002173, 0.0018247, 0, 0.0029525, 0.0020601, 0.0018573, 0.002392, 0.0021564, 0.0017417, 0, 0.0025798, 0.0026321, 0, 0.0017184, 0.0020655, 0.0020884, 0.0022041, 0.0014072, 0, 0.0019504, 0.002022, 0.0023854, 0.0027068, 0.0024138, 0.0012095, 0, 0.0021435, 0.0026261, 0.0028515, 0.0022363, 0.0019627, 0, 0.0024295, 0.0025708, 0.0017272, 0.0022648, 0.0030314, 0.0031777, 0.0021216, 0.0020192, 0.0017393, 0, 0.0033051, 0.0032147, 0, 0.0021748, 0.0021098, 0.0020159, 0, 0.0022531, 0.0020207, 0.001696, 0, 0.0024173, 0.0018264, 0.0012967, 0, 0.0007032, 0.0010858, 0.0017007, 0.0016622, 0.0023651, 0.0030871, 0.0023997, 0, 0.0021709, 0.001861, 0.0022198, 0.0025233, 0.0022982, 0.0022421, 0.0015615, 0.0016963, 0.0021019, 0.0023336, 0.0011679, 0, 0, 0.0020971, 0.0028275, 0.002979, 0, 0.0022837, 0.0022722, 0.0024891, 0.0035619, 0.0033827, 0.002867, 0.0017479, 0.0021734, 0.0027135, 0.0031343, 0.002541, 0.0019728, 0.0017531, 0.0020714, 0.0017787, 0.0018179, 0.0022558, 0.0025697, 0.0023854, 0.0020105, 0.0019854, 0.0018766, 0.0014441, 0.0017971, 0.0014631, 0.0022884, 0.0022831, 0.0020283, 0.0021828, 0.0018369, 0.0016657, 0, 0.0015612, 0.0020005, 0.0019122, 0.0015469, 0, 0, 0.0015603, 0.0025055, 0.0026545, 0.003055, 0.0022193, 0.0015743, 0.0022039, 0.0025437, 0.0032811, 0.0020598, 0.0010584, 0, 0.0025421, 0.0014371, 0.001428, 0.0014832, 0, 0.001312, 0.0011113, 0, 0.0006881, 0, 0.0020555, 0.0020485, 0.0031957, 0.0028391, 0.0022513, 0.0022505, 0.0021295, 0, 0.0023608, 0.0019784, 0, 0.0031879, 0.0029518, 0.0024069, 0.0021744, 0.0015175, 0.0012935, 0, 0.0019899, 0.0020464, 0.0019913, 0.0026252, 0.0025079, 0, 0.0025341, 0.0025703, 0.0023642, 0.0016397, 0.0019267, 0.0020835, 0, 0.0025371, 0.0032841, 0.0033445, 0, 0.0018073, 0.0020903, 0.0017197, 0.0024953, 0.0022207, 0.0020099, 0.0016222, 0.001877, 0.0026832, 0.0032611, 0.0022235, 0, 0.0018549, 0.0027909, 0.0027098, 0.0024017, 0, 0.0017797, 0, 0.002733, 0.0025389, 0.0025993, 0.002281, 0.0018433, 0, 0.0024877, 0.003102, 0.0030591, 0.0025781, 0.0022989, 0.0018906, 0.0015739, 0, 0, 0.002685, 0.0022254, 0.0019513, 0.0018115, 0.0024345, 0.0025721, 0.0023504, 0.0020882, 0, 0.0018367, 0.0015268, 0.0014067, 0.0022693, 0.0020972, 0, 0.0026576, 0.0023443, 0.0028043, 0.0025007, 0.0027195, 0.002639, 0, 0, 0.0015405, 0.0015507, 0, 0.001891, 0.0018249, 0.0023168, 0.0021056, 0.0020273, 0.002521, 0.0022528, 0.0020361, 0.0021391, 0.0020706, 0.0023961, 0.002532, 0.0026893, 0.0022691, 0, 0.0027604, 0.0026332, 0, 0.0023856, 0.0021093, 0.0022956, 0.0018676, 0, 0.002074, 0.0021859, 0.0020358, 0.0016117, 0.001858, 0.0023992, 0.0019424, 0.0014293, 0.0019699, 0.0016888, 0, 0.0026108, 0.0026693, 0.0023461, 0.0021963, 0, 0.0025766, 0.0027098, 0.0032936, 0.0031234, 0.0033114, 0.0024985, 0.0025472, 0.0026756, 0.0024483, 0.0032407, 0.0030735, 0.0031018, 0.0029562, 0, 0.0018093, 0.0022761, 0.0012864, 0, 0.0015774, 0.0018612, 0, 0.002081, 0.0021398, 0.0014229, 0.001348, 0.0013843, 0, 0.0005934, 0, 0, 0.0026841, 0, 0.0019704, 0.0019107, 0.0014181, 0, 0.0015561, 0.0015884, 0, 0, 0.0017185, 0.0027575, 0.0030144, 0.0026504, 0.0028864, 0, 0.0034437, 0.0024898, 0.00217, 0.0022725, 0, 0.0017696, 0.0015236, 0.001994, 0.0019491, 0, 0.0021617, 0.0024533, 0.0019529, 0.0020254, 0.001908, 0.0014219, 0, 0.0020143, 0, 0.0021564, 0.0014562, 0.0016783, 0.0020144, 0, 0.0026976, 0.0018966, 0.0023664, 0.0025175, 0.0016386, 0.00184, 0.0023537, 0.002478, 0.001859, 0.0016889, 0, 0.0022579, 0.0017591, 0.0022009, 0.0021376, 0.0015623, 0.0011552, 0, 0.0021461, 0.0028155, 0.002012, 0.0014906, 0.0013473, 0, 0.0030874, 0.0029258, 0, 0.0021546, 0.001983, 0, 0.003307, 0.0021004, 0.0016642, 0, 0, 0.0027609, 0.0020816, 0.0021037, 0.0029809, 0.0031665, 0, 0.0038134, 0, 0, 0.0026443, 0.0020645, 0.0017749, 0.0022155, 0.002361, 0.0025747, 0.002688, 0, 0, 0.0027124, 0.0021845, 0, 0.0024928, 0.0027158, 0.002132, 0.0026068, 0.0014566, 0.0022909, 0.0026386, 0.0014721, 0, 0.0023642, 0.0025748, 0.0015449, 0.001627, 0.0016628, 0.001952, 0.002804, 0.0035731, 0.0022564, 0.0022891, 0.0016105, 0, 0, 0, 0.0032017, 0.0022215, 0.0018743, 0, 0.0025337, 0.0016706, 0.0016993, 0.0020979, 0.0021559, 0, 0, 0.0010757], [0.0004773, 0, 0.0018214, 0.0016957, 0.0006394, 0.0002368, 1.47e-05, 0.0004694, 0.0004502, 0, 0.0023192, 0.0032041, 0.0026853, 0.0027657, 0.0029864, 0.0015848, 0.0035468, 0.0026495, 0.0027424, 0.0028751, 0.0022522, 0, 0.0019341, 0.0021457, 0, 0.0021547, 0.0020215, 0.002024, 0.0018324, 0.0021659, 0.0021381, 0.0022037, 0.0017877, 0.0013245, 0, 0.000517, 0.0017819, 0.0022521, 0.0026765, 0, 0.0022566, 0.001681, 0, 0.0018587, 0.0019267, 0.002513, 0.0025533, 0, 0, 0, 0.0022969, 0.001498, 0.0036649, 0.0033779, 0.0028594, 0.0016625, 0.0013427, 0, 0.0012386, 0.0015082, 0.0016794, 0, 0.0019768, 0.0017641, 0.0020427, 0.0027259, 0.0011523, 0.0014072, 0.0017689, 0.0024733, 0.0023529, 0.002611, 0.0026791, 0.0024952, 0.0014855, 0, 0.0017864, 0, 0.0032114, 0.0022963, 0, 0, 0.0014352, 0.0017417, 0.0020185, 0.00332, 0.0032315, 0.0030208, 0.0028898, 0.0023703, 0, 0.0027124, 0.003239, 0.0014633, 0.0019606, 0.0021991, 0.0025077, 0.0028107, 0.0027327, 0.0026362, 0, 0, 0, 0.0029151, 0.0020114, 0.0025326, 0.0032947, 0, 0.0024794, 0, 0.0029416, 0.0034879, 0.0029399, 0, 0.0028063, 0, 0.0024961, 0.0031846, 0.0028905, 0, 0.00232, 0.0016621, 0.0021335, 0.0026541, 0.0027615, 0.0027483, 0, 0.002069, 0.0009386, 0, 0.0030734, 0.0032793, 0, 0.0027428, 0.002575, 0.0024075, 0.0029935, 0.0025236, 0.0030111, 0.0024351, 0.0019212, 0.0022077, 0.0029948, 0.00232, 0.0019982, 0.0022815, 0.002407, 0.0022497, 0.0021607, 0, 0.0022968, 0.0020719, 0, 0, 0.0023072, 0.0021064, 0.0019153, 0, 0.0019996, 0.0013009, 0, 0.0016155, 0.0023516, 0.0024441, 0.0024607, 0.0028214, 0.0021285, 0.002685, 0.0030567, 0.0023384, 0.0024189, 0.0021725, 0.0020298, 0, 0.0017008, 0, 0.0006243, 0, 0.0017918, 0.0019916, 0.0020541, 0, 0.0018191, 0.0023291, 0, 0.0021843, 0.0019135, 0.0017014, 0, 0, 0.0012531, 0, 0.0025796, 0.0024493, 0.0020301, 0.0019008, 0, 0, 0.0021335, 0.0018875, 0.0023087, 0.0024431, 0, 0.0023953, 0.0028065, 0.0027614, 0.0022845, 0.0019442, 0, 0.0015282, 0.002152, 0.0025871, 0.0025198, 0, 0.0029218, 0.0037793, 0.0027173, 0.0019659, 0.0024775, 0.0022958, 0, 0.0013198, 0, 0.0028566, 0.0016988, 0.0021547, 0.0022481, 0.0015784, 0.002263, 0.0031292, 0.0030514, 0.0024366, 0.0014404, 0.0013395, 0, 0, 0.0020574, 0.002836, 0.0028183, 0.0018126, 0.0020413, 0.003428, 0.0024649, 0.0017478, 0.0012655, 0.0010359, 0, 0, 0.003235, 0.0026811, 0, 0.0019375, 0.0019728, 0.0020154, 0, 0, 0, 0.0025047, 0.0029576, 0.0022048, 0.0018742, 0, 0.0029946, 0.0024668, 0.002385, 0, 0.002316, 0.0023167, 0.0023622, 0.0022206, 0, 0.0028381, 0.002394, 0.0026148, 0.0027463, 0, 0.0019566, 0, 0.0022331, 0, 0.0015528, 0.0021772, 0.0021944, 0.0024584, 0.0026906, 0.0021197, 0.0021336, 0.0022508, 0, 0.0017034, 0.0022131, 0.0020546, 0, 0.0022474, 0.0027317, 0.0021251, 0.0020188, 0.0018672, 0, 0.0010416, 0.0018205, 0.0015908, 0.0023304, 0.0028081, 0.0028553, 0.0026412, 0.002024, 0.0017319, 0.0017686, 0.0015198, 0.0012781, 0, 0.0026762, 0.0020466, 0, 0.0020711, 0.002504, 0.0026693, 0.0025195, 0.0024695, 0.0021428, 0.0019344, 0, 0, 0, 0.0034955, 0.0035014, 0.002677, 0.0027854, 0.0027712, 0.002251, 0.001868, 0.0015259, 0, 0.0027076, 0.0019527, 0.0020864, 0.0023016, 0.0035067, 0.0036505, 0, 0.0020191, 0.0023435, 0, 0.0027113, 0.0028375, 0.0020357, 0.002257, 0.002077, 0.0027431, 0.0024863, 0.0018467, 0.0019482, 0.0017415, 0.0017523, 0.0018508, 0.0022805, 0.0027482, 0.0030672, 0.0029545, 0.0027389, 0.0028007, 0.0022709, 0.0023741, 0.0029171, 0.0024123, 0.0018572, 0.0021619, 0.0021518, 0.0024189, 0.0026403, 0.0013696, 0.0010345, 0, 0.0020567, 0, 0.0020795, 0.0015293, 0.0017877, 0.0020228, 0.0019571, 0.0015514, 0, 0.0023934, 0.0027535, 0.0028919, 0.0022831, 0, 0.0020189, 0.0018025, 0.0018745, 0.0017768, 0.0016545, 0.0024151, 0.0028378, 0.0028581, 0, 0.0025446, 0.0029118, 0.0017851, 0.0010849, 0, 0.0037199, 0.0027971, 0.0027464, 0.0023901, 0.0014018, 0.0011159, 0, 0.0022629, 0.0026284, 0.0024609, 0, 0.0018077, 0.0019071, 0.0025479, 0.0028567, 0.0028035, 0, 0.002382, 0.0019422, 0.0023459, 0.0028847, 0.0022006, 0.0015681, 0.0019444, 0.0022358, 0, 0.0020585, 0.0018142, 0, 0.0008253, 0.0020844, 0.0024771, 0.003002, 0.0031503, 0, 0.002371, 0.0021901, 0.0021413, 0.001601, 0.001544, 0.0018334, 0.001985, 0, 0.0021074, 0.0023525, 0.0029999, 0.0028065, 0.0019949, 0.0023271, 0.0032826, 0.0020006, 0.0018064, 0.0021319, 0.0019389, 0.0022138, 0.0018586, 0.0022377, 0.0016548, 0.0024948, 0.0026381, 0.0025089, 0.0017881, 0.0018102, 0.0022483, 0.0023438, 0.0021564, 0, 0, 0.0018755, 0.0019525, 0.0024515, 0.0019365, 0.0025745, 0.0026985, 0, 0.0023116, 0.0020329, 0.0017147, 0.0013575, 0.0017048, 0.0018215, 0, 0.0023056, 0.001929, 0, 0.002387, 0.0022612, 0.0026132, 0.0029154, 0.0022438, 0.0018243, 0, 0.0016028, 0.0013216, 0, 0, 0.002966, 0.0022469, 0.002722, 0.0029947, 0, 0.0023149, 0.0029579, 0.0020397, 0.0014781, 0, 0.0019666, 0.0018916, 0, 0.0024937, 0, 0.0016421, 0.0015698, 0, 0.0018629, 0.0013377, 0.0017785, 0.002333, 0, 0.002164, 0.0018066, 0, 0, 0, 0.0019913, 0.0025901, 0.0023716, 0.0022891, 0, 0.0017278, 0.0019636, 0.0016085, 0.0012796, 0, 0.0014815, 0.0021879, 0.0018753, 0.0016039, 0, 0.0031441, 0.0023739, 0.0021628, 0.0027585, 0.0018356, 0.0020864, 0.0020779, 0.0022947, 0.0021825, 0.0019947, 0, 0.0022264, 0.0020833, 0.0021396, 0.0022035, 0, 0.0014519, 0.0014305, 0]]}})
      ok  46.0 s  auprc=0.8341649887428035
  [10/10] oilgas_gasturbine seed=46 ...
D:\Data\Harold\github\hsbc-quantum-fraud-2026\.venv\Lib\site-packages\eqc_models\base\results.py:172: UserWarning: Cannot evaluate objective value in results for <class 'eqc_models.ml.classifierqboost.QBoostClassifier'>. Method not implemented.
  warnings.warn(f"Cannot evaluate objective value in results for {model.__class__}. Method not implemented.")
Runtime of _build_weak_classifiers_sq: 41.09 seconds!
Built 560 weak classifiers!
Runtime of get_hamiltonian: 41.84 seconds!
2026-10-06 08:07:20 - Dirac allocation balance = 1059 s
2026-10-06 08:07:20 - Job submitted: job_id='6ac4e477358b23d0cb3719eb'
2026-10-06 08:07:20 - QUEUED
2026-10-06 08:07:23 - RUNNING
2026-10-06 08:08:05 - COMPLETED
2026-10-06 08:08:07 - Dirac allocation balance = 1022 s
SolutionResults(solutions=array([[6.9590e-04, 2.2400e-05, 0.0000e+00, ..., 2.6267e-03, 3.3622e-03,
        0.0000e+00],
       [0.0000e+00, 8.1400e-05, 0.0000e+00, ..., 2.3429e-03, 2.1905e-03,
        2.0527e-03],
       [7.2940e-04, 0.0000e+00, 1.1989e-03, ..., 2.8011e-03, 1.7553e-03,
        1.5329e-03],
       ...,
       [5.5040e-04, 1.7000e-06, 1.4825e-03, ..., 2.4448e-03, 2.1847e-03,
        0.0000e+00],
       [3.8350e-04, 0.0000e+00, 9.3980e-04, ..., 0.0000e+00, 2.1304e-03,
        0.0000e+00],
       [1.1329e-03, 0.0000e+00, 1.4449e-03, ..., 2.6490e-03, 3.0132e-03,
        2.9754e-03]]), energies=array([-21939.8085938, -21938.0546875, -21937.375    , -21936.859375 ,
       -21936.3828125, -21935.5078125, -21935.390625 , -21933.4296875]), counts=array([1, 1, 1, 1, 1, 1, 1, 1]), objectives=None, run_time=[3562595844, 7029325008, 3378719568, 3882161140, 7070514202, 3781929255, 3162420273, 4352991581], preprocessing_time=2686326504, postprocessing_time=[0, 0, 0, 0, 0, 0, 0, 0], penalties=None, device='dirac-3_normalized_qudit', raw_solutions=None, time_units='ns', response={'job_info': {'job_id': '6ac4e477358b23d0cb3719eb', 'job_submission': {'problem_config': {'normalized_qudit_hamiltonian_optimization': {'polynomial_file_id': '6ac4e474d190799f598b196f'}}, 'device_config': {'dirac-3_normalized_qudit': {'num_samples': 8, 'relaxation_schedule': 2, 'sum_constraint': 1}}}, 'job_status': {'submitted_at_rfc3339nano': '2026-10-06T12:07:19.852Z', 'queued_at_rfc3339nano': '2026-10-06T12:07:19.853Z', 'running_at_rfc3339nano': '2026-10-06T12:07:20.693Z', 'completed_at_rfc3339nano': '2026-10-06T12:08:02.839Z'}, 'job_result': {'file_id': '6ac4e4a2d190799f598b1982', 'device_usage_s': 37}}, 'status': 'COMPLETED', 'results': {'counts': [1, 1, 1, 1, 1, 1, 1, 1], 'energies': [-21939.8085938, -21938.0546875, -21937.375, -21936.859375, -21936.3828125, -21935.5078125, -21935.390625, -21933.4296875], 'solutions': [[0.0006959, 2.24e-05, 0, 0, 0, 0.0002007, 0.0001829, 0.0006514, 0.0005913, 3.75e-05, 0.0027281, 0.0024363, 0, 0.0034407, 0.0024548, 0.0019976, 0, 0.0024018, 0.0031614, 0.0041822, 0.0026594, 0.0023296, 0.0027174, 0.0026654, 0.0017412, 0.0017191, 0.0017862, 0.0018227, 0.0007486, 0.0013907, 0.0018352, 0.0016793, 0.001495, 0.0005421, 0.0020321, 0.0005811, 0, 0.0030824, 0.0027646, 0.0025078, 0.0022497, 0.0024049, 0.001802, 0.0023925, 0.0025282, 0.0019342, 0.0021674, 0.0019404, 0.0028671, 0.0024684, 0.0028737, 0.0027845, 0, 0, 0.0021564, 0.0024143, 0.0023757, 0.0021696, 0.0016588, 0, 0.0015631, 0.0020927, 0.0020238, 0.0018361, 0, 0, 0.001183, 0.0020779, 0.0020903, 0, 0.0028551, 0.0018085, 0.0015943, 0.0014973, 0, 0.0016583, 0, 0, 0, 0.002267, 0.0023356, 0.0023082, 0.0015493, 0, 0.0021797, 0.0022975, 0.0021105, 0.002566, 0.0023303, 0, 0.0019304, 0.002268, 0.0025766, 0.0018323, 0.0019795, 0.0026761, 0.0026737, 0.002853, 0.002765, 0, 0.001745, 0.0019202, 0.001882, 0, 0.0024386, 0.0024735, 0.002601, 0.0023901, 0.0022336, 0.0008912, 0, 0.0017463, 0.0022215, 0.0020963, 0.0019388, 0.0022069, 0.0027028, 0.0022424, 0.0014057, 0.0017353, 0.0023839, 0.0022515, 0.0020264, 0.0020218, 0.001365, 0, 0.001791, 0.0018362, 0.0019234, 0.0016795, 0.0020108, 0.0016422, 0.0019466, 0.0025143, 0.0029053, 0.0027649, 0.00239, 0.0016525, 0.0015163, 0.0020641, 0.002335, 0.0024074, 0.0023671, 0, 0.0022497, 0.0017432, 0.001519, 0, 0.002637, 0.0034875, 0.0016824, 0.0010885, 0.0014887, 0.0016921, 0.002089, 0.0026669, 0.0019643, 0.0014736, 0, 0, 0.0014777, 0.0015843, 0.0019539, 0.0019119, 0.0019628, 0.0017832, 0.0021511, 0.0018223, 0.0015024, 0, 0.002442, 0.0021218, 0.0019998, 0.0022882, 0.0020019, 0.0020825, 0.0021241, 0.0019561, 0.001539, 0.001679, 0.0022758, 0.0016459, 0.0020444, 0.0023334, 0.0030665, 0.0027773, 0.0026425, 0.0023976, 0.0022489, 0.0022369, 0, 0.001788, 0, 0.0021486, 0, 0.0021199, 0.0025054, 0, 0.0019426, 0.0022893, 0.0025089, 0.0019107, 0.0020709, 0.0022329, 0.0022532, 0, 0.0021423, 0.0016985, 0.0015994, 0.0016544, 0.0015887, 0, 0.0020688, 0.0021843, 0.0019534, 0.0018066, 0, 0.0027781, 0.0024658, 0, 0.0034494, 0.0031993, 0.0024153, 0.0023874, 0.0027834, 0.0028036, 0.0025963, 0.0017955, 0, 0.0034394, 0, 0.0021422, 0.0025305, 0.0035487, 0, 0.003711, 0.0029948, 0.0026329, 0.0020674, 0.0018759, 0, 0.0013957, 0.0018593, 0.0023338, 0, 0.0020582, 0.0018914, 0.0017848, 0.0018961, 0.0017552, 0.0016093, 0.0026414, 0.0024135, 0.0027602, 0.0021179, 0.0018858, 0.0019084, 0.0021195, 0.0026706, 0.0014905, 0.0016453, 0.0021605, 0.002218, 0, 0.0019019, 0.0018121, 0.0024572, 0.0023443, 0.0019583, 0.0023785, 0.0022642, 0.0022964, 0.0024344, 0.0024615, 0, 0.0014443, 0.0011645, 0.0011023, 0, 0, 0.0017249, 0.001935, 0.0022703, 0.0017722, 0.0022579, 0.0027599, 0, 0.002355, 0.0018598, 0.002256, 0.0021358, 0.0019407, 0.0018341, 0.0015703, 0.0015808, 0.0019698, 0.0025274, 0.00203, 0.0024935, 0.0020389, 0.0022131, 0.0019831, 0.0018169, 0.0017275, 0.0019926, 0.002221, 0.0027847, 0.0033619, 0.0025725, 0.0017257, 0, 0.0018264, 0, 0.0016923, 0.0021746, 0.0019352, 0.0019295, 0.0017612, 0.0017486, 0.0023179, 0.0022681, 0.0017763, 0, 0.0028523, 0.0017283, 0.0014586, 0.001341, 0.0017554, 0.0020679, 0.0025102, 0.0028657, 0.0029079, 0.0028846, 0, 0.0025979, 0.0015227, 0.0014672, 0.0020359, 0.00192, 0.0017158, 0.0024705, 0.0031219, 0.0025645, 0.0022043, 0, 0, 0.0020405, 0, 0.0019511, 0.0023789, 0.0021811, 0.0017087, 0.0024516, 0.0025775, 0.0028023, 0.0028111, 0, 0.0021559, 0.0018764, 0.0023726, 0.0023141, 0.0017568, 0.0022118, 0.002509, 0.001792, 0.0015945, 0.0015832, 0.0019474, 0.0022247, 0.0021997, 0.002343, 0.0022885, 0.0017128, 0.0020438, 0.0019502, 0.0020264, 0.0024883, 0.0018216, 0.0015194, 0.0019043, 0.0023539, 0.0026689, 0.0021562, 0.0022747, 0.0017836, 0.0010605, 0, 0.0022893, 0, 0.0020179, 0.0019505, 0.0022441, 0.0020788, 0.0020948, 0.0029576, 0.0025269, 0.0018399, 0.0018447, 0.0023046, 0.0027947, 0, 0.0017415, 0, 0.0018771, 0, 0, 0.002076, 0.0023968, 0.0014602, 0.0015745, 0.0022152, 0.0024383, 0.0025756, 0.0018923, 0.0011729, 0, 0.0016708, 0.002233, 0.0022596, 0.00193, 0.0016507, 0.0020518, 0.0023338, 0.0016892, 0.0018689, 0.001576, 0, 0.0019803, 0, 0.0016936, 0.0018954, 0.0016385, 0.0021667, 0.002449, 0.0022169, 0, 0.0018566, 0.0017935, 0.002117, 0.0024862, 0.0024536, 0, 0.0023414, 0.003167, 0.0033162, 0.003457, 0.0031944, 0, 0.0021245, 0.0022386, 0, 0.0009954, 0, 0, 0.0015996, 0.0015498, 0.0019341, 0.0023674, 0.0023168, 0.0028082, 0.0021762, 0.0015681, 0.0016105, 0.0019498, 0.0021438, 0.0020239, 0.0014508, 0.0013273, 0.0015514, 0.0017324, 0.0016146, 0.0014946, 0.001741, 0.0024688, 0.0028785, 0, 0.0021349, 0.0015883, 0.0012891, 0, 0, 0.0021094, 0.0017281, 0.0024293, 0.0025102, 0.0021889, 0, 0.0011702, 0, 0.0020396, 0, 0.0024988, 0.0016585, 0.0017633, 0.0012729, 0.0013035, 0.00148, 0.0012104, 0, 0.0017776, 0.0017498, 0.0022203, 0.0027819, 0.0026499, 0.002075, 0.001918, 0.0020991, 0.0020755, 0.0019731, 0.0022413, 0.0023655, 0.0020026, 0, 0.0015359, 0.0012896, 0.0012748, 0.0010311, 0.0010686, 0.0017694, 0.0021963, 0.0024446, 0.0017293, 0.0011848, 0.0025514, 0.002152, 0.0020573, 0.0020435, 0.0025362, 0.0027859, 0.002035, 0.001714, 0, 0.0021274, 0.0020864, 0.0020821, 0, 0.001768, 0.0015339, 0.0015016, 0, 0.002195, 0.0021353, 0.0022021, 0.0022832, 0.0026254, 0.0033392, 0.0033099, 0.0028307, 0.0025494, 0, 0.0034074, 0.0028913, 0.0027104, 0.0025862, 0.0022553, 0, 0.0019246, 0.0026267, 0.0033622, 0], [0, 8.14e-05, 0, 0.000782, 0.000794, 0.0005414, 0.0002039, 0, 0, 7.46e-05, 0.0017598, 0, 0.0015411, 0, 0.0017305, 0.0025311, 0.0023957, 0.0018117, 0.0016403, 0, 0.0033504, 0.0026536, 0.0019454, 0.0016149, 0, 0.0026342, 0, 0.0023716, 0.0023814, 0.0024067, 0.0030671, 0.0025003, 0.0014793, 0.0006825, 0.0030601, 0, 0.0024665, 0, 0.0020531, 0.0022646, 0.0015254, 0.0026063, 0.0021643, 0, 0, 0.0010195, 0, 0.0020315, 0.0019508, 0.0020081, 0.0022704, 0.0024335, 0.0026023, 0.0014055, 0.0020669, 0.002064, 0.0024626, 0.002508, 0.0019673, 0, 0.0026648, 0.0023062, 0.0021917, 0.0025616, 0.0028131, 0.0031471, 0.002033, 0.0019626, 0.0020416, 0.0021147, 0.0020338, 0.0020006, 0.0023826, 0.0025404, 0.002468, 0.0026426, 0.0017452, 0.0022187, 0.0024255, 0.0024145, 0.0023595, 0.0020641, 0.001952, 0.002399, 0.0016383, 0.0009112, 0.001565, 0.001749, 0.0018772, 0.0015595, 0.0016995, 0.001672, 0.0019613, 0.0016179, 0.0017849, 0.0023264, 0.0029579, 0.0021534, 0.0025197, 0.0023875, 0.0024026, 0.0024177, 0.002561, 0.0025809, 0.002081, 0, 0.002142, 0.0019475, 0.0021008, 0.0018252, 0.0015295, 0, 0.0015809, 0.0015678, 0.0014306, 0, 0, 0.0028201, 0.0021661, 0.0018942, 0.0028115, 0.0025874, 0.0018768, 0.0022636, 0.0024302, 0.0022569, 0, 0.0021544, 0.0018376, 0.0017292, 0.0008111, 0, 0.0021745, 0.0018392, 0.0013065, 0.0010173, 0.0015147, 0.0022545, 0.0036706, 0.0025226, 0.0020245, 0.0026633, 0.0025907, 0.0030564, 0.0030343, 0.0023309, 0, 0.00215, 0.0019797, 0.0015873, 0.0014003, 0.0015935, 0.0013663, 0.0011807, 0, 0.0020272, 0.0024652, 0, 0.0015014, 0, 0.0020931, 0.0026561, 0.0030205, 0, 0.0031544, 0.0028966, 0.0021116, 0.0026091, 0.0018152, 0.0022387, 0.0026796, 0.0027928, 0.0022101, 0.0019308, 0.0021041, 0.0019111, 0.0022334, 0.0023452, 0, 0.0021246, 0.0019911, 0.00249, 0.0022182, 0.0019474, 0, 0.0027995, 0.0029005, 0, 0.0025886, 0.0039873, 0.0030427, 0.0023311, 0.0026792, 0.0028053, 0, 0.0019898, 0.0017511, 0.0015148, 0.0017037, 0.0021378, 0.0026383, 0, 0.0025724, 0.0025254, 0.0024901, 0.0024288, 0.0024023, 0.0019498, 0.0022741, 0.0026936, 0.0025466, 0.0022309, 0.0027848, 0.0029389, 0, 0.0016367, 0.0011648, 0.0012464, 0, 0.0031825, 0.0036545, 0.0023625, 0.001859, 0.0019991, 0.0019267, 0.0017847, 0.0018712, 0, 0.0031323, 0, 0, 0, 0.0017794, 0.0012204, 0.001105, 0, 0.0021104, 0.0013791, 0.001657, 0.002476, 0.0023496, 0.0025216, 0.0024247, 0.0028643, 0.0029173, 0.0025927, 0.0024784, 0.0023938, 0.0024107, 0.0018757, 0.002028, 0.0025113, 0.0024472, 0.0033014, 0.0040386, 0, 0.0027171, 0.0020458, 0.0017232, 0.0022641, 0.0023385, 0.0022443, 0.0020703, 0.0015293, 0.0011982, 0, 0.0020082, 0.0018393, 0.0027181, 0.0030618, 0.0020432, 0.0016954, 0.0020074, 0.0012292, 0.0020401, 0.0027175, 0.0024606, 0.0020536, 0.0021729, 0.0026453, 0.0026436, 0.00178, 0.0019808, 0.0023879, 0.0028326, 0.0026557, 0.001706, 0.0016186, 0.0020867, 0.0018434, 0.0016277, 0.0010088, 0, 0, 0.0013285, 0.0020095, 0.0027029, 0.0024477, 0.001845, 0.0016063, 0.0019019, 0.0018319, 0.0021543, 0.0022593, 0, 0.001865, 0, 0, 0.0009879, 0, 0.0023704, 0.0025606, 0.0026216, 0, 0.0021295, 0, 0.0017323, 0.001847, 0.0016536, 0.0019794, 0.0019614, 0.0018005, 0.0017564, 0.002266, 0.0023659, 0.0022074, 0.0022618, 0.0021456, 0.0018894, 0, 0.0012898, 0.0016355, 0, 0.0016455, 0.0017351, 0.0019983, 0.0017859, 0, 0.0020291, 0.0023777, 0.0016807, 0.0017583, 0.0017926, 0.0015126, 0.0015521, 0.0017731, 0.0024941, 0.002841, 0.0020397, 0.0019286, 0.001674, 0.0020615, 0.0022416, 0, 0.001973, 0, 0.0013363, 0.002012, 0.0019646, 0.0022444, 0.0022746, 0.0023354, 0.0028132, 0.0022448, 0.0019752, 0.0024276, 0.0019352, 0.0026106, 0.00242, 0.0024484, 0.0023606, 0.0018257, 0, 0, 0.0023274, 0, 0.0023626, 0.0014736, 0, 0, 0.0033929, 0, 0.0018339, 0.0023834, 0.002282, 0.0019169, 0.0015074, 0.0012479, 0, 0.0024594, 0.0027222, 0.002724, 0.0023533, 0, 0, 0.0019013, 0.0019416, 0.0021645, 0.0020059, 0.0026181, 0.0030146, 0.0023879, 0.0026691, 0.002918, 0, 0.0026299, 0.0016988, 0.0021448, 0.003098, 0.002772, 0.0022459, 0.0019415, 0, 0.0019688, 0.0016446, 0.0014661, 0, 0.0028526, 0.0027904, 0.0022513, 0, 0, 0, 0.0016142, 0.0022236, 0.0021993, 0.002256, 0.002514, 0.0023516, 0.0024531, 0.002276, 0.0019873, 0.0017583, 0.001932, 0.0014213, 0.0009701, 0, 0.0026685, 0.0023792, 0.0021598, 0, 0.0013281, 0.0013706, 0, 0.0024954, 0.0026353, 0, 0.0014579, 0.0020802, 0.0020814, 0, 0.0028927, 0.0028197, 0, 0.0023661, 0.0022712, 0.0023463, 0, 0.0027401, 0, 0.0017736, 0.0018394, 0.0020503, 0.0024763, 0.0025325, 0.0031065, 0.0027134, 0.0022963, 0.0027981, 0.0028355, 0, 0.0020264, 0.0023268, 0.0015139, 0.0014529, 0.001891, 0.0020011, 0, 0.0023016, 0.0020706, 0, 0.0014484, 0, 0.0023441, 0.0018186, 0.0019719, 0.0023022, 0.002725, 0.0021113, 0.0014094, 0, 0, 0.0024824, 0.0017377, 0.002319, 0.0026437, 0.0025683, 0, 0.0023787, 0.0020716, 0, 0.0019802, 0.0016246, 0.0013945, 0.0015799, 0.0021543, 0.001803, 0.0013217, 0.0024482, 0.0025243, 0.0022343, 0.0030489, 0.0029542, 0.002737, 0.0024468, 0.0030156, 0.0031675, 0, 0.0023465, 0.0018524, 0, 0.0014288, 0, 0.0018841, 0.0020599, 0.0021877, 0.0017383, 0.0020465, 0.0017734, 0, 0.0020388, 0.0021227, 0.0021583, 0.0021255, 0, 0.0019944, 0.0026095, 0.0023163, 0.0016147, 0, 0.0035428, 0.0032272, 0.0021776, 0.0017347, 0.0017666, 0.0019786, 0.0022024, 0.0013488, 0.0016697, 0.0021355, 0.0018513, 0.0016152, 0.0014494, 0, 0.0015009, 0.0016359, 0, 0.0023429, 0.0021905, 0.0020527], [0.0007294, 0, 0.0011989, 0.0008406, 0.000866, 0.0003463, 0, 0.0003445, 0.0002976, 0, 0.0014, 0.0014461, 0.0020023, 0.0022694, 0.0032693, 0.0026908, 0.0018496, 0.0015258, 0, 0.0028062, 0.0026226, 0, 0.0021389, 0.0019677, 0.0009041, 0, 0.0024416, 0.0023027, 0.0020822, 0, 0.0017681, 0.0017613, 0.0018389, 0.0003286, 0.0017104, 0.0006369, 0.0024936, 0.0022305, 0.0018869, 0.0019421, 0.002218, 0.0019718, 0.0022448, 0.0026004, 0.0025107, 0, 0.0020517, 0.0023773, 0.0021941, 0.001865, 0.0020723, 0.0021198, 0.0016221, 0.00085, 0, 0.0020719, 0.0018909, 0.0016939, 0.0017217, 0.0024548, 0, 0.0023601, 0.0023049, 0, 0.0018244, 0.0020087, 0.0017751, 0.0026734, 0, 0, 0.0020578, 0.0018862, 0, 0.0025054, 0.0021943, 0.0024541, 0.0022021, 0.0025307, 0.0035392, 0.0029457, 0.0021885, 0.0029194, 0.0021737, 0.0028586, 0.0031077, 0, 0.0023656, 0.0017592, 0.0016075, 0.0019607, 0.0020409, 0.0021984, 0.0023547, 0.0021752, 0.0025121, 0.0027693, 0.0015907, 0.0018308, 0.0015637, 0.0015682, 0.0020485, 0.0022915, 0, 0.0033444, 0, 0.002327, 0.0022879, 0.0021473, 0.0018456, 0.0022809, 0.0024113, 0.0029451, 0.0020993, 0.002039, 0.0021524, 0.002672, 0.0022785, 0.0024204, 0.0023375, 0.0019489, 0.0020235, 0.0018213, 0.0010007, 0, 0.0017298, 0.0020706, 0.00168, 0, 0.0018179, 0.0021439, 0.0021653, 0.0017753, 0.0013415, 0, 0.003517, 0.0025654, 0.0018471, 0.0019442, 0.0020918, 0.0017528, 0.0014407, 0.0012762, 0, 0.0025427, 0.0026901, 0.0024616, 0, 0.0027372, 0.0016076, 0.0012282, 0, 0, 0.0018769, 0.0037117, 0.0027643, 0.0026824, 0.0028121, 0.0024591, 0.0022254, 0.0021599, 0, 0.0019837, 0.0015518, 0.0006297, 0, 0.0022624, 0.0023374, 0.0026242, 0.0025718, 0, 0, 0.0028, 0.001861, 0.0018704, 0.0013704, 0.002051, 0.002812, 0.0018495, 0.0020212, 0.0018065, 0.0020709, 0.0025982, 0.0023788, 0, 0.0018951, 0.0011356, 0, 0.0022191, 0.0017761, 0.0021816, 0.0017925, 0.0015047, 0, 0.0022668, 0, 0.0025881, 0.0027206, 0.0030784, 0.003084, 0.0021744, 0.0018534, 0, 0.0023827, 0.0023163, 0.0022869, 0.0021562, 0, 0.0019003, 0.0015296, 0, 0.0024424, 0.0021171, 0.0023218, 0.0024549, 0.002279, 0, 0, 0.001809, 0.0019095, 0.0020404, 0.0032638, 0.0034373, 0.003011, 0, 0.0021613, 0.0020831, 0.0021099, 0.0016509, 0, 0.0016894, 0.0018438, 0.0022501, 0.0017877, 0.0029627, 0.0032324, 0.0026882, 0.0032599, 0.0025347, 0.002111, 0, 0.0021252, 0.0016918, 0.0015732, 0.002598, 0.0032479, 0.0027266, 0.0026128, 0.0025246, 0.0031882, 0.0026159, 0.0020797, 0.0019804, 0.0021922, 0.0021603, 0, 0.0013502, 0, 0.0032163, 0.0031067, 0.0034759, 0.0026694, 0.0024507, 0.0022728, 0.0023807, 0.0019833, 0.0022105, 0.0021141, 0.002035, 0.0022931, 0.0025626, 0.002518, 0.0022508, 0.0024239, 0.0021369, 0.0026847, 0.0029527, 0.001295, 0.0015307, 0.0024912, 0.0029225, 0, 0.0020758, 0.0020938, 0.0022632, 0.0018042, 0.0020102, 0.0021799, 0.0014235, 0.0018117, 0.0027549, 0.0019769, 0.0022158, 0.0023632, 0.001474, 0.0013173, 0.0015598, 0.0014774, 0.0021596, 0.0024924, 0.0023072, 0.0025481, 0.0021285, 0.0018763, 0, 0, 0.0023005, 0.0025146, 0.0032855, 0.0032358, 0.0030291, 0, 0, 0, 0.0018499, 0.0024332, 0.0023069, 0.0015142, 0.0015291, 0.0018079, 0.0013642, 0.0006323, 0, 0.0019555, 0.0025025, 0.0027227, 0, 0, 0.0013928, 0.0020274, 0.0025204, 0.0023991, 0.0015784, 0.0011558, 0.0024723, 0.001488, 0.0017528, 0.0022978, 0.0021375, 0.0020305, 0.0018406, 0.0016824, 0, 0.0031317, 0, 0.0016774, 0.0020517, 0.0019677, 0, 0.0014501, 0.0014879, 0.0016196, 0.0021758, 0.0027796, 0.0025317, 0.0023675, 0, 0.0011951, 0.0018129, 0.0016942, 0.002211, 0.0023214, 0.0022239, 0.0023246, 0.0031048, 0.0033787, 0.0020122, 0.0013259, 0, 0.0034453, 0, 0.0016996, 0.001835, 0.0017051, 0.0016922, 0.001688, 0, 0.0016023, 0.001673, 0, 0.0027228, 0.0031179, 0.0024036, 0.0017761, 0.0013384, 0, 0, 0.0025618, 0.0030638, 0.0028163, 0.002832, 0.0025716, 0.0024136, 0, 0, 0, 0.0021864, 0.0021378, 0, 0.0019334, 0.0025991, 0.0023346, 0.0020491, 0.0024423, 0.0018616, 0.0015452, 0.0019463, 0.0022678, 0.0027326, 0.0025515, 0.0019227, 0.0017105, 0.001968, 0.0014617, 0.0019171, 0.00208, 0.0018516, 0, 0, 0.0029327, 0.0031561, 0.0021965, 0.0020491, 0.0017179, 0.002143, 0.0023401, 0.0017195, 0.0019285, 0.0024085, 0.0018931, 0.0023712, 0.0025276, 0.0018233, 0.0014788, 0.0015662, 0.0015751, 0.0021414, 0.0025581, 0.0024018, 0.001783, 0.0012985, 0, 0.0024395, 0.0016402, 0.0021847, 0.0031967, 0.003139, 0.0031402, 0.002708, 0.0024403, 0.0024947, 0.0024588, 0, 0.0015066, 0.0021882, 0.0023298, 0.0014579, 0, 0.0026438, 0.0025692, 0.0019015, 0.0023324, 0.0015385, 0.0014471, 0.0019551, 0.0020289, 0, 0, 0.0018414, 0.0020172, 0.0020917, 0, 0.0015747, 0.001343, 0.0010946, 0, 0, 0.0019692, 0.0020891, 0.0022879, 0, 0.0034321, 0.0029106, 0, 0.0028845, 0.0029485, 0.0025754, 0.001848, 0.0021603, 0.0021064, 0.0019066, 0.0018694, 0.0017003, 0.0023796, 0.0016337, 0.0016379, 0.0022527, 0.0023626, 0.0015325, 0.0019718, 0.0024821, 0.0025236, 0, 0.0024461, 0.0016981, 0.0021876, 0.0017594, 0.0018291, 0.0019439, 0.0028828, 0.0028179, 0.0023665, 0, 0.0027929, 0, 0.0023506, 0, 0.0025963, 0.0016982, 0.0014032, 0, 0.0019827, 0, 0.0017068, 0.0017232, 0.0016543, 0, 0, 0.0025428, 0, 0.0026906, 0.0029338, 0.0023228, 0.0017471, 0.0017401, 0.002631, 0.002603, 0.0022194, 0, 0.0029553, 0.0024478, 0.0022335, 0.001574, 0.0022303, 0.002721, 0.0018548, 0.0015713, 0, 0.0019451, 0.0014985, 0.0012311, 0, 0.0012528, 0, 0.0006999, 0, 0, 0.00336, 0.0028011, 0.0017553, 0.0015329], [0.0011794, 0, 0.0009646, 0.0008298, 0.0005972, 0.0002792, 3.3e-06, 0.0005875, 0.0004147, 0, 0.0027428, 0.0026928, 0.0025579, 0, 0.0024075, 0.0025027, 0.0022967, 0.0027504, 0.0031374, 0, 0.0021556, 0, 0.0023578, 0.0021846, 0.0015921, 0.002067, 0.0019393, 0.0019833, 0, 0.0030124, 0.0034859, 0.0021092, 0.0014405, 0.0003498, 0.0016725, 0.0005239, 0.0026984, 0.0030944, 0.0026235, 0.0023264, 0, 0.0018915, 0.002024, 0.0011175, 0.0013196, 0.0023975, 0.0030351, 0, 0.002204, 0.0029891, 0.0022935, 0.0022985, 0.0020631, 0.0013256, 0.0025531, 0.0027451, 0.0034411, 0.0025401, 0.0013771, 0.0016382, 0.001873, 0.0019328, 0, 0.0025606, 0.00252, 0.0017303, 0.0013676, 0.0020206, 0.0025611, 0.0025052, 0.0016015, 0.0017355, 0.0017446, 0.0020094, 0.0015786, 0.0019318, 0.0023528, 0, 0.0023995, 0.002116, 0.0026262, 0.0025182, 0, 0.0033387, 0.0010956, 0.0016533, 0.0021864, 0.0027093, 0.0027, 0, 0.0022374, 0.0018037, 0.002053, 0.0020564, 0.0022142, 0.0022958, 0, 0.0021649, 0.0021053, 0.0022547, 0.0021211, 0, 0.0027876, 0.002552, 0.0031626, 0.0027387, 0, 0.0018307, 0.0016569, 0, 0.0017336, 0.0025353, 0.0030405, 0.003034, 0.0024514, 0.0021943, 0.0022064, 0.002525, 0.0014896, 0.0010584, 0, 0.0018294, 0.0014867, 0.0023726, 0.0024128, 0.002822, 0.0022276, 0.0016973, 0, 0, 0.0027794, 0, 0, 0.0014543, 0.0010346, 0, 0, 0.0017831, 0.0021023, 0.0016978, 0.002499, 0.0027848, 0.0023398, 0.0022884, 0.0025089, 0.0020871, 0, 0.0028445, 0.0021817, 0.0022931, 0.0021546, 0.0014914, 0.0016717, 0.001696, 0.0018971, 0.0016853, 0, 0, 0.0029308, 0.0028209, 0, 0.0019888, 0.001881, 0.0015715, 0.001687, 0.0006026, 0, 0.0016777, 0.0017927, 0.0015932, 0, 0.0029651, 0.0017972, 0.0014507, 0, 0.0023585, 0.0019406, 0.0013557, 0.0019934, 0.0024454, 0.0016868, 0.0018163, 0.0029133, 0.0033503, 0.0025132, 0.0019269, 0, 0.0022241, 0.0021885, 0, 0.0014604, 0, 0.0027791, 0.002252, 0.0012408, 0.0022893, 0.0022947, 0.001769, 0.0021569, 0.0022964, 0.0018199, 0.0018554, 0.0025893, 0.0026741, 0.0022989, 0.0024052, 0.0021884, 0, 0.0025567, 0.0022819, 0.0023314, 0.0023422, 0.0022388, 0, 0, 0.0023983, 0.0018344, 0.0017324, 0.0020205, 0.0022261, 0.0031948, 0.003643, 0, 0, 0.0026835, 0.0024037, 0.0025734, 0.0019059, 0.0021778, 0.0030165, 0.0024208, 0.0022077, 0.0019166, 0.0019693, 0.0021643, 0.0020236, 0.0012541, 0, 0.0020114, 0.0028037, 0.0020891, 0.0024731, 0.0023124, 0.0022439, 0.0024833, 0.0025878, 0.0028137, 0.0024287, 0, 0, 0.0032003, 0.0013405, 0.0016207, 0.0021078, 0.0017474, 0.0016841, 0.0019059, 0.0024281, 0.001085, 0.0015525, 0.0017566, 0.0020177, 0.0019131, 0.0022117, 0.0021194, 0.0016984, 0.0017465, 0.0015536, 0.0022182, 0.0032273, 0.0025364, 0.0021204, 0, 0.00195, 0.0018387, 0.0024488, 0.0023928, 0, 0.0012271, 0.0016797, 0.0017764, 0.0018622, 0.0021316, 0.0021832, 0.0015676, 0.0022544, 0.0029826, 0, 0.0024867, 0.0023687, 0.0025592, 0.0020151, 0.0016943, 0, 0.0020036, 0.0018716, 0.0023489, 0.0030816, 0.0022476, 0.0017953, 0.0017654, 0.0022131, 0.0020566, 0.0017284, 0.0014383, 0.0020702, 0.0023099, 0, 0.0022396, 0.0026876, 0.0027864, 0.0028829, 0.0027966, 0.0022809, 0.0020788, 0, 0.001207, 0, 0.0022941, 0.0022286, 0.0025061, 0.0020375, 0.0019955, 0.0014184, 0.0015746, 0.0021954, 0.0018085, 0.0018491, 0.0023089, 0.0025856, 0.0027658, 0.0034598, 0.0027036, 0, 0.0036421, 0.0017948, 0.0009519, 0, 0.0031182, 0.0031347, 0, 0.0017837, 0, 0.0033606, 0.0024415, 0.0021076, 0, 0, 0.0019011, 0.0026178, 0.0025209, 0.0027861, 0.0018033, 0.0013455, 0.0015769, 0.0018251, 0.0022544, 0.0028683, 0.0027707, 0.0025466, 0.0020801, 0.0017089, 0.0027021, 0.0024554, 0.0025272, 0.0025414, 0.0028419, 0.0021822, 0.0022364, 0.0016414, 0.0013776, 0, 0, 0.0014223, 0.0014825, 0.0019887, 0.001933, 0.0013374, 0.0015564, 0.0016956, 0, 0.0022968, 0.002733, 0, 0.0018812, 0.0017388, 0, 0.002109, 0.0016333, 0.0018419, 0.002217, 0.0022403, 0.0018251, 0, 0.0014089, 0.0026564, 0.0020485, 0.0025542, 0.0024104, 0.0021794, 0, 0.0027672, 0.0030074, 0.001815, 0, 0.0033267, 0.002976, 0.0022855, 0.0018818, 0, 0.0024192, 0.0016725, 0.0022835, 0.0025438, 0.0022245, 0.0018544, 0.001628, 0, 0.0030205, 0.0019799, 0.0017869, 0.0026526, 0.0030522, 0.0028718, 0, 0.002231, 0.0023351, 0.0023323, 0, 0.0029667, 0.0033351, 0.0021855, 0.0022795, 0.0023341, 0.002506, 0.0024082, 0.0016968, 0, 0.0018425, 0.0019178, 0.001227, 0.0013255, 0.0016998, 0.0026822, 0.0020271, 0.0018404, 0.0019052, 0.0020817, 0.0021333, 0.0016406, 0.001772, 0.0013689, 0.0016218, 0.0021082, 0.0023423, 0.0019625, 0, 0.0026459, 0.0034566, 0, 0, 0.0017869, 0, 0, 0, 0.0014915, 0.0015203, 0.0015794, 0, 0, 0.0012194, 0.0012807, 0.0016419, 0.0021432, 0.0018303, 0.0018616, 0.0019263, 0, 0.0028564, 0.0027084, 0, 0.0019388, 0.0020313, 0.0017521, 0.0022758, 0.0034231, 0.0028336, 0.0023855, 0.002385, 0.0017274, 0.0016619, 0.0021761, 0.0024212, 0.0029159, 0.0033206, 0, 0.0022774, 0.0022026, 0.0024421, 0, 0, 0.0016382, 0.0014924, 0, 0.0012312, 0.0017165, 0.0019281, 0, 0, 0.0027249, 0.0019782, 0, 0, 0.0019212, 0.0018362, 0.0016422, 0, 0.0037655, 0.0027673, 0.0027331, 0.001735, 0.0017227, 0.0018863, 0.001794, 0.0024979, 0.0026861, 0.0023057, 0.0023934, 0.0025609, 0.0024461, 0, 0.0013631, 0.0017957, 0.0021007, 0.0030296, 0.002239, 0.0013918, 0.0012744, 0, 0, 0.0011355, 0, 0.0039181, 0, 0, 0.0029679, 0.0022007, 0.0021752, 0.003034, 0.0026222, 0.0022488, 0.0018035, 0.0015247, 0.0016772, 0.0014236, 0.0018659, 0.002354, 0.0022639, 0, 0.0022239], [0.001065, 1.9e-06, 0.0012038, 0.0007251, 0, 0.0002406, 0, 0.0011263, 0.0009325, 0, 0, 0, 0.0018878, 0.0024966, 0.0025257, 0, 0.0024832, 0.0030059, 0.0020514, 0.0022285, 0.0027837, 0.0025809, 0.0026787, 0.0023667, 0.0015311, 0.0013883, 0.0015961, 0.0022599, 0.002211, 0.0021391, 0.0025061, 0.0030464, 0.0029614, 0, 0.0021446, 0.0006652, 0.002104, 0.00243, 0.0008029, 0.0011949, 0.0020235, 0, 0.0029026, 0.0032787, 0.0030525, 0.0026028, 0.0022228, 0.0024646, 0.0029588, 0.0016928, 0.0012361, 0, 0.0011727, 0.0010658, 0.0019413, 0, 0.0028099, 0, 0.0025447, 0.0025436, 0.0020719, 0.001795, 0.0023448, 0.0026662, 0.0014056, 0.0012107, 0.0010535, 0, 0.0028114, 0.0033332, 0.0026555, 0.0022869, 0, 0.002361, 0.0017937, 0.002631, 0.0028329, 0.0029966, 0.0020914, 0.001992, 0.0021033, 0.0018946, 0, 0.0022834, 0, 0.0028939, 0.0021324, 0.0018143, 0.0024299, 0.0024597, 0.0020275, 0.0028629, 0.0028789, 0.0020658, 0.0017581, 0.0017746, 0, 0.0007279, 0, 0.0024291, 0.0027025, 0.0023177, 0, 0.0025074, 0.0014344, 0, 0.002439, 0.0019662, 0.0021434, 0.0025403, 0.0024841, 0, 0, 0.0021615, 0.0020055, 0, 0.0025086, 0.0020333, 0.0023238, 0.0023841, 0.0026727, 0.0020346, 0.0026456, 0.0021315, 0, 0.0015804, 0.0016444, 0.0017842, 0.0017743, 0.0017845, 0, 0.0019497, 0.0020861, 0.0023694, 0.0024065, 0.0020759, 0.0017966, 0, 0.0035483, 0.0019144, 0.0015826, 0, 0.0023535, 0.0014306, 0.0015808, 0.0016877, 0.0024191, 0.0021736, 0.001709, 0.00176, 0.0028289, 0.0034975, 0, 0, 0.0019835, 0.0024536, 0.0022942, 0.0021416, 0, 0.0018643, 0, 0.0023825, 0, 0.0032644, 0.0029659, 0.0029416, 0.002384, 0.0019877, 0.0019465, 0.0014221, 0.0013522, 0, 0.0025723, 0.0035947, 0.0022597, 0.0021929, 0.0021629, 0.0018404, 0.001965, 0.0021342, 0, 0, 0.0017694, 0.0018045, 0.0016903, 0.0020346, 0.0019393, 0.0017409, 0.0017319, 0.0016893, 0.0024029, 0.0024161, 0.0026482, 0.0023517, 0.0022269, 0.0026386, 0.0020752, 0.001743, 0.0025635, 0.0030152, 0, 0.001665, 0.0017414, 0, 0, 0, 0, 0.0019917, 0.0020537, 0.0024503, 0.0024137, 0.0026462, 0.0027012, 0.0024031, 0.0027344, 0.0020089, 0.0017058, 0.0022027, 0.0026629, 0.0029771, 0.0029859, 0, 0.0022106, 0.0021549, 0.0026662, 0.0036889, 0.0031388, 0.0027217, 0.0023475, 0.0021597, 0, 0.0025307, 0.0014605, 0.0018581, 0.0020868, 0, 0.0019344, 0.0020053, 0.001906, 0, 0.0020758, 0.002674, 0.0023408, 0.0021418, 0.0031163, 0.0024628, 0.0019348, 0, 0.0021033, 0.0023217, 0.001843, 0.0022291, 0.0023754, 0.0021547, 0.002059, 0.0025235, 0.0033083, 0.0024507, 0.0021754, 0.0014974, 0.0013744, 0.0014655, 0, 0.0023461, 0.0013956, 0, 0.0030774, 0.0030671, 0.0029957, 0.0027405, 0, 0.0023696, 0.0027757, 0, 0, 0.0025273, 0.0019006, 0.001816, 0.0016, 0.001733, 0.0015905, 0.0012845, 0.0010364, 0, 0, 0.0013581, 0.000757, 0.0015878, 0.0015762, 0, 0.0019206, 0.0018849, 0.0015386, 0.0016317, 0.0016719, 0, 0.0012248, 0.0016801, 0.0021026, 0.0019733, 0.0019638, 0.0018301, 0, 0, 0.0028659, 0.002385, 0.0016952, 0.0017833, 0.0018622, 0, 0.0025175, 0.0022604, 0.0020679, 0, 0.0030863, 0, 0.0024047, 0, 0.0018457, 0.0020016, 0.0026384, 0.0032651, 0.0020884, 0.0011042, 0.0010347, 0, 0.0021802, 0.0028197, 0.0031082, 0.0024755, 0.0022603, 0.0016878, 0.0021008, 0.0023153, 0.0024236, 0.0030776, 0.0024396, 0, 0.0023389, 0.001936, 0.0019682, 0.0026592, 0.00227, 0.0021865, 0.0018077, 0, 0.002731, 0, 0.0023221, 0.0021723, 0.00229, 0.002054, 0.0020627, 0.0022849, 0.0023006, 0.0022729, 0.0023566, 0.0022237, 0, 0.0022585, 0.0019382, 0.0018436, 0, 0.001975, 0.0022879, 0.0020821, 0.002098, 0.0025306, 0.0016796, 0.0011371, 0, 0, 0.0018596, 0.001763, 0.0018988, 0.0024473, 0.0023279, 0.0016595, 0, 0.0014357, 0.0015944, 0.001526, 0, 0.0022825, 0.0022063, 0.0012305, 0, 0, 0.0024179, 0.0016615, 0.0022273, 0.0029561, 0.0024588, 0.0020908, 0.001776, 0.0017329, 0.0017076, 0.0013524, 0, 0.0006245, 0, 0.0024265, 0.0019033, 0.0023252, 0.0023828, 0, 0.0032211, 0.0026291, 0.0034484, 0.0034997, 0, 0, 0.0015035, 0.0018814, 0.0019153, 0.0028094, 0.0026636, 0.0023618, 0.0026512, 0.0022025, 0.0020957, 0.0017824, 0.00187, 0.0019085, 0.0022059, 0.0024835, 0.0017563, 0.0018761, 0.0024007, 0.0029234, 0.0029067, 0, 0.0027626, 0.002397, 0.0023623, 0.0016523, 0.0027187, 0.0027401, 0.0023699, 0.0024633, 0.002882, 0.0020209, 0.0020054, 0.0022225, 0.0025521, 0.0026666, 0.0023416, 0.0017867, 0.0020664, 0.0016699, 0.0021286, 0.0024423, 0.0027532, 0.0022504, 0.0019798, 0.0017396, 0, 0.0019493, 0.0022241, 0.0017001, 0.0022971, 0.0033368, 0.0024639, 0.0015246, 0, 0.0021049, 0.0024754, 0.0027545, 0.0026943, 0.0026129, 0.0015173, 0.0021457, 0.0021105, 0.0018904, 0.0016031, 0, 0.0022984, 0.0021496, 0.0025691, 0.0018122, 0.002232, 0.0021598, 0.0017222, 0.0022214, 0.0019199, 0.0009176, 0.0010106, 0, 0, 0.0020241, 0, 0.0026778, 0.0026609, 0.0022435, 0.0023223, 0.0023505, 0, 0.0021928, 0, 0, 0, 0.0019694, 0.00269, 0.002737, 0.0021933, 0.0013865, 0.0017448, 0.0020629, 0.0016979, 0.0016655, 0.0017978, 0.0026155, 0.0025604, 0.002951, 0.0029405, 0.0022107, 0.0020764, 0.002716, 0.0041073, 0.0031981, 0.0017221, 0.0015678, 0.001443, 0.0017567, 0.0019203, 0.0028241, 0.0029532, 0, 0.0022123, 0, 0.0037061, 0, 0.0023674, 0.0025821, 0.0022422, 0.002105, 0, 0.0021347, 0.00179, 0, 0.0022918, 0.0015076, 0.0011761, 0, 0, 0.0024508, 0.0021648, 0, 0, 0.0018451, 0.0019887, 0.0019653, 0.0027233, 0.0023032, 0.001593, 0, 0.0016906, 0, 0.0022378, 0.0021064], [0.0005504, 1.7e-06, 0.0014825, 0.0009247, 0.0007305, 0.0002986, 0, 0.0004025, 0.0002903, 0, 0.0014951, 0.0018138, 0.0018708, 0.0020348, 0.0021931, 0.002277, 0, 0.0015675, 0.0020896, 0.0022611, 0.0025158, 0.0018009, 0.0017348, 0.0017921, 0, 0.0026207, 0.0021437, 0.0025213, 0.0032631, 0.0038541, 0.0022405, 0.0014338, 0.0015603, 0.0005287, 0.0025018, 0.0007236, 0.0014552, 0.0013662, 0, 0.0032407, 0, 0.0019149, 0.001901, 0.002037, 0.00212, 0, 0.0023617, 0.0017082, 0.0021729, 0.0026128, 0, 0, 0.0020418, 0.0016962, 0.0032252, 0.002776, 0.0024071, 0.002042, 0, 0.003165, 0, 0.0015615, 0.0022279, 0.0026762, 0.0026595, 0.0024703, 0.0015066, 0, 0.0027216, 0.0029415, 0.002367, 0.0019763, 0.0017764, 0.0016226, 0.0020197, 0.0018533, 0.0022199, 0.0016033, 0.0017998, 0.0022625, 0.0018346, 0.0019193, 0.0021336, 0.0011138, 0.0014227, 0.0020399, 0.0019366, 0.0018816, 0.0022582, 0.0019769, 0.0018618, 0.0021635, 0.0020865, 0.001628, 0, 0.0018215, 0.001797, 0.0015496, 0.0011109, 0, 0.0017851, 0.0022983, 0.002802, 0.0022518, 0.0018651, 0.0022524, 0.0019822, 0.0023225, 0.0018659, 0, 0.0023986, 0.0025948, 0, 0.0021101, 0.0021751, 0.0021343, 0.0018066, 0.0020783, 0.0019609, 0, 0, 0, 0.0019153, 0.0018515, 0.0020928, 0.0015528, 0.002316, 0.0015204, 0.0011319, 0, 0.0033527, 0.0027161, 0.0019087, 0, 0.0023621, 0.0029965, 0.0021953, 0.0026488, 0.0022491, 0, 0.0024376, 0.0015189, 0.0019004, 0.0023576, 0.0026931, 0.0022478, 0.0019911, 0.0017788, 0.0023104, 0.0022736, 0.0013768, 0.0016723, 0.0023047, 0.0024093, 0, 0.0027678, 0.0021401, 0.0024392, 0.0023885, 0.0021614, 0, 0.0022467, 0.0031661, 0.0025952, 0.0021648, 0, 0.0025147, 0.0030346, 0, 0.0020358, 0.0019622, 0.0019012, 0, 0, 0.0026158, 0.0022639, 0, 0.0022623, 0.0022832, 0.0019229, 0.0019922, 0.0019566, 0.0021119, 0.0015788, 0.0014808, 0.0015478, 0.0015031, 0.0021311, 0.0028028, 0.0029492, 0, 0.002759, 0.002273, 0.0014564, 0.0010693, 0, 0.0016415, 0.0016897, 0.0015883, 0.0014964, 0, 0.0020929, 0.0022647, 0.0022352, 0, 0.0011218, 0.0023876, 0.0020207, 0.0022523, 0.0027751, 0.0023349, 0.0023641, 0.0022945, 0.0025054, 0.0026069, 0.0010731, 0, 0.0011249, 0.0010278, 0, 0, 0.0018485, 0, 0.0026276, 0.0017509, 0.0015212, 0, 0.0021384, 0.0019549, 0.0019482, 0.0019356, 0.0020271, 0.001623, 0, 0.0030785, 0.0027671, 0.0018956, 0.0019873, 0.0019285, 0.0019908, 0.0019872, 0.0021788, 0.0020084, 0, 0.002025, 0.0019294, 0.0020839, 0.0023061, 0.002213, 0, 0.0017344, 0.0018408, 0.0025293, 0.0026068, 0, 0.0019649, 0.0024513, 0.0025332, 0.002566, 0.002196, 0.001682, 0, 0, 0.0017412, 0, 0, 0.0023161, 0.0018494, 0.0017741, 0.0024489, 0.0019452, 0, 0.0028122, 0.0026932, 0.002497, 0.0020482, 0.0019299, 0, 0.0030835, 0.0021579, 0.0021895, 0.0027243, 0.0026679, 0.0018263, 0.0018013, 0.0019115, 0.0028852, 0.0034587, 0.0027965, 0, 0.0022313, 0.0023562, 0.0016935, 0.002502, 0.0036419, 0.0035225, 0.0021466, 0.0018078, 0.0020711, 0.0023534, 0.0028503, 0.0024831, 0.0020666, 0, 0.0024359, 0, 0, 0, 0.0024487, 0.0026301, 0.0022786, 0.0021489, 0.0029096, 0.0026897, 0.0018802, 0.0015572, 0.0018957, 0.0020561, 0, 0.0023477, 0.0018383, 0.0025932, 0.0019021, 0.0020159, 0.0015991, 0.0011428, 0.0015535, 0.0027934, 0.0022113, 0.0022953, 0.003051, 0.0025091, 0, 0.0022124, 0.00168, 0.0022416, 0.0027964, 0.0032788, 0.0033731, 0, 0.0026888, 0.0021542, 0.0022839, 0.0028882, 0.0032199, 0.0026098, 0.0026409, 0.0025471, 0.0027517, 0.0024961, 0.002284, 0, 0.0020649, 0.0024502, 0.0029383, 0.0031556, 0.0038661, 0.0047221, 0.0018193, 0.002156, 0.002035, 0.0016704, 0.0009781, 0, 0, 0.0026491, 0.0028211, 0.0034965, 0.002561, 0.0021266, 0.0020655, 0.001819, 0, 0.0034271, 0.001718, 0.0014312, 0.001287, 0.0019864, 0.0019824, 0, 0.0019127, 0.0019554, 0.0017064, 0.0019698, 0.0020636, 0, 0.0023256, 0.0022809, 0.0027789, 0.0024896, 0.0027412, 0.0030278, 0.0033158, 0.0027532, 0, 0.0021262, 0.0017929, 0.0021995, 0.0019963, 0.0018513, 0, 0.0020326, 0.0013417, 0.0024022, 0.0022066, 0.001626, 0.0016397, 0.0021331, 0.0022469, 0.002532, 0.0031421, 0.0031778, 0.0016726, 0.0016228, 0.0022086, 0.0031028, 0.0022698, 0, 0.0022131, 0.002957, 0.0033149, 0.0028142, 0.0027327, 0, 0.0020796, 0, 0.0024737, 0.0018925, 0.002465, 0.0025193, 0, 0, 0.0016549, 0.003096, 0.0032199, 0.0028047, 0.0024373, 0.0020229, 0.0021728, 0.0011474, 0, 0.0014588, 0.0018323, 0.0035153, 0.0033659, 0.0022759, 0.0018083, 0, 0.0027637, 0, 0.0033092, 0.0024855, 0.002713, 0.0028681, 0.0029313, 0.0026982, 0.0019707, 0.0018078, 0.0017273, 0, 0.0021297, 0.0021511, 0.0017814, 0.002636, 0.0023502, 0.0023106, 0.0019495, 0.0014164, 0.0018366, 0.0018453, 0.0014178, 0.0015101, 0.001469, 0, 0, 0.001978, 0.0017212, 0.0016393, 0, 0, 0, 0.002307, 0, 0.0019914, 0, 0.0035715, 0, 0.0022653, 0.0021308, 0.002095, 0.0018211, 0.0026012, 0.0022606, 0, 0, 0.0029966, 0.0016604, 0.0015215, 0.0019842, 0.0017346, 0.0017155, 0.0018554, 0.0017982, 0.0018741, 0.0018771, 0, 0, 0, 0.0024704, 0.0030749, 0.002422, 0.0018368, 0.0012095, 0, 0.0024251, 0.0024905, 0.0026013, 0, 0.0030277, 0.0024849, 0, 0.0017637, 0.0020428, 0.0022023, 0.0019191, 0, 0, 0.0021919, 0, 0.0011116, 0.0022506, 0.0024214, 0.002947, 0.0033333, 0.0024136, 0.0029888, 0.0017531, 0.0024615, 0.0026704, 0.0026054, 0.00313, 0.0026144, 0, 0, 0, 0.0020884, 0.0024309, 0, 0.0014849, 0.0017899, 0, 0.0015774, 0.0014979, 0.0017302, 0.0014995, 0, 0, 0.0024448, 0.0021847, 0], [0.0003835, 0, 0.0009398, 0.0008907, 0.0008002, 0, 0, 0.0007281, 0.0005724, 0, 0.0029105, 0.0031886, 0, 0.0016174, 0.0022433, 0.0025097, 0.0025202, 0.0020051, 0.0022205, 0.0022246, 0.0023216, 0.0023417, 0.0021518, 0.0020351, 0.0017574, 0.0030401, 0.003338, 0.0022656, 0.0021715, 0.0018718, 0.0018312, 0.0023036, 0.0027925, 0.0004839, 0.0033996, 0.0010396, 0.0034057, 0.0023027, 0.0017688, 0.0023895, 0.0026559, 0.0024587, 0.0019468, 0.0016549, 0.0017486, 0.001964, 0.0029293, 0.001836, 0.0017763, 0.0023855, 0.0027323, 0.0025168, 0.002165, 0.0015696, 0.0020527, 0.0016571, 0.0019762, 0.0018243, 0, 0.001838, 0.0020758, 0.0022164, 0.0023759, 0.0033359, 0.0025148, 0.0021746, 0.0017047, 0.0018527, 0.0015306, 0, 0, 0, 0.0027692, 0.0017892, 0.0023532, 0.0030512, 0.0022816, 0.0020729, 0.0027734, 0.0028016, 0.0024341, 0, 0.0021227, 0.0022898, 0.002062, 0.0018861, 0.0016594, 0.0019844, 0.0018251, 0.0025989, 0.0018706, 0, 0.0014225, 0.0012214, 0, 0.002503, 0.0021716, 0.0019871, 0.0019084, 0, 0.0019127, 0.0022276, 0.0014606, 0.0019594, 0.002943, 0.002513, 0.001781, 0.0015122, 0, 0.0028074, 0, 0, 0.002266, 0, 0.0021267, 0.0033482, 0.0030863, 0.0021356, 0.0019097, 0.0018912, 0.0017874, 0, 0, 0.0021661, 0.0027776, 0.0026404, 0.0027806, 0.0030833, 0.0016054, 0.0016227, 0.0024839, 0.0028462, 0.0030324, 0.0025228, 0.0019168, 0, 0.0031733, 0.0029249, 0, 0.0023846, 0.0029587, 0.0030301, 0, 0.0018231, 0.0015739, 0, 0.0024437, 0, 0.0020457, 0.0015279, 0.0024149, 0.0033301, 0.0022283, 0.0026649, 0.0024057, 0.0017888, 0.002362, 0.0025672, 0.0024942, 0, 0.0012743, 0.0016135, 0.0021586, 0.0027247, 0.0023443, 0, 0.0022375, 0.0028871, 0, 0.0027606, 0.0024744, 0.0022078, 0.0022253, 0.0021798, 0, 0, 0.0042772, 0.0037195, 0.0029103, 0.0024485, 0, 0.0019008, 0, 0.0025443, 0.0019636, 0.0015785, 0, 0.0023194, 0.0018822, 0.0017442, 0.0016985, 0.0018423, 0.0016299, 0.0020694, 0.0028686, 0.0021746, 0.0018394, 0, 0, 0.0017398, 0.0018799, 0.0022993, 0.002174, 0.0024439, 0.0028819, 0.0022245, 0.0019477, 0.0019534, 0.0018587, 0.0018124, 0.0023251, 0.0015177, 0.001438, 0.0017903, 0.0013392, 0, 0.001988, 0.0018665, 0.0024982, 0.0023499, 0.0023285, 0.0024985, 0.0014299, 0.0008, 0.0023911, 0.0022825, 0.0021188, 0, 0.0020685, 0.0024895, 0.0024104, 0.0018958, 0, 0.0020426, 0.001554, 0.0022281, 0.0028806, 0.0029225, 0.0021083, 0.0018115, 0.0021212, 0.0029268, 0.0019273, 0.0020786, 0.0035831, 0.0030057, 0.0025898, 0, 0.0024835, 0.0024004, 0.0024045, 0, 0, 0.0022634, 0.0024439, 0.0018105, 0.0020565, 0.003153, 0.0025342, 0.0026952, 0.0028129, 0.0027945, 0.0035219, 0.0030834, 0.002578, 0, 0.0022443, 0.0021097, 0.0023815, 0.002764, 0.0027513, 0.0021029, 0.0018099, 0.0017564, 0, 0.0025548, 0.0024631, 0, 0.0021147, 0.0023368, 0, 0.0019893, 0.0028851, 0.0017575, 0.0018134, 0.002083, 0.0015103, 0, 0.0015027, 0.0013263, 0.001424, 0.0015264, 0.0019369, 0.0022551, 0.0022376, 0.0028718, 0.0025142, 0, 0.0026145, 0, 0.002056, 0.001888, 0.0017263, 0, 0.0022253, 0.0028, 0.0024505, 0.0021741, 0.002001, 0, 0.0006473, 0, 0, 0.0017328, 0, 0.0031864, 0.0030729, 0.0020941, 0.0033038, 0.0029425, 0.0033973, 0.0034078, 0.0024738, 0.0029767, 0.0027688, 0.0029852, 0.0023411, 0.0020246, 0.0022993, 0.0023019, 0.0026834, 0.0024625, 0.0023148, 0.0011028, 0, 0.0017417, 0.0019853, 0.0019174, 0, 0.0029073, 0.0033873, 0.0033094, 0, 0.0034346, 0, 0.0020615, 0.0020265, 0.0015486, 0, 0.0025115, 0.0021403, 0.0017496, 0.0021931, 0.0025682, 0.0027477, 0.00226, 0.0016097, 0.0019328, 0.0019118, 0.0021228, 0.0026337, 0.0024755, 0.0022644, 0, 0.0018638, 0.0018798, 0, 0.0027154, 0.0028427, 0, 0, 0, 0.0014565, 0, 0.0016118, 0, 0.0020113, 0, 0, 0.0018416, 0.0022407, 0.0017946, 0.0018884, 0.0017149, 0, 0, 0.0015698, 0, 0.0025964, 0.0020615, 0.00178, 0.0020231, 0.0020392, 0, 0.002319, 0.0025699, 0, 0.0015104, 0.0017443, 0.0018925, 0.0023161, 0.0026185, 0, 0, 0, 0.0023362, 0.0026463, 0.0024712, 0.0025831, 0.0030405, 0.0028771, 0.002675, 0, 0.001797, 0.0015777, 0.0015579, 0, 0, 0.0026445, 0.0022275, 0.0014897, 0.0017631, 0.0028251, 0.0017292, 0.0010013, 0, 0.0022132, 0.0020784, 0.0018693, 0.0019507, 0.0020707, 0.0023455, 0.0022365, 0.0019186, 0.0016685, 0.0015016, 0, 0.0022898, 0.0024073, 0.0022204, 0.0019389, 0.0026857, 0.0028239, 0.0023571, 0.0018608, 0.0019107, 0.0018449, 0, 0.0021723, 0.0016252, 0.0019632, 0.0024135, 0.0026048, 0, 0.0026109, 0.0022547, 0.0019622, 0.0026565, 0.0027253, 0.0023767, 0, 0.0027946, 0.0019219, 0.0017076, 0.0018687, 0.0016924, 0, 0.0025781, 0.0025693, 0.0016714, 0.0017042, 0.0014442, 0.0010185, 0.0019467, 0.0020002, 0.0024734, 0.0020897, 0, 0, 0, 0.0015207, 0.0018015, 0.0023113, 0.0018327, 0.0018473, 0.002334, 0.0021205, 0.0026761, 0.0035506, 0.0028143, 0.002395, 0.0022995, 0, 0.0016472, 0.0016161, 0.0011665, 0.0021813, 0.002788, 0, 0.001749, 0, 0.0013128, 0, 0.0017556, 0, 0.0017304, 0.0020089, 0.0021808, 0.002285, 0, 0, 0.0022265, 0, 0.0032332, 0.0024936, 0.0017895, 0.0017011, 0.0022004, 0.0021534, 0.0017852, 0.001443, 0.0017313, 0.0018838, 0, 0.0029274, 0, 0.0015081, 0.0027533, 0.0029111, 0, 0, 0.0026579, 0.002479, 0.0020375, 0, 0.0015204, 0.001613, 0.0022825, 0.0022083, 0.0014356, 0.0022946, 0.0022333, 0.0018245, 0.002189, 0.0023931, 0.0033195, 0.0022326, 0.0011863, 0.0014176, 0.0019816, 0.0021555, 0, 0, 0.0020742, 0.0020325, 0.0018119, 0, 0, 0.0021304, 0], [0.0011329, 0, 0.0014449, 0.0009956, 0.0009799, 0.0003591, 0, 0.0005369, 0.000296, 0, 0, 0.0009565, 0.0006989, 0, 0.0020392, 0.0016408, 0, 0.001806, 0.0025193, 0.0026875, 0, 0.0024454, 0.0021033, 0, 0.0015215, 0.0020082, 0.0023698, 0.002378, 0, 0.0020349, 0, 0, 0.0019274, 0.0003587, 0.0023497, 0.0007362, 0.0031411, 0.0026013, 0, 0, 0, 0.0022301, 0.0024189, 0.0017664, 0, 0.0031069, 0, 0.0027141, 0.0022085, 0.0025496, 0.0020489, 0.0018565, 0.0015507, 0.0011709, 0.0019063, 0, 0.0010821, 0.0019311, 0.0018142, 0.0019945, 0.0021914, 0.0016949, 0, 0.002815, 0.0022744, 0.0020978, 0.0015004, 0.0023519, 0.0025625, 0.0021946, 0.0018276, 0.0017584, 0, 0.0015536, 0, 0, 0.0027633, 0.0024032, 0.0020019, 0.0016645, 0.001793, 0.0020403, 0.0024429, 0.0026124, 0.0020356, 0, 0.0019233, 0.0024165, 0.0023697, 0.0026638, 0.0026374, 0.0020199, 0.0023466, 0.0019006, 0.0018848, 0.0027902, 0.0025116, 0.0017421, 0, 0.002052, 0.0029262, 0.0031341, 0.0031119, 0.0024929, 0.0026521, 0.0020108, 0.0017187, 0.0015253, 0, 0.0017656, 0, 0.0033055, 0.0022702, 0.0019125, 0.0018779, 0, 0.0015327, 0.0020566, 0.002291, 0.0021815, 0, 0.0018696, 0.0019666, 0, 0.0020062, 0.0028597, 0.0029899, 0, 0.0018713, 0.0017758, 0, 0.0020583, 0.0023918, 0.0028794, 0.0027699, 0.0027769, 0.001872, 0.0013222, 0, 0.003824, 0.0035256, 0, 0.0028705, 0.0028704, 0, 0.0026245, 0, 0.0023997, 0, 0.0015661, 0.0014981, 0.0019707, 0.0019268, 0.0016719, 0.0019941, 0.0021995, 0, 0.0019611, 0.0017889, 0.0018374, 0.0018347, 0, 0, 0.0017693, 0.0015397, 0, 0.0023897, 0.0019714, 0, 0.0014509, 0.002153, 0.0026501, 0.0022853, 0.0022982, 0.0022492, 0.0022461, 0.0022885, 0, 0, 0, 0.0016765, 0.0020114, 0.0016839, 0.0019674, 0.0023995, 0.002361, 0.0018432, 0, 0.0018818, 0.0014849, 0, 0.0023673, 0.0022496, 0.0021798, 0.0020607, 0, 0.0018529, 0.0015017, 0, 0.0033167, 0.0033474, 0.00281, 0, 0.0024932, 0.0030057, 0.0019973, 0.0015904, 0, 0.0011709, 0.0017119, 0.0028696, 0.0032984, 0.0018382, 0.0019626, 0.0017774, 0.0015335, 0.001451, 0.0021303, 0.0021456, 0, 0, 0.0018437, 0.0025448, 0.0024027, 0, 0.0033706, 0.0027919, 0.0026273, 0.0031618, 0.0025219, 0.0019944, 0.0026389, 0.0022565, 0.0025638, 0.0029636, 0.0027011, 0.0019367, 0.0016284, 0, 0.0032855, 0.0024514, 0.0031967, 0.0029206, 0.0027023, 0, 0.0020314, 0.0014534, 0.0018752, 0.001857, 0.002636, 0.0034127, 0.0027747, 0.0016673, 0.0016264, 0.0022086, 0.0018634, 0.0021363, 0.0023191, 0.0021355, 0.0025493, 0.0020508, 0.0014647, 0, 0.0011345, 0.001423, 0.0014954, 0, 0.0015643, 0.0017718, 0.0016318, 0.002001, 0.002351, 0.0023958, 0.0021653, 0.0019275, 0.0016599, 0.0014249, 0.0009981, 0, 0.0029113, 0.002036, 0.0022066, 0.0021672, 0.0020223, 0.0019053, 0, 0.0019605, 0.0022884, 0.0027128, 0.003194, 0.0030927, 0.0026495, 0, 0.0022715, 0.0019244, 0.0017346, 0.0017394, 0.0020362, 0.002628, 0.0031618, 0.002792, 0, 0.0022425, 0.0019557, 0.0018439, 0, 0, 0.0028275, 0.0025337, 0.0022781, 0.0029688, 0.002172, 0.0014497, 0.0015608, 0.0024807, 0.0029873, 0.0025262, 0.0023221, 0, 0.0024689, 0.0022362, 0.0024361, 0.0019232, 0.0025836, 0.0021811, 0.0019598, 0.0023004, 0.002501, 0.0023327, 0.002436, 0.0029603, 0.0024054, 0.0015194, 0.0018995, 0.0019411, 0.0016763, 0.0020094, 0.0022433, 0.0022493, 0, 0.0022368, 0.0022098, 0.0021034, 0, 0, 0, 0.0022733, 0.0025106, 0.001869, 0.0015648, 0.0017979, 0.0019264, 0, 0.0026486, 0.0016197, 0.0017216, 0.0020157, 0.0024463, 0.0026051, 0, 0, 0, 0.0021433, 0.0017855, 0.0020428, 0.0019259, 0.0018521, 0.0024535, 0.0027796, 0, 0.0027134, 0.0033923, 0.003746, 0.0031678, 0, 0.0030757, 0.0029774, 0, 0.00228, 0.0020159, 0.0017285, 0.0024498, 0.001983, 0.0019215, 0.0018906, 0, 0.0026443, 0.0024621, 0.0028232, 0.0029473, 0, 0.0010396, 0, 0.0032159, 0, 0.0023823, 0.0023716, 0.0020433, 0.0018415, 0.002333, 0.0025952, 0.0026346, 0.0019895, 0.0019562, 0.0019936, 0, 0.0018708, 0.0018998, 0.0020903, 0.0021734, 0, 0.0032712, 0.0024722, 0.0028311, 0.003186, 0.0022775, 0.0020879, 0.0023649, 0.0025622, 0.0019848, 0.0023547, 0.0024972, 0, 0.0024063, 0.0023971, 0, 0.0022922, 0.0019718, 0, 0.002965, 0.0026047, 0.0025721, 0.0023208, 0, 0.0026534, 0.0026951, 0.0016864, 0.0014512, 0.0020611, 0.0021997, 0.0016254, 0.0014008, 0, 0.0015074, 0, 0.0021264, 0.0026952, 0.0023125, 0.0030665, 0.002134, 0.0018763, 0.0026744, 0.002097, 0.0017941, 0.0021875, 0.0015787, 0.0011648, 0, 0.0022714, 0.0023963, 0.0024753, 0.0022308, 0.0025616, 0.0027527, 0.0022297, 0.0028291, 0.0027195, 0.0030147, 0.0020379, 0.0021507, 0.0025216, 0.0020192, 0.0022336, 0.0021621, 0, 0, 0.0014469, 0.0017157, 0, 0, 0.0024847, 0.001838, 0, 0.0024431, 0.0030388, 0.0028478, 0.0022214, 0.0021374, 0.0013588, 0.0019557, 0.0025721, 0.0020049, 0, 0.0033032, 0.0029235, 0, 0, 0.0017618, 0, 0.0023536, 0, 0.0029112, 0.0023681, 0.0032213, 0.0034704, 0.0027941, 0.0027313, 0.0035893, 0.0039845, 0, 0.0020855, 0.0023736, 0.0023496, 0, 0.0036074, 0.0025288, 0, 0.0021379, 0.002864, 0.0029018, 0, 0.0025675, 0.0020849, 0.0015543, 0.0008645, 0, 0.0027438, 0.0015934, 0.0009217, 0, 0.0018349, 0.0020902, 0.0018377, 0.0025012, 0.0027263, 0, 0.0007787, 0, 0.0033394, 0.0028056, 0.0023105, 0, 0.0020142, 0, 0, 0.0023197, 0.0020821, 0.002703, 0.0024741, 0.0026462, 0.0039253, 0.0029426, 0.0023137, 0, 0.0022375, 0.0022122, 0, 0.002649, 0.0030132, 0.0029754]]}})
      ok  37.0 s  auprc=0.8439967028359462

B4 done: 10 fits, 0 failed, 640.0 metered seconds.
2026-10-06 08:08:24  END run_hardware_b4.py exit=0
2026-10-06 08:08:24  launcher done: B5 exit 0, B4 exit 0
